ISO-10303-21;
HEADER;
FILE_DESCRIPTION(('FreeCAD Model'),'2;1');
FILE_NAME('Open CASCADE Shape Model','2026-10-02T10:58:26',('FreeCAD'),(
    'FreeCAD'),'Open CASCADE STEP processor 7.8','FreeCAD','Unknown');
FILE_SCHEMA(('AUTOMOTIVE_DESIGN { 1 0 10303 214 1 1 1 1 }'));
ENDSEC;
DATA;
#1 = APPLICATION_PROTOCOL_DEFINITION('international standard',
  'automotive_design',2000,#2);
#2 = APPLICATION_CONTEXT(
  'core data for automotive mechanical design processes');
#3 = SHAPE_DEFINITION_REPRESENTATION(#4,#10);
#4 = PRODUCT_DEFINITION_SHAPE('','',#5);
#5 = PRODUCT_DEFINITION('design','',#6,#9);
#6 = PRODUCT_DEFINITION_FORMATION('','',#7);
#7 = PRODUCT('Open CASCADE STEP translator 7.8 3',
  'Open CASCADE STEP translator 7.8 3','',(#8));
#8 = PRODUCT_CONTEXT('',#2,'mechanical');
#9 = PRODUCT_DEFINITION_CONTEXT('part definition',#2,'design');
#10 = ADVANCED_BREP_SHAPE_REPRESENTATION('',(#11,#15),#19608);
#11 = AXIS2_PLACEMENT_3D('',#12,#13,#14);
#12 = CARTESIAN_POINT('',(0.,0.,0.));
#13 = DIRECTION('',(0.,0.,1.));
#14 = DIRECTION('',(1.,0.,-0.));
#15 = MANIFOLD_SOLID_BREP('',#16);
#16 = CLOSED_SHELL('',(#17,#57,#88,#119,#4851,#9583,#9600,#9617,#9634,
    #9651,#9668,#9685,#9702,#9719,#9736,#9753,#9770,#9787,#9804,#9821,
    #9838,#9855,#9872,#9889,#9906,#9923,#9940,#9957,#9974,#9991,#10008,
    #10025,#10042,#10059,#10076,#10093,#10110,#10127,#10144,#10161,
    #10178,#10195,#10212,#10229,#10246,#10263,#10280,#10297,#10314,
    #10331,#10348,#10365,#10382,#10399,#10416,#10433,#10450,#10467,
    #10484,#10501,#10518,#10535,#10552,#10569,#10586,#10603,#10620,
    #10637,#10654,#10671,#10688,#10705,#10722,#10739,#10756,#10773,
    #10790,#10807,#10824,#10841,#10858,#10875,#10892,#10909,#10926,
    #10943,#10960,#10977,#10994,#11011,#11028,#11045,#11062,#11079,
    #11096,#11113,#11130,#11147,#11164,#11181,#11198,#11215,#11232,
    #11249,#11266,#11283,#11300,#11317,#11334,#11351,#11368,#11385,
    #11402,#11419,#11436,#11453,#11470,#11487,#11504,#11521,#11538,
    #11555,#11572,#11589,#11606,#11623,#11640,#11657,#11674,#11691,
    #11708,#11725,#11742,#11759,#11776,#11793,#11810,#11827,#11844,
    #11861,#11878,#11895,#11912,#11929,#11946,#11963,#11980,#11997,
    #12014,#12031,#12048,#12065,#12082,#12099,#12116,#12133,#12150,
    #12167,#12184,#12201,#12218,#12235,#12252,#12269,#12286,#12303,
    #12320,#12337,#12354,#12371,#12388,#12405,#12422,#12439,#12456,
    #12473,#12490,#12507,#12524,#12541,#12558,#12575,#12592,#12609,
    #12626,#12643,#12660,#12677,#12694,#12711,#12728,#12745,#12762,
    #12779,#12796,#12813,#12830,#12847,#12864,#12881,#12898,#12915,
    #12932,#12949,#12966,#12983,#13000,#13017,#13034,#13051,#13068,
    #13085,#13102,#13119,#13136,#13153,#13170,#13187,#13204,#13221,
    #13238,#13255,#13272,#13289,#13306,#13323,#13340,#13357,#13374,
    #13391,#13408,#13425,#13442,#13459,#13476,#13493,#13510,#13527,
    #13544,#13561,#13578,#13595,#13612,#13629,#13646,#13663,#13680,
    #13697,#13714,#13731,#13748,#13765,#13782,#13799,#13816,#13833,
    #13850,#13867,#13884,#13901,#13918,#13935,#13952,#13969,#13986,
    #14003,#14020,#14037,#14054,#14071,#14088,#14105,#14122,#14139,
    #14156,#14173,#14190,#14207,#14224,#14241,#14258,#14275,#14292,
    #14309,#14326,#14343,#14360,#14377,#14394,#14411,#14428,#14445,
    #14462,#14479,#14496,#14513,#14530,#14547,#14564,#14581,#14598,
    #14615,#14632,#14649,#14666,#14683,#14700,#14717,#14734,#14751,
    #14768,#14785,#14802,#14819,#14836,#14853,#14870,#14887,#14904,
    #14921,#14938,#14955,#14972,#14989,#15006,#15023,#15040,#15057,
    #15074,#15091,#15108,#15125,#15142,#15159,#15176,#15193,#15210,
    #15227,#15244,#15261,#15278,#15295,#15312,#15329,#15346,#15363,
    #15380,#15397,#15414,#15431,#15448,#15465,#15482,#15499,#15516,
    #15533,#15550,#15567,#15584,#15601,#15618,#15635,#15652,#15669,
    #15686,#15703,#15720,#15737,#15754,#15771,#15788,#15805,#15822,
    #15839,#15856,#15873,#15890,#15907,#15924,#15941,#15958,#15975,
    #15992,#16009,#16026,#16043,#16060,#16077,#16094,#16111,#16128,
    #16145,#16162,#16179,#16196,#16213,#16230,#16247,#16264,#16281,
    #16298,#16315,#16332,#16349,#16366,#16383,#16400,#16417,#16434,
    #16451,#16468,#16485,#16502,#16519,#16536,#16553,#16570,#16587,
    #16604,#16621,#16638,#16655,#16672,#16689,#16706,#16723,#16740,
    #16757,#16774,#16791,#16808,#16825,#16842,#16859,#16876,#16893,
    #16910,#16927,#16944,#16961,#16978,#16995,#17012,#17029,#17046,
    #17063,#17080,#17097,#17114,#17131,#17148,#17165,#17182,#17199,
    #17216,#17233,#17250,#17267,#17284,#17301,#17318,#17335,#17352,
    #17369,#17386,#17403,#17420,#17437,#17454,#17471,#17488,#17505,
    #17522,#17539,#17556,#17573,#17590,#17607,#17624,#17641,#17658,
    #17675,#17692,#17709,#17726,#17743,#17760,#17777,#17794,#17811,
    #17828,#17845,#17862,#17879,#17896,#17913,#17930,#17947,#17964,
    #17981,#17998,#18015,#18032,#18049,#18066,#18083,#18100,#18117,
    #18134,#18151,#18168,#18185,#18202,#18219,#18236,#18253,#18270,
    #18287,#18304,#18321,#18338,#18355,#18372,#18389,#18406,#18423,
    #18440,#18457,#18474,#18491,#18508,#18525,#18542,#18559,#18576,
    #18593,#18610,#18627,#18644,#18661,#18678,#18695,#18712,#18729,
    #18746,#18763,#18780,#18797,#18814,#18831,#18848,#18865,#18882,
    #18899,#18916,#18933,#18950,#18967,#18984,#19001,#19018,#19035,
    #19052,#19069,#19086,#19103,#19120,#19137,#19154,#19171,#19188,
    #19205,#19222,#19239,#19256,#19273,#19290,#19307,#19324,#19341,
    #19358,#19375,#19392,#19409,#19426,#19443,#19460,#19477,#19494,
    #19511,#19528,#19545,#19562,#19579,#19591));
#17 = ADVANCED_FACE('',(#18),#52,.F.);
#18 = FACE_BOUND('',#19,.F.);
#19 = EDGE_LOOP('',(#20,#30,#38,#46));
#20 = ORIENTED_EDGE('',*,*,#21,.T.);
#21 = EDGE_CURVE('',#22,#24,#26,.T.);
#22 = VERTEX_POINT('',#23);
#23 = CARTESIAN_POINT('',(10.060335292523,-1.14248798769,0.));
#24 = VERTEX_POINT('',#25);
#25 = CARTESIAN_POINT('',(10.060335292523,-1.14248798769,8.));
#26 = LINE('',#27,#28);
#27 = CARTESIAN_POINT('',(10.060335292523,-1.14248798769,0.));
#28 = VECTOR('',#29,1.);
#29 = DIRECTION('',(0.,0.,1.));
#30 = ORIENTED_EDGE('',*,*,#31,.T.);
#31 = EDGE_CURVE('',#24,#32,#34,.T.);
#32 = VERTEX_POINT('',#33);
#33 = CARTESIAN_POINT('',(11.204282356452,-1.272398745244,8.));
#34 = LINE('',#35,#36);
#35 = CARTESIAN_POINT('',(10.060335292523,-1.14248798769,8.));
#36 = VECTOR('',#37,1.);
#37 = DIRECTION('',(0.993613362224,-0.112838319772,0.));
#38 = ORIENTED_EDGE('',*,*,#39,.F.);
#39 = EDGE_CURVE('',#40,#32,#42,.T.);
#40 = VERTEX_POINT('',#41);
#41 = CARTESIAN_POINT('',(11.204282356452,-1.272398745244,0.));
#42 = LINE('',#43,#44);
#43 = CARTESIAN_POINT('',(11.204282356452,-1.272398745244,0.));
#44 = VECTOR('',#45,1.);
#45 = DIRECTION('',(0.,0.,1.));
#46 = ORIENTED_EDGE('',*,*,#47,.F.);
#47 = EDGE_CURVE('',#22,#40,#48,.T.);
#48 = LINE('',#49,#50);
#49 = CARTESIAN_POINT('',(10.060335292523,-1.14248798769,0.));
#50 = VECTOR('',#51,1.);
#51 = DIRECTION('',(0.993613362224,-0.112838319772,0.));
#52 = PLANE('',#53);
#53 = AXIS2_PLACEMENT_3D('',#54,#55,#56);
#54 = CARTESIAN_POINT('',(10.060335292523,-1.14248798769,0.));
#55 = DIRECTION('',(0.112838319772,0.993613362224,-0.));
#56 = DIRECTION('',(0.993613362224,-0.112838319772,0.));
#57 = ADVANCED_FACE('',(#58),#83,.F.);
#58 = FACE_BOUND('',#59,.F.);
#59 = EDGE_LOOP('',(#60,#70,#76,#77));
#60 = ORIENTED_EDGE('',*,*,#61,.T.);
#61 = EDGE_CURVE('',#62,#64,#66,.T.);
#62 = VERTEX_POINT('',#63);
#63 = CARTESIAN_POINT('',(10.004062843834,-1.560240884163,0.));
#64 = VERTEX_POINT('',#65);
#65 = CARTESIAN_POINT('',(10.004062843834,-1.560240884163,8.));
#66 = LINE('',#67,#68);
#67 = CARTESIAN_POINT('',(10.004062843834,-1.560240884163,0.));
#68 = VECTOR('',#69,1.);
#69 = DIRECTION('',(0.,0.,1.));
#70 = ORIENTED_EDGE('',*,*,#71,.T.);
#71 = EDGE_CURVE('',#64,#24,#72,.T.);
#72 = LINE('',#73,#74);
#73 = CARTESIAN_POINT('',(10.004062843834,-1.560240884163,8.));
#74 = VECTOR('',#75,1.);
#75 = DIRECTION('',(0.133497018349,0.991049214768,0.));
#76 = ORIENTED_EDGE('',*,*,#21,.F.);
#77 = ORIENTED_EDGE('',*,*,#78,.F.);
#78 = EDGE_CURVE('',#62,#22,#79,.T.);
#79 = LINE('',#80,#81);
#80 = CARTESIAN_POINT('',(10.004062843834,-1.560240884163,0.));
#81 = VECTOR('',#82,1.);
#82 = DIRECTION('',(0.133497018349,0.991049214768,0.));
#83 = PLANE('',#84);
#84 = AXIS2_PLACEMENT_3D('',#85,#86,#87);
#85 = CARTESIAN_POINT('',(10.004062843834,-1.560240884163,0.));
#86 = DIRECTION('',(-0.991049214768,0.133497018349,0.));
#87 = DIRECTION('',(0.133497018349,0.991049214768,0.));
#88 = ADVANCED_FACE('',(#89),#114,.F.);
#89 = FACE_BOUND('',#90,.F.);
#90 = EDGE_LOOP('',(#91,#92,#100,#108));
#91 = ORIENTED_EDGE('',*,*,#39,.T.);
#92 = ORIENTED_EDGE('',*,*,#93,.T.);
#93 = EDGE_CURVE('',#32,#94,#96,.T.);
#94 = VERTEX_POINT('',#95);
#95 = CARTESIAN_POINT('',(11.364110672478,-1.272524038201,8.));
#96 = LINE('',#97,#98);
#97 = CARTESIAN_POINT('',(11.204282356452,-1.272398745244,8.));
#98 = VECTOR('',#99,1.);
#99 = DIRECTION('',(0.999999692733,-7.839219114714E-04,0.));
#100 = ORIENTED_EDGE('',*,*,#101,.F.);
#101 = EDGE_CURVE('',#102,#94,#104,.T.);
#102 = VERTEX_POINT('',#103);
#103 = CARTESIAN_POINT('',(11.364110672478,-1.272524038201,0.));
#104 = LINE('',#105,#106);
#105 = CARTESIAN_POINT('',(11.364110672478,-1.272524038201,0.));
#106 = VECTOR('',#107,1.);
#107 = DIRECTION('',(0.,0.,1.));
#108 = ORIENTED_EDGE('',*,*,#109,.F.);
#109 = EDGE_CURVE('',#40,#102,#110,.T.);
#110 = LINE('',#111,#112);
#111 = CARTESIAN_POINT('',(11.204282356452,-1.272398745244,0.));
#112 = VECTOR('',#113,1.);
#113 = DIRECTION('',(0.999999692733,-7.839219114714E-04,0.));
#114 = PLANE('',#115);
#115 = AXIS2_PLACEMENT_3D('',#116,#117,#118);
#116 = CARTESIAN_POINT('',(11.204282356452,-1.272398745244,0.));
#117 = DIRECTION('',(7.839219114714E-04,0.999999692733,-0.));
#118 = DIRECTION('',(0.999999692733,-7.839219114714E-04,0.));
#119 = ADVANCED_FACE('',(#120,#4835),#4846,.F.);
#120 = FACE_BOUND('',#121,.F.);
#121 = EDGE_LOOP('',(#122,#123,#124,#132,#140,#148,#156,#164,#172,#180,
    #188,#196,#204,#212,#220,#228,#236,#244,#252,#260,#268,#276,#284,
    #292,#300,#308,#316,#324,#332,#340,#348,#356,#364,#372,#380,#388,
    #396,#404,#412,#420,#428,#436,#444,#452,#460,#468,#476,#484,#492,
    #500,#508,#516,#524,#532,#540,#548,#556,#564,#572,#580,#588,#596,
    #604,#612,#620,#628,#636,#644,#652,#660,#668,#676,#684,#692,#700,
    #708,#716,#724,#732,#740,#748,#756,#764,#772,#780,#788,#796,#804,
    #812,#820,#828,#836,#844,#852,#860,#868,#876,#884,#892,#900,#908,
    #916,#924,#932,#940,#948,#956,#964,#972,#980,#988,#996,#1004,#1012,
    #1020,#1028,#1036,#1044,#1052,#1060,#1068,#1076,#1084,#1092,#1100,
    #1108,#1116,#1124,#1132,#1140,#1148,#1156,#1164,#1172,#1180,#1188,
    #1196,#1204,#1212,#1220,#1228,#1236,#1244,#1252,#1260,#1268,#1276,
    #1284,#1292,#1300,#1308,#1316,#1324,#1332,#1340,#1348,#1356,#1364,
    #1372,#1380,#1388,#1396,#1404,#1412,#1420,#1428,#1436,#1444,#1452,
    #1460,#1468,#1476,#1484,#1492,#1500,#1508,#1516,#1524,#1532,#1540,
    #1548,#1556,#1564,#1572,#1580,#1588,#1596,#1604,#1612,#1620,#1628,
    #1636,#1644,#1652,#1660,#1668,#1676,#1684,#1692,#1700,#1708,#1716,
    #1724,#1732,#1740,#1748,#1756,#1764,#1772,#1780,#1788,#1796,#1804,
    #1812,#1820,#1828,#1836,#1844,#1852,#1860,#1868,#1876,#1884,#1892,
    #1900,#1908,#1916,#1924,#1932,#1940,#1948,#1956,#1964,#1972,#1980,
    #1988,#1996,#2004,#2012,#2020,#2028,#2036,#2044,#2052,#2060,#2068,
    #2076,#2084,#2092,#2100,#2108,#2116,#2124,#2132,#2140,#2148,#2156,
    #2164,#2172,#2180,#2188,#2196,#2204,#2212,#2220,#2228,#2236,#2244,
    #2252,#2260,#2268,#2276,#2284,#2292,#2300,#2308,#2316,#2324,#2332,
    #2340,#2348,#2356,#2364,#2372,#2380,#2388,#2396,#2404,#2412,#2420,
    #2428,#2436,#2444,#2452,#2460,#2468,#2476,#2484,#2492,#2500,#2508,
    #2516,#2524,#2532,#2540,#2548,#2556,#2564,#2572,#2580,#2588,#2596,
    #2604,#2612,#2620,#2628,#2636,#2644,#2652,#2660,#2668,#2676,#2684,
    #2692,#2700,#2708,#2716,#2724,#2732,#2740,#2748,#2756,#2764,#2772,
    #2780,#2788,#2796,#2804,#2812,#2820,#2828,#2836,#2844,#2852,#2860,
    #2868,#2876,#2884,#2892,#2900,#2908,#2916,#2924,#2932,#2940,#2948,
    #2956,#2964,#2972,#2980,#2988,#2996,#3004,#3012,#3020,#3028,#3036,
    #3044,#3052,#3060,#3068,#3076,#3084,#3092,#3100,#3108,#3116,#3124,
    #3132,#3140,#3148,#3156,#3164,#3172,#3180,#3188,#3196,#3204,#3212,
    #3220,#3228,#3236,#3244,#3252,#3260,#3268,#3276,#3284,#3292,#3300,
    #3308,#3316,#3324,#3332,#3340,#3348,#3356,#3364,#3372,#3380,#3388,
    #3396,#3404,#3412,#3420,#3428,#3436,#3444,#3452,#3460,#3468,#3476,
    #3484,#3492,#3500,#3508,#3516,#3524,#3532,#3540,#3548,#3556,#3564,
    #3572,#3580,#3588,#3596,#3604,#3612,#3620,#3628,#3636,#3644,#3652,
    #3660,#3668,#3676,#3684,#3692,#3700,#3708,#3716,#3724,#3732,#3740,
    #3748,#3756,#3764,#3772,#3780,#3788,#3796,#3804,#3812,#3820,#3828,
    #3836,#3844,#3852,#3860,#3868,#3876,#3884,#3892,#3900,#3908,#3916,
    #3924,#3932,#3940,#3948,#3956,#3964,#3972,#3980,#3988,#3996,#4004,
    #4012,#4020,#4028,#4036,#4044,#4052,#4060,#4068,#4076,#4084,#4092,
    #4100,#4108,#4116,#4124,#4132,#4140,#4148,#4156,#4164,#4172,#4180,
    #4188,#4196,#4204,#4212,#4220,#4228,#4236,#4244,#4252,#4260,#4268,
    #4276,#4284,#4292,#4300,#4308,#4316,#4324,#4332,#4340,#4348,#4356,
    #4364,#4372,#4380,#4388,#4396,#4404,#4412,#4420,#4428,#4436,#4444,
    #4452,#4460,#4468,#4476,#4484,#4492,#4500,#4508,#4516,#4524,#4532,
    #4540,#4548,#4556,#4564,#4572,#4580,#4588,#4596,#4604,#4612,#4620,
    #4628,#4636,#4644,#4652,#4660,#4668,#4676,#4684,#4692,#4700,#4708,
    #4716,#4724,#4732,#4740,#4748,#4756,#4764,#4772,#4780,#4788,#4796,
    #4804,#4812,#4820,#4828,#4834));
#122 = ORIENTED_EDGE('',*,*,#47,.T.);
#123 = ORIENTED_EDGE('',*,*,#109,.T.);
#124 = ORIENTED_EDGE('',*,*,#125,.T.);
#125 = EDGE_CURVE('',#102,#126,#128,.T.);
#126 = VERTEX_POINT('',#127);
#127 = CARTESIAN_POINT('',(11.525572897424,-1.25751456162,0.));
#128 = LINE('',#129,#130);
#129 = CARTESIAN_POINT('',(11.364110672478,-1.272524038201,0.));
#130 = VECTOR('',#131,1.);
#131 = DIRECTION('',(0.995707052239,9.256060782807E-02,0.));
#132 = ORIENTED_EDGE('',*,*,#133,.T.);
#133 = EDGE_CURVE('',#126,#134,#136,.T.);
#134 = VERTEX_POINT('',#135);
#135 = CARTESIAN_POINT('',(11.688029224477,-1.232253458089,0.));
#136 = LINE('',#137,#138);
#137 = CARTESIAN_POINT('',(11.525572897424,-1.25751456162,0.));
#138 = VECTOR('',#139,1.);
#139 = DIRECTION('',(0.988125594969,0.15364832758,0.));
#140 = ORIENTED_EDGE('',*,*,#141,.T.);
#141 = EDGE_CURVE('',#134,#142,#144,.T.);
#142 = VERTEX_POINT('',#143);
#143 = CARTESIAN_POINT('',(11.851205636944,-1.19839914344,0.));
#144 = LINE('',#145,#146);
#145 = CARTESIAN_POINT('',(11.688029224477,-1.232253458089,0.));
#146 = VECTOR('',#147,1.);
#147 = DIRECTION('',(0.979148745014,0.203144616314,0.));
#148 = ORIENTED_EDGE('',*,*,#149,.T.);
#149 = EDGE_CURVE('',#142,#150,#152,.T.);
#150 = VERTEX_POINT('',#151);
#151 = CARTESIAN_POINT('',(12.014911770345,-1.156869955583,0.));
#152 = LINE('',#153,#154);
#153 = CARTESIAN_POINT('',(11.851205636944,-1.19839914344,0.));
#154 = VECTOR('',#155,1.);
#155 = DIRECTION('',(0.96929708909,0.245892564105,0.));
#156 = ORIENTED_EDGE('',*,*,#157,.T.);
#157 = EDGE_CURVE('',#150,#158,#160,.T.);
#158 = VERTEX_POINT('',#159);
#159 = CARTESIAN_POINT('',(12.178993663862,-1.108260454223,0.));
#160 = LINE('',#161,#162);
#161 = CARTESIAN_POINT('',(12.014911770345,-1.156869955583,0.));
#162 = VECTOR('',#163,1.);
#163 = DIRECTION('',(0.958809820167,0.284048814031,0.));
#164 = ORIENTED_EDGE('',*,*,#165,.T.);
#165 = EDGE_CURVE('',#158,#166,#168,.T.);
#166 = VERTEX_POINT('',#167);
#167 = CARTESIAN_POINT('',(12.343316917213,-1.052989982741,0.));
#168 = LINE('',#169,#170);
#169 = CARTESIAN_POINT('',(12.178993663862,-1.108260454223,0.));
#170 = VECTOR('',#171,1.);
#171 = DIRECTION('',(0.947821427294,0.318801728293,0.));
#172 = ORIENTED_EDGE('',*,*,#173,.T.);
#173 = EDGE_CURVE('',#166,#174,#176,.T.);
#174 = VERTEX_POINT('',#175);
#175 = CARTESIAN_POINT('',(12.507758943115,-0.991371139094,0.));
#176 = LINE('',#177,#178);
#177 = CARTESIAN_POINT('',(12.343316917213,-1.052989982741,0.));
#178 = VECTOR('',#179,1.);
#179 = DIRECTION('',(0.936416983035,0.35088920457,0.));
#180 = ORIENTED_EDGE('',*,*,#181,.T.);
#181 = EDGE_CURVE('',#174,#182,#184,.T.);
#182 = VERTEX_POINT('',#183);
#183 = CARTESIAN_POINT('',(12.672204845778,-0.923646318345,0.));
#184 = LINE('',#185,#186);
#185 = CARTESIAN_POINT('',(12.507758943115,-0.991371139094,0.));
#186 = VECTOR('',#187,1.);
#187 = DIRECTION('',(0.924654732981,0.380806545079,0.));
#188 = ORIENTED_EDGE('',*,*,#189,.T.);
#189 = EDGE_CURVE('',#182,#190,#192,.T.);
#190 = VERTEX_POINT('',#191);
#191 = CARTESIAN_POINT('',(12.836545008172,-0.850009209616,0.));
#192 = LINE('',#193,#194);
#193 = CARTESIAN_POINT('',(12.672204845778,-0.923646318345,0.));
#194 = VECTOR('',#195,1.);
#195 = DIRECTION('',(0.912576923398,0.408905073191,0.));
#196 = ORIENTED_EDGE('',*,*,#197,.T.);
#197 = EDGE_CURVE('',#190,#198,#200,.T.);
#198 = VERTEX_POINT('',#199);
#199 = CARTESIAN_POINT('',(13.000673580415,-0.770618359216,0.));
#200 = LINE('',#201,#202);
#201 = CARTESIAN_POINT('',(12.836545008172,-0.850009209616,0.));
#202 = VECTOR('',#203,1.);
#203 = DIRECTION('',(0.900215587309,0.435444481382,0.));
#204 = ORIENTED_EDGE('',*,*,#205,.T.);
#205 = EDGE_CURVE('',#198,#206,#208,.T.);
#206 = VERTEX_POINT('',#207);
#207 = CARTESIAN_POINT('',(13.164487483828,-0.68560619399,0.));
#208 = LINE('',#209,#210);
#209 = CARTESIAN_POINT('',(13.000673580415,-0.770618359216,0.));
#210 = VECTOR('',#211,1.);
#211 = DIRECTION('',(0.887595892574,0.460622981935,0.));
#212 = ORIENTED_EDGE('',*,*,#213,.T.);
#213 = EDGE_CURVE('',#206,#214,#216,.T.);
#214 = VERTEX_POINT('',#215);
#215 = CARTESIAN_POINT('',(13.327885729112,-0.595085279735,0.));
#216 = LINE('',#217,#218);
#217 = CARTESIAN_POINT('',(13.164487483828,-0.68560619399,0.));
#218 = VECTOR('',#219,1.);
#219 = DIRECTION('',(0.874738201192,0.48459578968,0.));
#220 = ORIENTED_EDGE('',*,*,#221,.T.);
#221 = EDGE_CURVE('',#214,#222,#224,.T.);
#222 = VERTEX_POINT('',#223);
#223 = CARTESIAN_POINT('',(13.49076893553,-0.49915281042,0.));
#224 = LINE('',#225,#226);
#225 = CARTESIAN_POINT('',(13.327885729112,-0.595085279735,0.));
#226 = VECTOR('',#227,1.);
#227 = DIRECTION('',(0.861659398796,0.507487024925,0.));
#228 = ORIENTED_EDGE('',*,*,#229,.T.);
#229 = EDGE_CURVE('',#222,#230,#232,.T.);
#230 = VERTEX_POINT('',#231);
#231 = CARTESIAN_POINT('',(13.49897422225,-0.166417988932,0.));
#232 = LINE('',#233,#234);
#233 = CARTESIAN_POINT('',(13.49076893553,-0.49915281042,0.));
#234 = VECTOR('',#235,1.);
#235 = DIRECTION('',(2.465264354143E-02,0.999696077399,0.));
#236 = ORIENTED_EDGE('',*,*,#237,.T.);
#237 = EDGE_CURVE('',#230,#238,#240,.T.);
#238 = VERTEX_POINT('',#239);
#239 = CARTESIAN_POINT('',(13.49897422225,0.166417988932,0.));
#240 = LINE('',#241,#242);
#241 = CARTESIAN_POINT('',(13.49897422225,-0.166417988932,0.));
#242 = VECTOR('',#243,1.);
#243 = DIRECTION('',(0.,1.,0.));
#244 = ORIENTED_EDGE('',*,*,#245,.T.);
#245 = EDGE_CURVE('',#238,#246,#248,.T.);
#246 = VERTEX_POINT('',#247);
#247 = CARTESIAN_POINT('',(13.49076893553,0.49915281042,0.));
#248 = LINE('',#249,#250);
#249 = CARTESIAN_POINT('',(13.49897422225,0.166417988932,0.));
#250 = VECTOR('',#251,1.);
#251 = DIRECTION('',(-2.465264354143E-02,0.999696077399,0.));
#252 = ORIENTED_EDGE('',*,*,#253,.T.);
#253 = EDGE_CURVE('',#246,#254,#256,.T.);
#254 = VERTEX_POINT('',#255);
#255 = CARTESIAN_POINT('',(13.327885729112,0.595085279735,0.));
#256 = LINE('',#257,#258);
#257 = CARTESIAN_POINT('',(13.49076893553,0.49915281042,0.));
#258 = VECTOR('',#259,1.);
#259 = DIRECTION('',(-0.861659398796,0.507487024925,0.));
#260 = ORIENTED_EDGE('',*,*,#261,.T.);
#261 = EDGE_CURVE('',#254,#262,#264,.T.);
#262 = VERTEX_POINT('',#263);
#263 = CARTESIAN_POINT('',(13.164487483828,0.68560619399,0.));
#264 = LINE('',#265,#266);
#265 = CARTESIAN_POINT('',(13.327885729112,0.595085279735,0.));
#266 = VECTOR('',#267,1.);
#267 = DIRECTION('',(-0.874738201192,0.48459578968,0.));
#268 = ORIENTED_EDGE('',*,*,#269,.T.);
#269 = EDGE_CURVE('',#262,#270,#272,.T.);
#270 = VERTEX_POINT('',#271);
#271 = CARTESIAN_POINT('',(13.000673580415,0.770618359216,0.));
#272 = LINE('',#273,#274);
#273 = CARTESIAN_POINT('',(13.164487483828,0.68560619399,0.));
#274 = VECTOR('',#275,1.);
#275 = DIRECTION('',(-0.887595892574,0.460622981935,0.));
#276 = ORIENTED_EDGE('',*,*,#277,.T.);
#277 = EDGE_CURVE('',#270,#278,#280,.T.);
#278 = VERTEX_POINT('',#279);
#279 = CARTESIAN_POINT('',(12.836545008172,0.850009209616,0.));
#280 = LINE('',#281,#282);
#281 = CARTESIAN_POINT('',(13.000673580415,0.770618359216,0.));
#282 = VECTOR('',#283,1.);
#283 = DIRECTION('',(-0.900215587309,0.435444481382,0.));
#284 = ORIENTED_EDGE('',*,*,#285,.T.);
#285 = EDGE_CURVE('',#278,#286,#288,.T.);
#286 = VERTEX_POINT('',#287);
#287 = CARTESIAN_POINT('',(12.672204845778,0.923646318345,0.));
#288 = LINE('',#289,#290);
#289 = CARTESIAN_POINT('',(12.836545008172,0.850009209616,0.));
#290 = VECTOR('',#291,1.);
#291 = DIRECTION('',(-0.912576923398,0.408905073191,0.));
#292 = ORIENTED_EDGE('',*,*,#293,.T.);
#293 = EDGE_CURVE('',#286,#294,#296,.T.);
#294 = VERTEX_POINT('',#295);
#295 = CARTESIAN_POINT('',(12.507758943115,0.991371139094,0.));
#296 = LINE('',#297,#298);
#297 = CARTESIAN_POINT('',(12.672204845778,0.923646318345,0.));
#298 = VECTOR('',#299,1.);
#299 = DIRECTION('',(-0.924654732981,0.380806545079,0.));
#300 = ORIENTED_EDGE('',*,*,#301,.T.);
#301 = EDGE_CURVE('',#294,#302,#304,.T.);
#302 = VERTEX_POINT('',#303);
#303 = CARTESIAN_POINT('',(12.343316917213,1.052989982741,0.));
#304 = LINE('',#305,#306);
#305 = CARTESIAN_POINT('',(12.507758943115,0.991371139094,0.));
#306 = VECTOR('',#307,1.);
#307 = DIRECTION('',(-0.936416983035,0.35088920457,0.));
#308 = ORIENTED_EDGE('',*,*,#309,.T.);
#309 = EDGE_CURVE('',#302,#310,#312,.T.);
#310 = VERTEX_POINT('',#311);
#311 = CARTESIAN_POINT('',(12.178993663862,1.108260454223,0.));
#312 = LINE('',#313,#314);
#313 = CARTESIAN_POINT('',(12.343316917213,1.052989982741,0.));
#314 = VECTOR('',#315,1.);
#315 = DIRECTION('',(-0.947821427294,0.318801728293,0.));
#316 = ORIENTED_EDGE('',*,*,#317,.T.);
#317 = EDGE_CURVE('',#310,#318,#320,.T.);
#318 = VERTEX_POINT('',#319);
#319 = CARTESIAN_POINT('',(12.014911770345,1.156869955583,0.));
#320 = LINE('',#321,#322);
#321 = CARTESIAN_POINT('',(12.178993663862,1.108260454223,0.));
#322 = VECTOR('',#323,1.);
#323 = DIRECTION('',(-0.958809820167,0.284048814031,0.));
#324 = ORIENTED_EDGE('',*,*,#325,.T.);
#325 = EDGE_CURVE('',#318,#326,#328,.T.);
#326 = VERTEX_POINT('',#327);
#327 = CARTESIAN_POINT('',(11.851205636944,1.19839914344,0.));
#328 = LINE('',#329,#330);
#329 = CARTESIAN_POINT('',(12.014911770345,1.156869955583,0.));
#330 = VECTOR('',#331,1.);
#331 = DIRECTION('',(-0.96929708909,0.245892564105,0.));
#332 = ORIENTED_EDGE('',*,*,#333,.T.);
#333 = EDGE_CURVE('',#326,#334,#336,.T.);
#334 = VERTEX_POINT('',#335);
#335 = CARTESIAN_POINT('',(11.688029224477,1.232253458089,0.));
#336 = LINE('',#337,#338);
#337 = CARTESIAN_POINT('',(11.851205636944,1.19839914344,0.));
#338 = VECTOR('',#339,1.);
#339 = DIRECTION('',(-0.979148745014,0.203144616314,0.));
#340 = ORIENTED_EDGE('',*,*,#341,.T.);
#341 = EDGE_CURVE('',#334,#342,#344,.T.);
#342 = VERTEX_POINT('',#343);
#343 = CARTESIAN_POINT('',(11.525572897424,1.25751456162,0.));
#344 = LINE('',#345,#346);
#345 = CARTESIAN_POINT('',(11.688029224477,1.232253458089,0.));
#346 = VECTOR('',#347,1.);
#347 = DIRECTION('',(-0.988125594969,0.15364832758,0.));
#348 = ORIENTED_EDGE('',*,*,#349,.T.);
#349 = EDGE_CURVE('',#342,#350,#352,.T.);
#350 = VERTEX_POINT('',#351);
#351 = CARTESIAN_POINT('',(11.364110672478,1.272524038201,0.));
#352 = LINE('',#353,#354);
#353 = CARTESIAN_POINT('',(11.525572897424,1.25751456162,0.));
#354 = VECTOR('',#355,1.);
#355 = DIRECTION('',(-0.995707052239,9.256060782807E-02,0.));
#356 = ORIENTED_EDGE('',*,*,#357,.T.);
#357 = EDGE_CURVE('',#350,#358,#360,.T.);
#358 = VERTEX_POINT('',#359);
#359 = CARTESIAN_POINT('',(11.204282356452,1.272398745244,0.));
#360 = LINE('',#361,#362);
#361 = CARTESIAN_POINT('',(11.364110672478,1.272524038201,0.));
#362 = VECTOR('',#363,1.);
#363 = DIRECTION('',(-0.999999692733,-7.839219114714E-04,0.));
#364 = ORIENTED_EDGE('',*,*,#365,.T.);
#365 = EDGE_CURVE('',#358,#366,#368,.T.);
#366 = VERTEX_POINT('',#367);
#367 = CARTESIAN_POINT('',(10.060335292523,1.14248798769,0.));
#368 = LINE('',#369,#370);
#369 = CARTESIAN_POINT('',(11.204282356452,1.272398745244,0.));
#370 = VECTOR('',#371,1.);
#371 = DIRECTION('',(-0.993613362224,-0.112838319772,0.));
#372 = ORIENTED_EDGE('',*,*,#373,.T.);
#373 = EDGE_CURVE('',#366,#374,#376,.T.);
#374 = VERTEX_POINT('',#375);
#375 = CARTESIAN_POINT('',(10.004062843834,1.560240884163,0.));
#376 = LINE('',#377,#378);
#377 = CARTESIAN_POINT('',(10.060335292523,1.14248798769,0.));
#378 = VECTOR('',#379,1.);
#379 = DIRECTION('',(-0.133497018349,0.991049214768,0.));
#380 = ORIENTED_EDGE('',*,*,#381,.T.);
#381 = EDGE_CURVE('',#374,#382,#384,.T.);
#382 = VERTEX_POINT('',#383);
#383 = CARTESIAN_POINT('',(9.930450964083,1.975289510413,0.));
#384 = LINE('',#385,#386);
#385 = CARTESIAN_POINT('',(10.004062843834,1.560240884163,0.));
#386 = VECTOR('',#387,1.);
#387 = DIRECTION('',(-0.174631932517,0.984633783772,0.));
#388 = ORIENTED_EDGE('',*,*,#389,.T.);
#389 = EDGE_CURVE('',#382,#390,#392,.T.);
#390 = VERTEX_POINT('',#391);
#391 = CARTESIAN_POINT('',(9.839627240243,2.386914488009,0.));
#392 = LINE('',#393,#394);
#393 = CARTESIAN_POINT('',(9.930450964083,1.975289510413,0.));
#394 = VECTOR('',#395,1.);
#395 = DIRECTION('',(-0.215464167822,0.976511747182,0.));
#396 = ORIENTED_EDGE('',*,*,#397,.T.);
#397 = EDGE_CURVE('',#390,#398,#400,.T.);
#398 = VERTEX_POINT('',#399);
#399 = CARTESIAN_POINT('',(9.731749091528,2.794402372519,0.));
#400 = LINE('',#401,#402);
#401 = CARTESIAN_POINT('',(9.839627240243,2.386914488009,0.));
#402 = VECTOR('',#403,1.);
#403 = DIRECTION('',(-0.255922952246,0.966697182428,0.));
#404 = ORIENTED_EDGE('',*,*,#405,.T.);
#405 = EDGE_CURVE('',#398,#406,#408,.T.);
#406 = VERTEX_POINT('',#407);
#407 = CARTESIAN_POINT('',(10.83833306477,3.112150071431,0.));
#408 = LINE('',#409,#410);
#409 = CARTESIAN_POINT('',(9.731749091528,2.794402372519,0.));
#410 = VECTOR('',#411,1.);
#411 = DIRECTION('',(0.961160404102,0.27599035778,0.));
#412 = ORIENTED_EDGE('',*,*,#413,.T.);
#413 = EDGE_CURVE('',#406,#414,#416,.T.);
#414 = VERTEX_POINT('',#415);
#415 = CARTESIAN_POINT('',(10.986043122202,3.173197964398,0.));
#416 = LINE('',#417,#418);
#417 = CARTESIAN_POINT('',(10.83833306477,3.112150071431,0.));
#418 = VECTOR('',#419,1.);
#419 = DIRECTION('',(0.924179242562,0.38195906537,0.));
#420 = ORIENTED_EDGE('',*,*,#421,.T.);
#421 = EDGE_CURVE('',#414,#422,#424,.T.);
#422 = VERTEX_POINT('',#423);
#423 = CARTESIAN_POINT('',(11.129470889087,3.248853831045,0.));
#424 = LINE('',#425,#426);
#425 = CARTESIAN_POINT('',(10.986043122202,3.173197964398,0.));
#426 = VECTOR('',#427,1.);
#427 = DIRECTION('',(0.884491954835,0.46655544347,0.));
#428 = ORIENTED_EDGE('',*,*,#429,.T.);
#429 = EDGE_CURVE('',#422,#430,#432,.T.);
#430 = VERTEX_POINT('',#431);
#431 = CARTESIAN_POINT('',(11.269893958773,3.334361392412,0.));
#432 = LINE('',#433,#434);
#433 = CARTESIAN_POINT('',(11.129470889087,3.248853831045,0.));
#434 = VECTOR('',#435,1.);
#435 = DIRECTION('',(0.854110343367,0.520091839346,0.));
#436 = ORIENTED_EDGE('',*,*,#437,.T.);
#437 = EDGE_CURVE('',#430,#438,#440,.T.);
#438 = VERTEX_POINT('',#439);
#439 = CARTESIAN_POINT('',(11.40769382111,3.428083610407,0.));
#440 = LINE('',#441,#442);
#441 = CARTESIAN_POINT('',(11.269893958773,3.334361392412,0.));
#442 = VECTOR('',#443,1.);
#443 = DIRECTION('',(0.826875405765,0.56238515569,0.));
#444 = ORIENTED_EDGE('',*,*,#445,.T.);
#445 = EDGE_CURVE('',#438,#446,#448,.T.);
#446 = VERTEX_POINT('',#447);
#447 = CARTESIAN_POINT('',(11.543046034954,3.529099202099,0.));
#448 = LINE('',#449,#450);
#449 = CARTESIAN_POINT('',(11.40769382111,3.428083610407,0.));
#450 = VECTOR('',#451,1.);
#451 = DIRECTION('',(0.801414731108,0.598109044208,0.));
#452 = ORIENTED_EDGE('',*,*,#453,.T.);
#453 = EDGE_CURVE('',#446,#454,#456,.T.);
#454 = VERTEX_POINT('',#455);
#455 = CARTESIAN_POINT('',(11.676035887203,3.636799947691,0.));
#456 = LINE('',#457,#458);
#457 = CARTESIAN_POINT('',(11.543046034954,3.529099202099,0.));
#458 = VECTOR('',#459,1.);
#459 = DIRECTION('',(0.77712399331,0.629347518484,0.));
#460 = ORIENTED_EDGE('',*,*,#461,.T.);
#461 = EDGE_CURVE('',#454,#462,#464,.T.);
#462 = VERTEX_POINT('',#463);
#463 = CARTESIAN_POINT('',(11.806699683955,3.750746991655,0.));
#464 = LINE('',#465,#466);
#465 = CARTESIAN_POINT('',(11.676035887203,3.636799947691,0.));
#466 = VECTOR('',#467,1.);
#467 = DIRECTION('',(0.753672677526,0.657249948765,0.));
#468 = ORIENTED_EDGE('',*,*,#469,.T.);
#469 = EDGE_CURVE('',#462,#470,#472,.T.);
#470 = VERTEX_POINT('',#471);
#471 = CARTESIAN_POINT('',(11.935043795385,3.870604619015,0.));
#472 = LINE('',#473,#474);
#473 = CARTESIAN_POINT('',(11.806699683955,3.750746991655,0.));
#474 = VECTOR('',#475,1.);
#475 = DIRECTION('',(0.730856999337,0.682530619474,0.));
#476 = ORIENTED_EDGE('',*,*,#477,.T.);
#477 = EDGE_CURVE('',#470,#478,#480,.T.);
#478 = VERTEX_POINT('',#479);
#479 = CARTESIAN_POINT('',(12.0610548322,3.996104917217,0.));
#480 = LINE('',#481,#482);
#481 = CARTESIAN_POINT('',(11.935043795385,3.870604619015,0.));
#482 = VECTOR('',#483,1.);
#483 = DIRECTION('',(0.708541226703,0.705669419815,0.));
#484 = ORIENTED_EDGE('',*,*,#485,.T.);
#485 = EDGE_CURVE('',#478,#486,#488,.T.);
#486 = VERTEX_POINT('',#487);
#487 = CARTESIAN_POINT('',(12.184705643088,4.127026992226,0.));
#488 = LINE('',#489,#490);
#489 = CARTESIAN_POINT('',(12.0610548322,3.996104917217,0.));
#490 = VECTOR('',#491,1.);
#491 = DIRECTION('',(0.68662994445,0.727007097204,0.));
#492 = ORIENTED_EDGE('',*,*,#493,.T.);
#493 = EDGE_CURVE('',#486,#494,#496,.T.);
#494 = VERTEX_POINT('',#495);
#495 = CARTESIAN_POINT('',(12.305959108553,4.263183859355,0.));
#496 = LINE('',#497,#498);
#497 = CARTESIAN_POINT('',(12.184705643088,4.127026992226,0.));
#498 = VECTOR('',#499,1.);
#499 = DIRECTION('',(0.665053367223,0.746795834713,0.));
#500 = ORIENTED_EDGE('',*,*,#501,.T.);
#501 = EDGE_CURVE('',#494,#502,#504,.T.);
#502 = VERTEX_POINT('',#503);
#503 = CARTESIAN_POINT('',(12.424770673877,4.404413725648,0.));
#504 = LINE('',#505,#506);
#505 = CARTESIAN_POINT('',(12.305959108553,4.263183859355,0.));
#506 = VECTOR('',#507,1.);
#507 = DIRECTION('',(0.643758894537,0.765228387937,0.));
#508 = ORIENTED_EDGE('',*,*,#509,.T.);
#509 = EDGE_CURVE('',#502,#510,#512,.T.);
#510 = VERTEX_POINT('',#511);
#511 = CARTESIAN_POINT('',(12.541090114175,4.55057394694,0.));
#512 = LINE('',#513,#514);
#513 = CARTESIAN_POINT('',(12.424770673877,4.404413725648,0.));
#514 = VECTOR('',#515,1.);
#515 = DIRECTION('',(0.622705940282,0.78245594888,0.));
#516 = ORIENTED_EDGE('',*,*,#517,.T.);
#517 = EDGE_CURVE('',#510,#518,#520,.T.);
#518 = VERTEX_POINT('',#519);
#519 = CARTESIAN_POINT('',(12.654862808141,4.70153669635,0.));
#520 = LINE('',#521,#522);
#521 = CARTESIAN_POINT('',(12.541090114175,4.55057394694,0.));
#522 = VECTOR('',#523,1.);
#523 = DIRECTION('',(0.601862605964,0.798599651604,0.));
#524 = ORIENTED_EDGE('',*,*,#525,.T.);
#525 = EDGE_CURVE('',#518,#526,#528,.T.);
#526 = VERTEX_POINT('',#527);
#527 = CARTESIAN_POINT('',(12.535111401046,5.012083614962,0.));
#528 = LINE('',#529,#530);
#529 = CARTESIAN_POINT('',(12.654862808141,4.70153669635,0.));
#530 = VECTOR('',#531,1.);
#531 = DIRECTION('',(-0.359791053431,0.933032902888,0.));
#532 = ORIENTED_EDGE('',*,*,#533,.T.);
#533 = EDGE_CURVE('',#526,#534,#536,.T.);
#534 = VERTEX_POINT('',#535);
#535 = CARTESIAN_POINT('',(12.407740586622,5.319583962594,0.));
#536 = LINE('',#537,#538);
#537 = CARTESIAN_POINT('',(12.535111401046,5.012083614962,0.));
#538 = VECTOR('',#539,1.);
#539 = DIRECTION('',(-0.382683432365,0.923879532511,0.));
#540 = ORIENTED_EDGE('',*,*,#541,.T.);
#541 = EDGE_CURVE('',#534,#542,#544,.T.);
#542 = VERTEX_POINT('',#543);
#543 = CARTESIAN_POINT('',(12.272827786609,5.623850826635,0.));
#544 = LINE('',#545,#546);
#545 = CARTESIAN_POINT('',(12.407740586622,5.319583962594,0.));
#546 = VECTOR('',#547,1.);
#547 = DIRECTION('',(-0.405343199011,0.914164586393,0.));
#548 = ORIENTED_EDGE('',*,*,#549,.T.);
#549 = EDGE_CURVE('',#542,#550,#552,.T.);
#550 = VERTEX_POINT('',#551);
#551 = CARTESIAN_POINT('',(12.085631559377,5.650148167032,0.));
#552 = LINE('',#553,#554);
#553 = CARTESIAN_POINT('',(12.272827786609,5.623850826635,0.));
#554 = VECTOR('',#555,1.);
#555 = DIRECTION('',(-0.990276359122,0.139114099083,0.));
#556 = ORIENTED_EDGE('',*,*,#557,.T.);
#557 = EDGE_CURVE('',#550,#558,#560,.T.);
#558 = VERTEX_POINT('',#559);
#559 = CARTESIAN_POINT('',(11.900030410743,5.671248785629,0.));
#560 = LINE('',#561,#562);
#561 = CARTESIAN_POINT('',(12.085631559377,5.650148167032,0.));
#562 = VECTOR('',#563,1.);
#563 = DIRECTION('',(-0.993599500491,0.112960314374,0.));
#564 = ORIENTED_EDGE('',*,*,#565,.T.);
#565 = EDGE_CURVE('',#558,#566,#568,.T.);
#566 = VERTEX_POINT('',#567);
#567 = CARTESIAN_POINT('',(11.716153351057,5.687100918268,0.));
#568 = LINE('',#569,#570);
#569 = CARTESIAN_POINT('',(11.900030410743,5.671248785629,0.));
#570 = VECTOR('',#571,1.);
#571 = DIRECTION('',(-0.996304462043,8.589190249035E-02,0.));
#572 = ORIENTED_EDGE('',*,*,#573,.T.);
#573 = EDGE_CURVE('',#566,#574,#576,.T.);
#574 = VERTEX_POINT('',#575);
#575 = CARTESIAN_POINT('',(11.534136759333,5.697639214646,0.));
#576 = LINE('',#577,#578);
#577 = CARTESIAN_POINT('',(11.716153351057,5.687100918268,0.));
#578 = VECTOR('',#579,1.);
#579 = DIRECTION('',(-0.998328144702,5.780065307349E-02,0.));
#580 = ORIENTED_EDGE('',*,*,#581,.T.);
#581 = EDGE_CURVE('',#574,#582,#584,.T.);
#582 = VERTEX_POINT('',#583);
#583 = CARTESIAN_POINT('',(11.354126545409,5.702780774814,0.));
#584 = LINE('',#585,#586);
#585 = CARTESIAN_POINT('',(11.534136759333,5.697639214646,0.));
#586 = VECTOR('',#587,1.);
#587 = DIRECTION('',(-0.99959233829,2.855095851752E-02,0.));
#588 = ORIENTED_EDGE('',*,*,#589,.T.);
#589 = EDGE_CURVE('',#582,#590,#592,.T.);
#590 = VERTEX_POINT('',#591);
#591 = CARTESIAN_POINT('',(11.176281174872,5.702419628077,0.));
#592 = LINE('',#593,#594);
#593 = CARTESIAN_POINT('',(11.354126545409,5.702780774814,0.));
#594 = VECTOR('',#595,1.);
#595 = DIRECTION('',(-0.999997938179,-2.030674124855E-03,0.));
#596 = ORIENTED_EDGE('',*,*,#597,.T.);
#597 = EDGE_CURVE('',#590,#598,#600,.T.);
#598 = VERTEX_POINT('',#599);
#599 = CARTESIAN_POINT('',(11.000776042271,5.696418777643,0.));
#600 = LINE('',#601,#602);
#601 = CARTESIAN_POINT('',(11.176281174872,5.702419628077,0.));
#602 = VECTOR('',#603,1.);
#603 = DIRECTION('',(-0.999415969707,-3.417191091091E-02,0.));
#604 = ORIENTED_EDGE('',*,*,#605,.T.);
#605 = EDGE_CURVE('',#598,#606,#608,.T.);
#606 = VERTEX_POINT('',#607);
#607 = CARTESIAN_POINT('',(10.82781005805,5.684598248388,0.));
#608 = LINE('',#609,#610);
#609 = CARTESIAN_POINT('',(11.000776042271,5.696418777643,0.));
#610 = VECTOR('',#611,1.);
#611 = DIRECTION('',(-0.99767295678,-6.818116536717E-02,0.));
#612 = ORIENTED_EDGE('',*,*,#613,.T.);
#613 = EDGE_CURVE('',#606,#614,#616,.T.);
#614 = VERTEX_POINT('',#615);
#615 = CARTESIAN_POINT('',(10.657616104149,5.66671614958,0.));
#616 = LINE('',#617,#618);
#617 = CARTESIAN_POINT('',(10.82781005805,5.684598248388,0.));
#618 = VECTOR('',#619,1.);
#619 = DIRECTION('',(-0.994525543535,-0.10449374745,0.));
#620 = ORIENTED_EDGE('',*,*,#621,.T.);
#621 = EDGE_CURVE('',#614,#622,#624,.T.);
#622 = VERTEX_POINT('',#623);
#623 = CARTESIAN_POINT('',(10.490478826,5.642436491213,0.));
#624 = LINE('',#625,#626);
#625 = CARTESIAN_POINT('',(10.657616104149,5.66671614958,0.));
#626 = VECTOR('',#627,1.);
#627 = DIRECTION('',(-0.989612751958,-0.143758829861,0.));
#628 = ORIENTED_EDGE('',*,*,#629,.T.);
#629 = EDGE_CURVE('',#622,#630,#632,.T.);
#630 = VERTEX_POINT('',#631);
#631 = CARTESIAN_POINT('',(10.326767993003,5.611268890001,0.));
#632 = LINE('',#633,#634);
#633 = CARTESIAN_POINT('',(10.490478826,5.642436491213,0.));
#634 = VECTOR('',#635,1.);
#635 = DIRECTION('',(-0.98235556384,-0.187022849386,0.));
#636 = ORIENTED_EDGE('',*,*,#637,.T.);
#637 = EDGE_CURVE('',#630,#638,#640,.T.);
#638 = VERTEX_POINT('',#639);
#639 = CARTESIAN_POINT('',(10.167010911707,5.572437761676,0.));
#640 = LINE('',#641,#642);
#641 = CARTESIAN_POINT('',(10.326767993003,5.611268890001,0.));
#642 = VECTOR('',#643,1.);
#643 = DIRECTION('',(-0.971707682117,-0.236186749235,0.));
#644 = ORIENTED_EDGE('',*,*,#645,.T.);
#645 = EDGE_CURVE('',#638,#646,#648,.T.);
#646 = VERTEX_POINT('',#647);
#647 = CARTESIAN_POINT('',(10.01209538879,5.524515791444,0.));
#648 = LINE('',#649,#650);
#649 = CARTESIAN_POINT('',(10.167010911707,5.572437761676,0.));
#650 = VECTOR('',#651,1.);
#651 = DIRECTION('',(-0.955334777046,-0.295525741292,0.));
#652 = ORIENTED_EDGE('',*,*,#653,.T.);
#653 = EDGE_CURVE('',#646,#654,#656,.T.);
#654 = VERTEX_POINT('',#655);
#655 = CARTESIAN_POINT('',(9.864481226436,5.463236387278,0.));
#656 = LINE('',#657,#658);
#657 = CARTESIAN_POINT('',(10.01209538879,5.524515791444,0.));
#658 = VECTOR('',#659,1.);
#659 = DIRECTION('',(-0.923579254706,-0.383407564188,0.));
#660 = ORIENTED_EDGE('',*,*,#661,.T.);
#661 = EDGE_CURVE('',#654,#662,#664,.T.);
#662 = VERTEX_POINT('',#663);
#663 = CARTESIAN_POINT('',(8.857326642398,4.905444908454,0.));
#664 = LINE('',#665,#666);
#665 = CARTESIAN_POINT('',(9.864481226436,5.463236387278,0.));
#666 = VECTOR('',#667,1.);
#667 = DIRECTION('',(-0.874797693076,-0.48448838602,0.));
#668 = ORIENTED_EDGE('',*,*,#669,.T.);
#669 = EDGE_CURVE('',#662,#670,#672,.T.);
#670 = VERTEX_POINT('',#671);
#671 = CARTESIAN_POINT('',(8.645470566507,5.26986372534,0.));
#672 = LINE('',#673,#674);
#673 = CARTESIAN_POINT('',(8.857326642398,4.905444908454,0.));
#674 = VECTOR('',#675,1.);
#675 = DIRECTION('',(-0.502593278054,0.864522988043,0.));
#676 = ORIENTED_EDGE('',*,*,#677,.T.);
#677 = EDGE_CURVE('',#670,#678,#680,.T.);
#678 = VERTEX_POINT('',#679);
#679 = CARTESIAN_POINT('',(8.418629824563,5.625148609323,0.));
#680 = LINE('',#681,#682);
#681 = CARTESIAN_POINT('',(8.645470566507,5.26986372534,0.));
#682 = VECTOR('',#683,1.);
#683 = DIRECTION('',(-0.538141904171,0.84285425251,0.));
#684 = ORIENTED_EDGE('',*,*,#685,.T.);
#685 = EDGE_CURVE('',#678,#686,#688,.T.);
#686 = VERTEX_POINT('',#687);
#687 = CARTESIAN_POINT('',(8.177197585768,5.970683766815,0.));
#688 = LINE('',#689,#690);
#689 = CARTESIAN_POINT('',(8.418629824563,5.625148609323,0.));
#690 = VECTOR('',#691,1.);
#691 = DIRECTION('',(-0.572757801797,0.819724649185,0.));
#692 = ORIENTED_EDGE('',*,*,#693,.T.);
#693 = EDGE_CURVE('',#686,#694,#696,.T.);
#694 = VERTEX_POINT('',#695);
#695 = CARTESIAN_POINT('',(7.921592309873,6.305870302833,0.));
#696 = LINE('',#697,#698);
#697 = CARTESIAN_POINT('',(8.177197585768,5.970683766815,0.));
#698 = VECTOR('',#699,1.);
#699 = DIRECTION('',(-0.606380973309,0.795174267195,0.));
#700 = ORIENTED_EDGE('',*,*,#701,.T.);
#701 = EDGE_CURVE('',#694,#702,#704,.T.);
#702 = VERTEX_POINT('',#703);
#703 = CARTESIAN_POINT('',(8.822345813711,7.022902251441,0.));
#704 = LINE('',#705,#706);
#705 = CARTESIAN_POINT('',(7.921592309873,6.305870302833,0.));
#706 = VECTOR('',#707,1.);
#707 = DIRECTION('',(0.782379487395,0.622802005218,0.));
#708 = ORIENTED_EDGE('',*,*,#709,.T.);
#709 = EDGE_CURVE('',#702,#710,#712,.T.);
#710 = VERTEX_POINT('',#711);
#711 = CARTESIAN_POINT('',(8.935450095299,7.135829342029,0.));
#712 = LINE('',#713,#714);
#713 = CARTESIAN_POINT('',(8.822345813711,7.022902251441,0.));
#714 = VECTOR('',#715,1.);
#715 = DIRECTION('',(0.707660880416,0.706552247417,0.));
#716 = ORIENTED_EDGE('',*,*,#717,.T.);
#717 = EDGE_CURVE('',#710,#718,#720,.T.);
#718 = VERTEX_POINT('',#719);
#719 = CARTESIAN_POINT('',(9.039007826791,7.260613678866,0.));
#720 = LINE('',#721,#722);
#721 = CARTESIAN_POINT('',(8.935450095299,7.135829342029,0.));
#722 = VECTOR('',#723,1.);
#723 = DIRECTION('',(0.638620975247,0.769521442179,0.));
#724 = ORIENTED_EDGE('',*,*,#725,.T.);
#725 = EDGE_CURVE('',#718,#726,#728,.T.);
#726 = VERTEX_POINT('',#727);
#727 = CARTESIAN_POINT('',(9.136019499689,7.393349946979,0.));
#728 = LINE('',#729,#730);
#729 = CARTESIAN_POINT('',(9.039007826791,7.260613678866,0.));
#730 = VECTOR('',#731,1.);
#731 = DIRECTION('',(0.590064534517,0.807356083216,0.));
#732 = ORIENTED_EDGE('',*,*,#733,.T.);
#733 = EDGE_CURVE('',#726,#734,#736,.T.);
#734 = VERTEX_POINT('',#735);
#735 = CARTESIAN_POINT('',(9.227464032013,7.532671710225,0.));
#736 = LINE('',#737,#738);
#737 = CARTESIAN_POINT('',(9.136019499689,7.393349946979,0.));
#738 = VECTOR('',#739,1.);
#739 = DIRECTION('',(0.548717781633,0.836007653147,0.));
#740 = ORIENTED_EDGE('',*,*,#741,.T.);
#741 = EDGE_CURVE('',#734,#742,#744,.T.);
#742 = VERTEX_POINT('',#743);
#743 = CARTESIAN_POINT('',(9.313856178713,7.677794997626,0.));
#744 = LINE('',#745,#746);
#745 = CARTESIAN_POINT('',(9.227464032013,7.532671710225,0.));
#746 = VECTOR('',#747,1.);
#747 = DIRECTION('',(0.511524245158,0.859268844202,0.));
#748 = ORIENTED_EDGE('',*,*,#749,.T.);
#749 = EDGE_CURVE('',#742,#750,#752,.T.);
#750 = VERTEX_POINT('',#751);
#751 = CARTESIAN_POINT('',(9.395507490247,7.828190525243,0.));
#752 = LINE('',#753,#754);
#753 = CARTESIAN_POINT('',(9.313856178713,7.677794997626,0.));
#754 = VECTOR('',#755,1.);
#755 = DIRECTION('',(0.477128083119,0.878833768297,0.));
#756 = ORIENTED_EDGE('',*,*,#757,.T.);
#757 = EDGE_CURVE('',#750,#758,#760,.T.);
#758 = VERTEX_POINT('',#759);
#759 = CARTESIAN_POINT('',(9.472619451814,7.983466737178,0.));
#760 = LINE('',#761,#762);
#761 = CARTESIAN_POINT('',(9.395507490247,7.828190525243,0.));
#762 = VECTOR('',#763,1.);
#763 = DIRECTION('',(0.444784094664,0.895637822523,0.));
#764 = ORIENTED_EDGE('',*,*,#765,.T.);
#765 = EDGE_CURVE('',#758,#766,#768,.T.);
#766 = VERTEX_POINT('',#767);
#767 = CARTESIAN_POINT('',(9.545326421249,8.143315910997,0.));
#768 = LINE('',#769,#770);
#769 = CARTESIAN_POINT('',(9.472619451814,7.983466737178,0.));
#770 = VECTOR('',#771,1.);
#771 = DIRECTION('',(0.414030662725,0.910262934719,0.));
#772 = ORIENTED_EDGE('',*,*,#773,.T.);
#773 = EDGE_CURVE('',#766,#774,#776,.T.);
#774 = VERTEX_POINT('',#775);
#775 = CARTESIAN_POINT('',(9.613718554154,8.307485403915,0.));
#776 = LINE('',#777,#778);
#777 = CARTESIAN_POINT('',(9.545326421249,8.143315910997,0.));
#778 = VECTOR('',#779,1.);
#779 = DIRECTION('',(0.384558741602,0.923100522293,0.));
#780 = ORIENTED_EDGE('',*,*,#781,.T.);
#781 = EDGE_CURVE('',#774,#782,#784,.T.);
#782 = VERTEX_POINT('',#783);
#783 = CARTESIAN_POINT('',(9.677855298475,8.475760746095,0.));
#784 = LINE('',#785,#786);
#785 = CARTESIAN_POINT('',(9.613718554154,8.307485403915,0.));
#786 = VECTOR('',#787,1.);
#787 = DIRECTION('',(0.356149780775,0.934428881004,0.));
#788 = ORIENTED_EDGE('',*,*,#789,.T.);
#789 = EDGE_CURVE('',#782,#790,#792,.T.);
#790 = VERTEX_POINT('',#791);
#791 = CARTESIAN_POINT('',(9.737773916212,8.647954981196,0.));
#792 = LINE('',#793,#794);
#793 = CARTESIAN_POINT('',(9.677855298475,8.475760746095,0.));
#794 = VECTOR('',#795,1.);
#795 = DIRECTION('',(0.328642800701,0.944454291931,0.));
#796 = ORIENTED_EDGE('',*,*,#797,.T.);
#797 = EDGE_CURVE('',#790,#798,#800,.T.);
#798 = VERTEX_POINT('',#799);
#799 = CARTESIAN_POINT('',(9.793495159654,8.823901581666,0.));
#800 = LINE('',#801,#802);
#801 = CARTESIAN_POINT('',(9.737773916212,8.647954981196,0.));
#802 = VECTOR('',#803,1.);
#803 = DIRECTION('',(0.301915440496,0.953334708688,0.));
#804 = ORIENTED_EDGE('',*,*,#805,.T.);
#805 = EDGE_CURVE('',#798,#806,#808,.T.);
#806 = VERTEX_POINT('',#807);
#807 = CARTESIAN_POINT('',(9.84502721462,9.003449541249,0.));
#808 = LINE('',#809,#810);
#809 = CARTESIAN_POINT('',(9.793495159654,8.823901581666,0.));
#810 = VECTOR('',#811,1.);
#811 = DIRECTION('',(0.275872344808,0.961194282843,0.));
#812 = ORIENTED_EDGE('',*,*,#813,.T.);
#813 = EDGE_CURVE('',#806,#814,#816,.T.);
#814 = VERTEX_POINT('',#815);
#815 = CARTESIAN_POINT('',(9.89236853483,9.186459860637,0.));
#816 = LINE('',#817,#818);
#817 = CARTESIAN_POINT('',(9.84502721462,9.003449541249,0.));
#818 = VECTOR('',#819,1.);
#819 = DIRECTION('',(0.250437687273,0.96813272065,0.));
#820 = ORIENTED_EDGE('',*,*,#821,.T.);
#821 = EDGE_CURVE('',#814,#822,#824,.T.);
#822 = VERTEX_POINT('',#823);
#823 = CARTESIAN_POINT('',(9.6628915001,9.42754092313,0.));
#824 = LINE('',#825,#826);
#825 = CARTESIAN_POINT('',(9.89236853483,9.186459860637,0.));
#826 = VECTOR('',#827,1.);
#827 = DIRECTION('',(-0.689459824032,0.724323926877,0.));
#828 = ORIENTED_EDGE('',*,*,#829,.T.);
#829 = EDGE_CURVE('',#822,#830,#832,.T.);
#830 = VERTEX_POINT('',#831);
#831 = CARTESIAN_POINT('',(9.42754092313,9.6628915001,0.));
#832 = LINE('',#833,#834);
#833 = CARTESIAN_POINT('',(9.6628915001,9.42754092313,0.));
#834 = VECTOR('',#835,1.);
#835 = DIRECTION('',(-0.707106781187,0.707106781187,0.));
#836 = ORIENTED_EDGE('',*,*,#837,.T.);
#837 = EDGE_CURVE('',#830,#838,#840,.T.);
#838 = VERTEX_POINT('',#839);
#839 = CARTESIAN_POINT('',(9.186459860637,9.89236853483,0.));
#840 = LINE('',#841,#842);
#841 = CARTESIAN_POINT('',(9.42754092313,9.6628915001,0.));
#842 = VECTOR('',#843,1.);
#843 = DIRECTION('',(-0.724323926877,0.689459824032,0.));
#844 = ORIENTED_EDGE('',*,*,#845,.T.);
#845 = EDGE_CURVE('',#838,#846,#848,.T.);
#846 = VERTEX_POINT('',#847);
#847 = CARTESIAN_POINT('',(9.003449541249,9.84502721462,0.));
#848 = LINE('',#849,#850);
#849 = CARTESIAN_POINT('',(9.186459860637,9.89236853483,0.));
#850 = VECTOR('',#851,1.);
#851 = DIRECTION('',(-0.96813272065,-0.250437687273,0.));
#852 = ORIENTED_EDGE('',*,*,#853,.T.);
#853 = EDGE_CURVE('',#846,#854,#856,.T.);
#854 = VERTEX_POINT('',#855);
#855 = CARTESIAN_POINT('',(8.823901581666,9.793495159654,0.));
#856 = LINE('',#857,#858);
#857 = CARTESIAN_POINT('',(9.003449541249,9.84502721462,0.));
#858 = VECTOR('',#859,1.);
#859 = DIRECTION('',(-0.961194282843,-0.275872344808,0.));
#860 = ORIENTED_EDGE('',*,*,#861,.T.);
#861 = EDGE_CURVE('',#854,#862,#864,.T.);
#862 = VERTEX_POINT('',#863);
#863 = CARTESIAN_POINT('',(8.647954981196,9.737773916212,0.));
#864 = LINE('',#865,#866);
#865 = CARTESIAN_POINT('',(8.823901581666,9.793495159654,0.));
#866 = VECTOR('',#867,1.);
#867 = DIRECTION('',(-0.953334708688,-0.301915440496,0.));
#868 = ORIENTED_EDGE('',*,*,#869,.T.);
#869 = EDGE_CURVE('',#862,#870,#872,.T.);
#870 = VERTEX_POINT('',#871);
#871 = CARTESIAN_POINT('',(8.475760746095,9.677855298475,0.));
#872 = LINE('',#873,#874);
#873 = CARTESIAN_POINT('',(8.647954981196,9.737773916212,0.));
#874 = VECTOR('',#875,1.);
#875 = DIRECTION('',(-0.944454291931,-0.328642800701,0.));
#876 = ORIENTED_EDGE('',*,*,#877,.T.);
#877 = EDGE_CURVE('',#870,#878,#880,.T.);
#878 = VERTEX_POINT('',#879);
#879 = CARTESIAN_POINT('',(8.307485403915,9.613718554154,0.));
#880 = LINE('',#881,#882);
#881 = CARTESIAN_POINT('',(8.475760746095,9.677855298475,0.));
#882 = VECTOR('',#883,1.);
#883 = DIRECTION('',(-0.934428881004,-0.356149780775,0.));
#884 = ORIENTED_EDGE('',*,*,#885,.T.);
#885 = EDGE_CURVE('',#878,#886,#888,.T.);
#886 = VERTEX_POINT('',#887);
#887 = CARTESIAN_POINT('',(8.143315910997,9.545326421249,0.));
#888 = LINE('',#889,#890);
#889 = CARTESIAN_POINT('',(8.307485403915,9.613718554154,0.));
#890 = VECTOR('',#891,1.);
#891 = DIRECTION('',(-0.923100522293,-0.384558741602,0.));
#892 = ORIENTED_EDGE('',*,*,#893,.T.);
#893 = EDGE_CURVE('',#886,#894,#896,.T.);
#894 = VERTEX_POINT('',#895);
#895 = CARTESIAN_POINT('',(7.983466737178,9.472619451814,0.));
#896 = LINE('',#897,#898);
#897 = CARTESIAN_POINT('',(8.143315910997,9.545326421249,0.));
#898 = VECTOR('',#899,1.);
#899 = DIRECTION('',(-0.910262934719,-0.414030662725,0.));
#900 = ORIENTED_EDGE('',*,*,#901,.T.);
#901 = EDGE_CURVE('',#894,#902,#904,.T.);
#902 = VERTEX_POINT('',#903);
#903 = CARTESIAN_POINT('',(7.828190525243,9.395507490247,0.));
#904 = LINE('',#905,#906);
#905 = CARTESIAN_POINT('',(7.983466737178,9.472619451814,0.));
#906 = VECTOR('',#907,1.);
#907 = DIRECTION('',(-0.895637822523,-0.444784094664,0.));
#908 = ORIENTED_EDGE('',*,*,#909,.T.);
#909 = EDGE_CURVE('',#902,#910,#912,.T.);
#910 = VERTEX_POINT('',#911);
#911 = CARTESIAN_POINT('',(7.677794997626,9.313856178713,0.));
#912 = LINE('',#913,#914);
#913 = CARTESIAN_POINT('',(7.828190525243,9.395507490247,0.));
#914 = VECTOR('',#915,1.);
#915 = DIRECTION('',(-0.878833768297,-0.477128083119,0.));
#916 = ORIENTED_EDGE('',*,*,#917,.T.);
#917 = EDGE_CURVE('',#910,#918,#920,.T.);
#918 = VERTEX_POINT('',#919);
#919 = CARTESIAN_POINT('',(7.532671710225,9.227464032013,0.));
#920 = LINE('',#921,#922);
#921 = CARTESIAN_POINT('',(7.677794997626,9.313856178713,0.));
#922 = VECTOR('',#923,1.);
#923 = DIRECTION('',(-0.859268844202,-0.511524245158,0.));
#924 = ORIENTED_EDGE('',*,*,#925,.T.);
#925 = EDGE_CURVE('',#918,#926,#928,.T.);
#926 = VERTEX_POINT('',#927);
#927 = CARTESIAN_POINT('',(7.393349946979,9.136019499689,0.));
#928 = LINE('',#929,#930);
#929 = CARTESIAN_POINT('',(7.532671710225,9.227464032013,0.));
#930 = VECTOR('',#931,1.);
#931 = DIRECTION('',(-0.836007653147,-0.548717781633,0.));
#932 = ORIENTED_EDGE('',*,*,#933,.T.);
#933 = EDGE_CURVE('',#926,#934,#936,.T.);
#934 = VERTEX_POINT('',#935);
#935 = CARTESIAN_POINT('',(7.260613678866,9.039007826791,0.));
#936 = LINE('',#937,#938);
#937 = CARTESIAN_POINT('',(7.393349946979,9.136019499689,0.));
#938 = VECTOR('',#939,1.);
#939 = DIRECTION('',(-0.807356083216,-0.590064534517,0.));
#940 = ORIENTED_EDGE('',*,*,#941,.T.);
#941 = EDGE_CURVE('',#934,#942,#944,.T.);
#942 = VERTEX_POINT('',#943);
#943 = CARTESIAN_POINT('',(7.135829342029,8.935450095299,0.));
#944 = LINE('',#945,#946);
#945 = CARTESIAN_POINT('',(7.260613678866,9.039007826791,0.));
#946 = VECTOR('',#947,1.);
#947 = DIRECTION('',(-0.769521442179,-0.638620975248,0.));
#948 = ORIENTED_EDGE('',*,*,#949,.T.);
#949 = EDGE_CURVE('',#942,#950,#952,.T.);
#950 = VERTEX_POINT('',#951);
#951 = CARTESIAN_POINT('',(7.022902251441,8.822345813711,0.));
#952 = LINE('',#953,#954);
#953 = CARTESIAN_POINT('',(7.135829342029,8.935450095299,0.));
#954 = VECTOR('',#955,1.);
#955 = DIRECTION('',(-0.706552247417,-0.707660880416,0.));
#956 = ORIENTED_EDGE('',*,*,#957,.T.);
#957 = EDGE_CURVE('',#950,#958,#960,.T.);
#958 = VERTEX_POINT('',#959);
#959 = CARTESIAN_POINT('',(6.305870302833,7.921592309873,0.));
#960 = LINE('',#961,#962);
#961 = CARTESIAN_POINT('',(7.022902251441,8.822345813711,0.));
#962 = VECTOR('',#963,1.);
#963 = DIRECTION('',(-0.622802005218,-0.782379487395,0.));
#964 = ORIENTED_EDGE('',*,*,#965,.T.);
#965 = EDGE_CURVE('',#958,#966,#968,.T.);
#966 = VERTEX_POINT('',#967);
#967 = CARTESIAN_POINT('',(5.970683766815,8.177197585768,0.));
#968 = LINE('',#969,#970);
#969 = CARTESIAN_POINT('',(6.305870302833,7.921592309873,0.));
#970 = VECTOR('',#971,1.);
#971 = DIRECTION('',(-0.795174267195,0.606380973309,0.));
#972 = ORIENTED_EDGE('',*,*,#973,.T.);
#973 = EDGE_CURVE('',#966,#974,#976,.T.);
#974 = VERTEX_POINT('',#975);
#975 = CARTESIAN_POINT('',(5.625148609323,8.418629824563,0.));
#976 = LINE('',#977,#978);
#977 = CARTESIAN_POINT('',(5.970683766815,8.177197585768,0.));
#978 = VECTOR('',#979,1.);
#979 = DIRECTION('',(-0.819724649185,0.572757801797,0.));
#980 = ORIENTED_EDGE('',*,*,#981,.T.);
#981 = EDGE_CURVE('',#974,#982,#984,.T.);
#982 = VERTEX_POINT('',#983);
#983 = CARTESIAN_POINT('',(5.26986372534,8.645470566507,0.));
#984 = LINE('',#985,#986);
#985 = CARTESIAN_POINT('',(5.625148609323,8.418629824563,0.));
#986 = VECTOR('',#987,1.);
#987 = DIRECTION('',(-0.84285425251,0.538141904171,0.));
#988 = ORIENTED_EDGE('',*,*,#989,.T.);
#989 = EDGE_CURVE('',#982,#990,#992,.T.);
#990 = VERTEX_POINT('',#991);
#991 = CARTESIAN_POINT('',(4.905444908454,8.857326642398,0.));
#992 = LINE('',#993,#994);
#993 = CARTESIAN_POINT('',(5.26986372534,8.645470566507,0.));
#994 = VECTOR('',#995,1.);
#995 = DIRECTION('',(-0.864522988043,0.502593278054,0.));
#996 = ORIENTED_EDGE('',*,*,#997,.T.);
#997 = EDGE_CURVE('',#990,#998,#1000,.T.);
#998 = VERTEX_POINT('',#999);
#999 = CARTESIAN_POINT('',(5.463236387278,9.864481226436,0.));
#1000 = LINE('',#1001,#1002);
#1001 = CARTESIAN_POINT('',(4.905444908454,8.857326642398,0.));
#1002 = VECTOR('',#1003,1.);
#1003 = DIRECTION('',(0.48448838602,0.874797693076,0.));
#1004 = ORIENTED_EDGE('',*,*,#1005,.T.);
#1005 = EDGE_CURVE('',#998,#1006,#1008,.T.);
#1006 = VERTEX_POINT('',#1007);
#1007 = CARTESIAN_POINT('',(5.524515791444,10.01209538879,0.));
#1008 = LINE('',#1009,#1010);
#1009 = CARTESIAN_POINT('',(5.463236387278,9.864481226436,0.));
#1010 = VECTOR('',#1011,1.);
#1011 = DIRECTION('',(0.383407564188,0.923579254706,0.));
#1012 = ORIENTED_EDGE('',*,*,#1013,.T.);
#1013 = EDGE_CURVE('',#1006,#1014,#1016,.T.);
#1014 = VERTEX_POINT('',#1015);
#1015 = CARTESIAN_POINT('',(5.572437761676,10.167010911707,0.));
#1016 = LINE('',#1017,#1018);
#1017 = CARTESIAN_POINT('',(5.524515791444,10.01209538879,0.));
#1018 = VECTOR('',#1019,1.);
#1019 = DIRECTION('',(0.295525741292,0.955334777046,0.));
#1020 = ORIENTED_EDGE('',*,*,#1021,.T.);
#1021 = EDGE_CURVE('',#1014,#1022,#1024,.T.);
#1022 = VERTEX_POINT('',#1023);
#1023 = CARTESIAN_POINT('',(5.611268890001,10.326767993003,0.));
#1024 = LINE('',#1025,#1026);
#1025 = CARTESIAN_POINT('',(5.572437761676,10.167010911707,0.));
#1026 = VECTOR('',#1027,1.);
#1027 = DIRECTION('',(0.236186749235,0.971707682117,0.));
#1028 = ORIENTED_EDGE('',*,*,#1029,.T.);
#1029 = EDGE_CURVE('',#1022,#1030,#1032,.T.);
#1030 = VERTEX_POINT('',#1031);
#1031 = CARTESIAN_POINT('',(5.642436491213,10.490478826,0.));
#1032 = LINE('',#1033,#1034);
#1033 = CARTESIAN_POINT('',(5.611268890001,10.326767993003,0.));
#1034 = VECTOR('',#1035,1.);
#1035 = DIRECTION('',(0.187022849386,0.98235556384,0.));
#1036 = ORIENTED_EDGE('',*,*,#1037,.T.);
#1037 = EDGE_CURVE('',#1030,#1038,#1040,.T.);
#1038 = VERTEX_POINT('',#1039);
#1039 = CARTESIAN_POINT('',(5.66671614958,10.657616104149,0.));
#1040 = LINE('',#1041,#1042);
#1041 = CARTESIAN_POINT('',(5.642436491213,10.490478826,0.));
#1042 = VECTOR('',#1043,1.);
#1043 = DIRECTION('',(0.143758829861,0.989612751958,0.));
#1044 = ORIENTED_EDGE('',*,*,#1045,.T.);
#1045 = EDGE_CURVE('',#1038,#1046,#1048,.T.);
#1046 = VERTEX_POINT('',#1047);
#1047 = CARTESIAN_POINT('',(5.684598248388,10.82781005805,0.));
#1048 = LINE('',#1049,#1050);
#1049 = CARTESIAN_POINT('',(5.66671614958,10.657616104149,0.));
#1050 = VECTOR('',#1051,1.);
#1051 = DIRECTION('',(0.10449374745,0.994525543535,0.));
#1052 = ORIENTED_EDGE('',*,*,#1053,.T.);
#1053 = EDGE_CURVE('',#1046,#1054,#1056,.T.);
#1054 = VERTEX_POINT('',#1055);
#1055 = CARTESIAN_POINT('',(5.696418777643,11.000776042271,0.));
#1056 = LINE('',#1057,#1058);
#1057 = CARTESIAN_POINT('',(5.684598248388,10.82781005805,0.));
#1058 = VECTOR('',#1059,1.);
#1059 = DIRECTION('',(6.818116536717E-02,0.99767295678,0.));
#1060 = ORIENTED_EDGE('',*,*,#1061,.T.);
#1061 = EDGE_CURVE('',#1054,#1062,#1064,.T.);
#1062 = VERTEX_POINT('',#1063);
#1063 = CARTESIAN_POINT('',(5.702419628077,11.176281174872,0.));
#1064 = LINE('',#1065,#1066);
#1065 = CARTESIAN_POINT('',(5.696418777643,11.000776042271,0.));
#1066 = VECTOR('',#1067,1.);
#1067 = DIRECTION('',(3.417191091089E-02,0.999415969707,0.));
#1068 = ORIENTED_EDGE('',*,*,#1069,.T.);
#1069 = EDGE_CURVE('',#1062,#1070,#1072,.T.);
#1070 = VERTEX_POINT('',#1071);
#1071 = CARTESIAN_POINT('',(5.702780774814,11.354126545409,0.));
#1072 = LINE('',#1073,#1074);
#1073 = CARTESIAN_POINT('',(5.702419628077,11.176281174872,0.));
#1074 = VECTOR('',#1075,1.);
#1075 = DIRECTION('',(2.03067412486E-03,0.999997938179,0.));
#1076 = ORIENTED_EDGE('',*,*,#1077,.T.);
#1077 = EDGE_CURVE('',#1070,#1078,#1080,.T.);
#1078 = VERTEX_POINT('',#1079);
#1079 = CARTESIAN_POINT('',(5.697639214646,11.534136759333,0.));
#1080 = LINE('',#1081,#1082);
#1081 = CARTESIAN_POINT('',(5.702780774814,11.354126545409,0.));
#1082 = VECTOR('',#1083,1.);
#1083 = DIRECTION('',(-2.855095851752E-02,0.99959233829,0.));
#1084 = ORIENTED_EDGE('',*,*,#1085,.T.);
#1085 = EDGE_CURVE('',#1078,#1086,#1088,.T.);
#1086 = VERTEX_POINT('',#1087);
#1087 = CARTESIAN_POINT('',(5.687100918268,11.716153351057,0.));
#1088 = LINE('',#1089,#1090);
#1089 = CARTESIAN_POINT('',(5.697639214646,11.534136759333,0.));
#1090 = VECTOR('',#1091,1.);
#1091 = DIRECTION('',(-5.780065307348E-02,0.998328144702,0.));
#1092 = ORIENTED_EDGE('',*,*,#1093,.T.);
#1093 = EDGE_CURVE('',#1086,#1094,#1096,.T.);
#1094 = VERTEX_POINT('',#1095);
#1095 = CARTESIAN_POINT('',(5.671248785629,11.900030410743,0.));
#1096 = LINE('',#1097,#1098);
#1097 = CARTESIAN_POINT('',(5.687100918268,11.716153351057,0.));
#1098 = VECTOR('',#1099,1.);
#1099 = DIRECTION('',(-8.589190249036E-02,0.996304462043,0.));
#1100 = ORIENTED_EDGE('',*,*,#1101,.T.);
#1101 = EDGE_CURVE('',#1094,#1102,#1104,.T.);
#1102 = VERTEX_POINT('',#1103);
#1103 = CARTESIAN_POINT('',(5.650148167032,12.085631559377,0.));
#1104 = LINE('',#1105,#1106);
#1105 = CARTESIAN_POINT('',(5.671248785629,11.900030410743,0.));
#1106 = VECTOR('',#1107,1.);
#1107 = DIRECTION('',(-0.112960314374,0.993599500491,0.));
#1108 = ORIENTED_EDGE('',*,*,#1109,.T.);
#1109 = EDGE_CURVE('',#1102,#1110,#1112,.T.);
#1110 = VERTEX_POINT('',#1111);
#1111 = CARTESIAN_POINT('',(5.623850826635,12.272827786609,0.));
#1112 = LINE('',#1113,#1114);
#1113 = CARTESIAN_POINT('',(5.650148167032,12.085631559377,0.));
#1114 = VECTOR('',#1115,1.);
#1115 = DIRECTION('',(-0.139114099083,0.990276359122,0.));
#1116 = ORIENTED_EDGE('',*,*,#1117,.T.);
#1117 = EDGE_CURVE('',#1110,#1118,#1120,.T.);
#1118 = VERTEX_POINT('',#1119);
#1119 = CARTESIAN_POINT('',(5.319583962594,12.407740586622,0.));
#1120 = LINE('',#1121,#1122);
#1121 = CARTESIAN_POINT('',(5.623850826635,12.272827786609,0.));
#1122 = VECTOR('',#1123,1.);
#1123 = DIRECTION('',(-0.914164586393,0.405343199011,0.));
#1124 = ORIENTED_EDGE('',*,*,#1125,.T.);
#1125 = EDGE_CURVE('',#1118,#1126,#1128,.T.);
#1126 = VERTEX_POINT('',#1127);
#1127 = CARTESIAN_POINT('',(5.012083614962,12.535111401046,0.));
#1128 = LINE('',#1129,#1130);
#1129 = CARTESIAN_POINT('',(5.319583962594,12.407740586622,0.));
#1130 = VECTOR('',#1131,1.);
#1131 = DIRECTION('',(-0.923879532511,0.382683432365,0.));
#1132 = ORIENTED_EDGE('',*,*,#1133,.T.);
#1133 = EDGE_CURVE('',#1126,#1134,#1136,.T.);
#1134 = VERTEX_POINT('',#1135);
#1135 = CARTESIAN_POINT('',(4.70153669635,12.654862808141,0.));
#1136 = LINE('',#1137,#1138);
#1137 = CARTESIAN_POINT('',(5.012083614962,12.535111401046,0.));
#1138 = VECTOR('',#1139,1.);
#1139 = DIRECTION('',(-0.933032902888,0.359791053431,0.));
#1140 = ORIENTED_EDGE('',*,*,#1141,.T.);
#1141 = EDGE_CURVE('',#1134,#1142,#1144,.T.);
#1142 = VERTEX_POINT('',#1143);
#1143 = CARTESIAN_POINT('',(4.55057394694,12.541090114175,0.));
#1144 = LINE('',#1145,#1146);
#1145 = CARTESIAN_POINT('',(4.70153669635,12.654862808141,0.));
#1146 = VECTOR('',#1147,1.);
#1147 = DIRECTION('',(-0.798599651604,-0.601862605964,0.));
#1148 = ORIENTED_EDGE('',*,*,#1149,.T.);
#1149 = EDGE_CURVE('',#1142,#1150,#1152,.T.);
#1150 = VERTEX_POINT('',#1151);
#1151 = CARTESIAN_POINT('',(4.404413725648,12.424770673877,0.));
#1152 = LINE('',#1153,#1154);
#1153 = CARTESIAN_POINT('',(4.55057394694,12.541090114175,0.));
#1154 = VECTOR('',#1155,1.);
#1155 = DIRECTION('',(-0.78245594888,-0.622705940282,0.));
#1156 = ORIENTED_EDGE('',*,*,#1157,.T.);
#1157 = EDGE_CURVE('',#1150,#1158,#1160,.T.);
#1158 = VERTEX_POINT('',#1159);
#1159 = CARTESIAN_POINT('',(4.263183859355,12.305959108553,0.));
#1160 = LINE('',#1161,#1162);
#1161 = CARTESIAN_POINT('',(4.404413725648,12.424770673877,0.));
#1162 = VECTOR('',#1163,1.);
#1163 = DIRECTION('',(-0.765228387937,-0.643758894537,0.));
#1164 = ORIENTED_EDGE('',*,*,#1165,.T.);
#1165 = EDGE_CURVE('',#1158,#1166,#1168,.T.);
#1166 = VERTEX_POINT('',#1167);
#1167 = CARTESIAN_POINT('',(4.127026992226,12.184705643088,0.));
#1168 = LINE('',#1169,#1170);
#1169 = CARTESIAN_POINT('',(4.263183859355,12.305959108553,0.));
#1170 = VECTOR('',#1171,1.);
#1171 = DIRECTION('',(-0.746795834713,-0.665053367223,0.));
#1172 = ORIENTED_EDGE('',*,*,#1173,.T.);
#1173 = EDGE_CURVE('',#1166,#1174,#1176,.T.);
#1174 = VERTEX_POINT('',#1175);
#1175 = CARTESIAN_POINT('',(3.996104917217,12.0610548322,0.));
#1176 = LINE('',#1177,#1178);
#1177 = CARTESIAN_POINT('',(4.127026992226,12.184705643088,0.));
#1178 = VECTOR('',#1179,1.);
#1179 = DIRECTION('',(-0.727007097204,-0.68662994445,0.));
#1180 = ORIENTED_EDGE('',*,*,#1181,.T.);
#1181 = EDGE_CURVE('',#1174,#1182,#1184,.T.);
#1182 = VERTEX_POINT('',#1183);
#1183 = CARTESIAN_POINT('',(3.870604619015,11.935043795385,0.));
#1184 = LINE('',#1185,#1186);
#1185 = CARTESIAN_POINT('',(3.996104917217,12.0610548322,0.));
#1186 = VECTOR('',#1187,1.);
#1187 = DIRECTION('',(-0.705669419815,-0.708541226703,0.));
#1188 = ORIENTED_EDGE('',*,*,#1189,.T.);
#1189 = EDGE_CURVE('',#1182,#1190,#1192,.T.);
#1190 = VERTEX_POINT('',#1191);
#1191 = CARTESIAN_POINT('',(3.750746991655,11.806699683955,0.));
#1192 = LINE('',#1193,#1194);
#1193 = CARTESIAN_POINT('',(3.870604619015,11.935043795385,0.));
#1194 = VECTOR('',#1195,1.);
#1195 = DIRECTION('',(-0.682530619475,-0.730856999337,0.));
#1196 = ORIENTED_EDGE('',*,*,#1197,.T.);
#1197 = EDGE_CURVE('',#1190,#1198,#1200,.T.);
#1198 = VERTEX_POINT('',#1199);
#1199 = CARTESIAN_POINT('',(3.636799947691,11.676035887203,0.));
#1200 = LINE('',#1201,#1202);
#1201 = CARTESIAN_POINT('',(3.750746991655,11.806699683955,0.));
#1202 = VECTOR('',#1203,1.);
#1203 = DIRECTION('',(-0.657249948765,-0.753672677526,0.));
#1204 = ORIENTED_EDGE('',*,*,#1205,.T.);
#1205 = EDGE_CURVE('',#1198,#1206,#1208,.T.);
#1206 = VERTEX_POINT('',#1207);
#1207 = CARTESIAN_POINT('',(3.529099202099,11.543046034954,0.));
#1208 = LINE('',#1209,#1210);
#1209 = CARTESIAN_POINT('',(3.636799947691,11.676035887203,0.));
#1210 = VECTOR('',#1211,1.);
#1211 = DIRECTION('',(-0.629347518484,-0.77712399331,0.));
#1212 = ORIENTED_EDGE('',*,*,#1213,.T.);
#1213 = EDGE_CURVE('',#1206,#1214,#1216,.T.);
#1214 = VERTEX_POINT('',#1215);
#1215 = CARTESIAN_POINT('',(3.428083610407,11.40769382111,0.));
#1216 = LINE('',#1217,#1218);
#1217 = CARTESIAN_POINT('',(3.529099202099,11.543046034954,0.));
#1218 = VECTOR('',#1219,1.);
#1219 = DIRECTION('',(-0.598109044208,-0.801414731108,0.));
#1220 = ORIENTED_EDGE('',*,*,#1221,.T.);
#1221 = EDGE_CURVE('',#1214,#1222,#1224,.T.);
#1222 = VERTEX_POINT('',#1223);
#1223 = CARTESIAN_POINT('',(3.334361392412,11.269893958773,0.));
#1224 = LINE('',#1225,#1226);
#1225 = CARTESIAN_POINT('',(3.428083610407,11.40769382111,0.));
#1226 = VECTOR('',#1227,1.);
#1227 = DIRECTION('',(-0.56238515569,-0.826875405765,0.));
#1228 = ORIENTED_EDGE('',*,*,#1229,.T.);
#1229 = EDGE_CURVE('',#1222,#1230,#1232,.T.);
#1230 = VERTEX_POINT('',#1231);
#1231 = CARTESIAN_POINT('',(3.248853831045,11.129470889087,0.));
#1232 = LINE('',#1233,#1234);
#1233 = CARTESIAN_POINT('',(3.334361392412,11.269893958773,0.));
#1234 = VECTOR('',#1235,1.);
#1235 = DIRECTION('',(-0.520091839346,-0.854110343367,0.));
#1236 = ORIENTED_EDGE('',*,*,#1237,.T.);
#1237 = EDGE_CURVE('',#1230,#1238,#1240,.T.);
#1238 = VERTEX_POINT('',#1239);
#1239 = CARTESIAN_POINT('',(3.173197964398,10.986043122202,0.));
#1240 = LINE('',#1241,#1242);
#1241 = CARTESIAN_POINT('',(3.248853831045,11.129470889087,0.));
#1242 = VECTOR('',#1243,1.);
#1243 = DIRECTION('',(-0.46655544347,-0.884491954835,0.));
#1244 = ORIENTED_EDGE('',*,*,#1245,.T.);
#1245 = EDGE_CURVE('',#1238,#1246,#1248,.T.);
#1246 = VERTEX_POINT('',#1247);
#1247 = CARTESIAN_POINT('',(3.112150071431,10.83833306477,0.));
#1248 = LINE('',#1249,#1250);
#1249 = CARTESIAN_POINT('',(3.173197964398,10.986043122202,0.));
#1250 = VECTOR('',#1251,1.);
#1251 = DIRECTION('',(-0.38195906537,-0.924179242562,0.));
#1252 = ORIENTED_EDGE('',*,*,#1253,.T.);
#1253 = EDGE_CURVE('',#1246,#1254,#1256,.T.);
#1254 = VERTEX_POINT('',#1255);
#1255 = CARTESIAN_POINT('',(2.794402372519,9.731749091528,0.));
#1256 = LINE('',#1257,#1258);
#1257 = CARTESIAN_POINT('',(3.112150071431,10.83833306477,0.));
#1258 = VECTOR('',#1259,1.);
#1259 = DIRECTION('',(-0.27599035778,-0.961160404102,0.));
#1260 = ORIENTED_EDGE('',*,*,#1261,.T.);
#1261 = EDGE_CURVE('',#1254,#1262,#1264,.T.);
#1262 = VERTEX_POINT('',#1263);
#1263 = CARTESIAN_POINT('',(2.386914488009,9.839627240243,0.));
#1264 = LINE('',#1265,#1266);
#1265 = CARTESIAN_POINT('',(2.794402372519,9.731749091528,0.));
#1266 = VECTOR('',#1267,1.);
#1267 = DIRECTION('',(-0.966697182428,0.255922952246,0.));
#1268 = ORIENTED_EDGE('',*,*,#1269,.T.);
#1269 = EDGE_CURVE('',#1262,#1270,#1272,.T.);
#1270 = VERTEX_POINT('',#1271);
#1271 = CARTESIAN_POINT('',(1.975289510413,9.930450964083,0.));
#1272 = LINE('',#1273,#1274);
#1273 = CARTESIAN_POINT('',(2.386914488009,9.839627240243,0.));
#1274 = VECTOR('',#1275,1.);
#1275 = DIRECTION('',(-0.976511747182,0.215464167822,0.));
#1276 = ORIENTED_EDGE('',*,*,#1277,.T.);
#1277 = EDGE_CURVE('',#1270,#1278,#1280,.T.);
#1278 = VERTEX_POINT('',#1279);
#1279 = CARTESIAN_POINT('',(1.560240884163,10.004062843834,0.));
#1280 = LINE('',#1281,#1282);
#1281 = CARTESIAN_POINT('',(1.975289510413,9.930450964083,0.));
#1282 = VECTOR('',#1283,1.);
#1283 = DIRECTION('',(-0.984633783772,0.174631932517,0.));
#1284 = ORIENTED_EDGE('',*,*,#1285,.T.);
#1285 = EDGE_CURVE('',#1278,#1286,#1288,.T.);
#1286 = VERTEX_POINT('',#1287);
#1287 = CARTESIAN_POINT('',(1.14248798769,10.060335292523,0.));
#1288 = LINE('',#1289,#1290);
#1289 = CARTESIAN_POINT('',(1.560240884163,10.004062843834,0.));
#1290 = VECTOR('',#1291,1.);
#1291 = DIRECTION('',(-0.991049214768,0.133497018349,0.));
#1292 = ORIENTED_EDGE('',*,*,#1293,.T.);
#1293 = EDGE_CURVE('',#1286,#1294,#1296,.T.);
#1294 = VERTEX_POINT('',#1295);
#1295 = CARTESIAN_POINT('',(1.272398745244,11.204282356452,0.));
#1296 = LINE('',#1297,#1298);
#1297 = CARTESIAN_POINT('',(1.14248798769,10.060335292523,0.));
#1298 = VECTOR('',#1299,1.);
#1299 = DIRECTION('',(0.112838319772,0.993613362224,0.));
#1300 = ORIENTED_EDGE('',*,*,#1301,.T.);
#1301 = EDGE_CURVE('',#1294,#1302,#1304,.T.);
#1302 = VERTEX_POINT('',#1303);
#1303 = CARTESIAN_POINT('',(1.272524038201,11.364110672478,0.));
#1304 = LINE('',#1305,#1306);
#1305 = CARTESIAN_POINT('',(1.272398745244,11.204282356452,0.));
#1306 = VECTOR('',#1307,1.);
#1307 = DIRECTION('',(7.839219114686E-04,0.999999692733,0.));
#1308 = ORIENTED_EDGE('',*,*,#1309,.T.);
#1309 = EDGE_CURVE('',#1302,#1310,#1312,.T.);
#1310 = VERTEX_POINT('',#1311);
#1311 = CARTESIAN_POINT('',(1.25751456162,11.525572897424,0.));
#1312 = LINE('',#1313,#1314);
#1313 = CARTESIAN_POINT('',(1.272524038201,11.364110672478,0.));
#1314 = VECTOR('',#1315,1.);
#1315 = DIRECTION('',(-9.256060782806E-02,0.995707052239,0.));
#1316 = ORIENTED_EDGE('',*,*,#1317,.T.);
#1317 = EDGE_CURVE('',#1310,#1318,#1320,.T.);
#1318 = VERTEX_POINT('',#1319);
#1319 = CARTESIAN_POINT('',(1.232253458089,11.688029224477,0.));
#1320 = LINE('',#1321,#1322);
#1321 = CARTESIAN_POINT('',(1.25751456162,11.525572897424,0.));
#1322 = VECTOR('',#1323,1.);
#1323 = DIRECTION('',(-0.15364832758,0.988125594969,0.));
#1324 = ORIENTED_EDGE('',*,*,#1325,.T.);
#1325 = EDGE_CURVE('',#1318,#1326,#1328,.T.);
#1326 = VERTEX_POINT('',#1327);
#1327 = CARTESIAN_POINT('',(1.19839914344,11.851205636944,0.));
#1328 = LINE('',#1329,#1330);
#1329 = CARTESIAN_POINT('',(1.232253458089,11.688029224477,0.));
#1330 = VECTOR('',#1331,1.);
#1331 = DIRECTION('',(-0.203144616314,0.979148745014,0.));
#1332 = ORIENTED_EDGE('',*,*,#1333,.T.);
#1333 = EDGE_CURVE('',#1326,#1334,#1336,.T.);
#1334 = VERTEX_POINT('',#1335);
#1335 = CARTESIAN_POINT('',(1.156869955583,12.014911770345,0.));
#1336 = LINE('',#1337,#1338);
#1337 = CARTESIAN_POINT('',(1.19839914344,11.851205636944,0.));
#1338 = VECTOR('',#1339,1.);
#1339 = DIRECTION('',(-0.245892564105,0.96929708909,0.));
#1340 = ORIENTED_EDGE('',*,*,#1341,.T.);
#1341 = EDGE_CURVE('',#1334,#1342,#1344,.T.);
#1342 = VERTEX_POINT('',#1343);
#1343 = CARTESIAN_POINT('',(1.108260454223,12.178993663862,0.));
#1344 = LINE('',#1345,#1346);
#1345 = CARTESIAN_POINT('',(1.156869955583,12.014911770345,0.));
#1346 = VECTOR('',#1347,1.);
#1347 = DIRECTION('',(-0.284048814031,0.958809820167,0.));
#1348 = ORIENTED_EDGE('',*,*,#1349,.T.);
#1349 = EDGE_CURVE('',#1342,#1350,#1352,.T.);
#1350 = VERTEX_POINT('',#1351);
#1351 = CARTESIAN_POINT('',(1.052989982741,12.343316917213,0.));
#1352 = LINE('',#1353,#1354);
#1353 = CARTESIAN_POINT('',(1.108260454223,12.178993663862,0.));
#1354 = VECTOR('',#1355,1.);
#1355 = DIRECTION('',(-0.318801728293,0.947821427294,0.));
#1356 = ORIENTED_EDGE('',*,*,#1357,.T.);
#1357 = EDGE_CURVE('',#1350,#1358,#1360,.T.);
#1358 = VERTEX_POINT('',#1359);
#1359 = CARTESIAN_POINT('',(0.991371139094,12.507758943115,0.));
#1360 = LINE('',#1361,#1362);
#1361 = CARTESIAN_POINT('',(1.052989982741,12.343316917213,0.));
#1362 = VECTOR('',#1363,1.);
#1363 = DIRECTION('',(-0.35088920457,0.936416983035,0.));
#1364 = ORIENTED_EDGE('',*,*,#1365,.T.);
#1365 = EDGE_CURVE('',#1358,#1366,#1368,.T.);
#1366 = VERTEX_POINT('',#1367);
#1367 = CARTESIAN_POINT('',(0.923646318345,12.672204845778,0.));
#1368 = LINE('',#1369,#1370);
#1369 = CARTESIAN_POINT('',(0.991371139094,12.507758943115,0.));
#1370 = VECTOR('',#1371,1.);
#1371 = DIRECTION('',(-0.380806545079,0.924654732981,0.));
#1372 = ORIENTED_EDGE('',*,*,#1373,.T.);
#1373 = EDGE_CURVE('',#1366,#1374,#1376,.T.);
#1374 = VERTEX_POINT('',#1375);
#1375 = CARTESIAN_POINT('',(0.850009209616,12.836545008172,0.));
#1376 = LINE('',#1377,#1378);
#1377 = CARTESIAN_POINT('',(0.923646318345,12.672204845778,0.));
#1378 = VECTOR('',#1379,1.);
#1379 = DIRECTION('',(-0.408905073191,0.912576923398,0.));
#1380 = ORIENTED_EDGE('',*,*,#1381,.T.);
#1381 = EDGE_CURVE('',#1374,#1382,#1384,.T.);
#1382 = VERTEX_POINT('',#1383);
#1383 = CARTESIAN_POINT('',(0.770618359216,13.000673580415,0.));
#1384 = LINE('',#1385,#1386);
#1385 = CARTESIAN_POINT('',(0.850009209616,12.836545008172,0.));
#1386 = VECTOR('',#1387,1.);
#1387 = DIRECTION('',(-0.435444481382,0.900215587309,0.));
#1388 = ORIENTED_EDGE('',*,*,#1389,.T.);
#1389 = EDGE_CURVE('',#1382,#1390,#1392,.T.);
#1390 = VERTEX_POINT('',#1391);
#1391 = CARTESIAN_POINT('',(0.68560619399,13.164487483828,0.));
#1392 = LINE('',#1393,#1394);
#1393 = CARTESIAN_POINT('',(0.770618359216,13.000673580415,0.));
#1394 = VECTOR('',#1395,1.);
#1395 = DIRECTION('',(-0.460622981935,0.887595892574,0.));
#1396 = ORIENTED_EDGE('',*,*,#1397,.T.);
#1397 = EDGE_CURVE('',#1390,#1398,#1400,.T.);
#1398 = VERTEX_POINT('',#1399);
#1399 = CARTESIAN_POINT('',(0.595085279735,13.327885729112,0.));
#1400 = LINE('',#1401,#1402);
#1401 = CARTESIAN_POINT('',(0.68560619399,13.164487483828,0.));
#1402 = VECTOR('',#1403,1.);
#1403 = DIRECTION('',(-0.48459578968,0.874738201192,0.));
#1404 = ORIENTED_EDGE('',*,*,#1405,.T.);
#1405 = EDGE_CURVE('',#1398,#1406,#1408,.T.);
#1406 = VERTEX_POINT('',#1407);
#1407 = CARTESIAN_POINT('',(0.49915281042,13.49076893553,0.));
#1408 = LINE('',#1409,#1410);
#1409 = CARTESIAN_POINT('',(0.595085279735,13.327885729112,0.));
#1410 = VECTOR('',#1411,1.);
#1411 = DIRECTION('',(-0.507487024925,0.861659398796,0.));
#1412 = ORIENTED_EDGE('',*,*,#1413,.T.);
#1413 = EDGE_CURVE('',#1406,#1414,#1416,.T.);
#1414 = VERTEX_POINT('',#1415);
#1415 = CARTESIAN_POINT('',(0.166417988932,13.49897422225,0.));
#1416 = LINE('',#1417,#1418);
#1417 = CARTESIAN_POINT('',(0.49915281042,13.49076893553,0.));
#1418 = VECTOR('',#1419,1.);
#1419 = DIRECTION('',(-0.999696077399,2.465264354143E-02,0.));
#1420 = ORIENTED_EDGE('',*,*,#1421,.T.);
#1421 = EDGE_CURVE('',#1414,#1422,#1424,.T.);
#1422 = VERTEX_POINT('',#1423);
#1423 = CARTESIAN_POINT('',(-0.166417988932,13.49897422225,0.));
#1424 = LINE('',#1425,#1426);
#1425 = CARTESIAN_POINT('',(0.166417988932,13.49897422225,0.));
#1426 = VECTOR('',#1427,1.);
#1427 = DIRECTION('',(-1.,0.,0.));
#1428 = ORIENTED_EDGE('',*,*,#1429,.T.);
#1429 = EDGE_CURVE('',#1422,#1430,#1432,.T.);
#1430 = VERTEX_POINT('',#1431);
#1431 = CARTESIAN_POINT('',(-0.49915281042,13.49076893553,0.));
#1432 = LINE('',#1433,#1434);
#1433 = CARTESIAN_POINT('',(-0.166417988932,13.49897422225,0.));
#1434 = VECTOR('',#1435,1.);
#1435 = DIRECTION('',(-0.999696077399,-2.465264354143E-02,0.));
#1436 = ORIENTED_EDGE('',*,*,#1437,.T.);
#1437 = EDGE_CURVE('',#1430,#1438,#1440,.T.);
#1438 = VERTEX_POINT('',#1439);
#1439 = CARTESIAN_POINT('',(-0.595085279735,13.327885729112,0.));
#1440 = LINE('',#1441,#1442);
#1441 = CARTESIAN_POINT('',(-0.49915281042,13.49076893553,0.));
#1442 = VECTOR('',#1443,1.);
#1443 = DIRECTION('',(-0.507487024925,-0.861659398796,0.));
#1444 = ORIENTED_EDGE('',*,*,#1445,.T.);
#1445 = EDGE_CURVE('',#1438,#1446,#1448,.T.);
#1446 = VERTEX_POINT('',#1447);
#1447 = CARTESIAN_POINT('',(-0.68560619399,13.164487483828,0.));
#1448 = LINE('',#1449,#1450);
#1449 = CARTESIAN_POINT('',(-0.595085279735,13.327885729112,0.));
#1450 = VECTOR('',#1451,1.);
#1451 = DIRECTION('',(-0.48459578968,-0.874738201192,0.));
#1452 = ORIENTED_EDGE('',*,*,#1453,.T.);
#1453 = EDGE_CURVE('',#1446,#1454,#1456,.T.);
#1454 = VERTEX_POINT('',#1455);
#1455 = CARTESIAN_POINT('',(-0.770618359216,13.000673580415,0.));
#1456 = LINE('',#1457,#1458);
#1457 = CARTESIAN_POINT('',(-0.68560619399,13.164487483828,0.));
#1458 = VECTOR('',#1459,1.);
#1459 = DIRECTION('',(-0.460622981935,-0.887595892574,0.));
#1460 = ORIENTED_EDGE('',*,*,#1461,.T.);
#1461 = EDGE_CURVE('',#1454,#1462,#1464,.T.);
#1462 = VERTEX_POINT('',#1463);
#1463 = CARTESIAN_POINT('',(-0.850009209616,12.836545008172,0.));
#1464 = LINE('',#1465,#1466);
#1465 = CARTESIAN_POINT('',(-0.770618359216,13.000673580415,0.));
#1466 = VECTOR('',#1467,1.);
#1467 = DIRECTION('',(-0.435444481382,-0.900215587309,0.));
#1468 = ORIENTED_EDGE('',*,*,#1469,.T.);
#1469 = EDGE_CURVE('',#1462,#1470,#1472,.T.);
#1470 = VERTEX_POINT('',#1471);
#1471 = CARTESIAN_POINT('',(-0.923646318345,12.672204845778,0.));
#1472 = LINE('',#1473,#1474);
#1473 = CARTESIAN_POINT('',(-0.850009209616,12.836545008172,0.));
#1474 = VECTOR('',#1475,1.);
#1475 = DIRECTION('',(-0.408905073191,-0.912576923398,0.));
#1476 = ORIENTED_EDGE('',*,*,#1477,.T.);
#1477 = EDGE_CURVE('',#1470,#1478,#1480,.T.);
#1478 = VERTEX_POINT('',#1479);
#1479 = CARTESIAN_POINT('',(-0.991371139094,12.507758943115,0.));
#1480 = LINE('',#1481,#1482);
#1481 = CARTESIAN_POINT('',(-0.923646318345,12.672204845778,0.));
#1482 = VECTOR('',#1483,1.);
#1483 = DIRECTION('',(-0.380806545079,-0.924654732981,0.));
#1484 = ORIENTED_EDGE('',*,*,#1485,.T.);
#1485 = EDGE_CURVE('',#1478,#1486,#1488,.T.);
#1486 = VERTEX_POINT('',#1487);
#1487 = CARTESIAN_POINT('',(-1.052989982741,12.343316917213,0.));
#1488 = LINE('',#1489,#1490);
#1489 = CARTESIAN_POINT('',(-0.991371139094,12.507758943115,0.));
#1490 = VECTOR('',#1491,1.);
#1491 = DIRECTION('',(-0.35088920457,-0.936416983035,0.));
#1492 = ORIENTED_EDGE('',*,*,#1493,.T.);
#1493 = EDGE_CURVE('',#1486,#1494,#1496,.T.);
#1494 = VERTEX_POINT('',#1495);
#1495 = CARTESIAN_POINT('',(-1.108260454223,12.178993663862,0.));
#1496 = LINE('',#1497,#1498);
#1497 = CARTESIAN_POINT('',(-1.052989982741,12.343316917213,0.));
#1498 = VECTOR('',#1499,1.);
#1499 = DIRECTION('',(-0.318801728293,-0.947821427294,0.));
#1500 = ORIENTED_EDGE('',*,*,#1501,.T.);
#1501 = EDGE_CURVE('',#1494,#1502,#1504,.T.);
#1502 = VERTEX_POINT('',#1503);
#1503 = CARTESIAN_POINT('',(-1.156869955583,12.014911770345,0.));
#1504 = LINE('',#1505,#1506);
#1505 = CARTESIAN_POINT('',(-1.108260454223,12.178993663862,0.));
#1506 = VECTOR('',#1507,1.);
#1507 = DIRECTION('',(-0.284048814031,-0.958809820167,0.));
#1508 = ORIENTED_EDGE('',*,*,#1509,.T.);
#1509 = EDGE_CURVE('',#1502,#1510,#1512,.T.);
#1510 = VERTEX_POINT('',#1511);
#1511 = CARTESIAN_POINT('',(-1.19839914344,11.851205636944,0.));
#1512 = LINE('',#1513,#1514);
#1513 = CARTESIAN_POINT('',(-1.156869955583,12.014911770345,0.));
#1514 = VECTOR('',#1515,1.);
#1515 = DIRECTION('',(-0.245892564105,-0.96929708909,0.));
#1516 = ORIENTED_EDGE('',*,*,#1517,.T.);
#1517 = EDGE_CURVE('',#1510,#1518,#1520,.T.);
#1518 = VERTEX_POINT('',#1519);
#1519 = CARTESIAN_POINT('',(-1.232253458089,11.688029224477,0.));
#1520 = LINE('',#1521,#1522);
#1521 = CARTESIAN_POINT('',(-1.19839914344,11.851205636944,0.));
#1522 = VECTOR('',#1523,1.);
#1523 = DIRECTION('',(-0.203144616314,-0.979148745014,0.));
#1524 = ORIENTED_EDGE('',*,*,#1525,.T.);
#1525 = EDGE_CURVE('',#1518,#1526,#1528,.T.);
#1526 = VERTEX_POINT('',#1527);
#1527 = CARTESIAN_POINT('',(-1.25751456162,11.525572897424,0.));
#1528 = LINE('',#1529,#1530);
#1529 = CARTESIAN_POINT('',(-1.232253458089,11.688029224477,0.));
#1530 = VECTOR('',#1531,1.);
#1531 = DIRECTION('',(-0.15364832758,-0.988125594969,0.));
#1532 = ORIENTED_EDGE('',*,*,#1533,.T.);
#1533 = EDGE_CURVE('',#1526,#1534,#1536,.T.);
#1534 = VERTEX_POINT('',#1535);
#1535 = CARTESIAN_POINT('',(-1.272524038201,11.364110672478,0.));
#1536 = LINE('',#1537,#1538);
#1537 = CARTESIAN_POINT('',(-1.25751456162,11.525572897424,0.));
#1538 = VECTOR('',#1539,1.);
#1539 = DIRECTION('',(-9.256060782806E-02,-0.995707052239,0.));
#1540 = ORIENTED_EDGE('',*,*,#1541,.T.);
#1541 = EDGE_CURVE('',#1534,#1542,#1544,.T.);
#1542 = VERTEX_POINT('',#1543);
#1543 = CARTESIAN_POINT('',(-1.272398745244,11.204282356452,0.));
#1544 = LINE('',#1545,#1546);
#1545 = CARTESIAN_POINT('',(-1.272524038201,11.364110672478,0.));
#1546 = VECTOR('',#1547,1.);
#1547 = DIRECTION('',(7.839219114672E-04,-0.999999692733,0.));
#1548 = ORIENTED_EDGE('',*,*,#1549,.T.);
#1549 = EDGE_CURVE('',#1542,#1550,#1552,.T.);
#1550 = VERTEX_POINT('',#1551);
#1551 = CARTESIAN_POINT('',(-1.14248798769,10.060335292523,0.));
#1552 = LINE('',#1553,#1554);
#1553 = CARTESIAN_POINT('',(-1.272398745244,11.204282356452,0.));
#1554 = VECTOR('',#1555,1.);
#1555 = DIRECTION('',(0.112838319772,-0.993613362224,0.));
#1556 = ORIENTED_EDGE('',*,*,#1557,.T.);
#1557 = EDGE_CURVE('',#1550,#1558,#1560,.T.);
#1558 = VERTEX_POINT('',#1559);
#1559 = CARTESIAN_POINT('',(-1.560240884163,10.004062843834,0.));
#1560 = LINE('',#1561,#1562);
#1561 = CARTESIAN_POINT('',(-1.14248798769,10.060335292523,0.));
#1562 = VECTOR('',#1563,1.);
#1563 = DIRECTION('',(-0.991049214768,-0.133497018349,0.));
#1564 = ORIENTED_EDGE('',*,*,#1565,.T.);
#1565 = EDGE_CURVE('',#1558,#1566,#1568,.T.);
#1566 = VERTEX_POINT('',#1567);
#1567 = CARTESIAN_POINT('',(-1.975289510413,9.930450964083,0.));
#1568 = LINE('',#1569,#1570);
#1569 = CARTESIAN_POINT('',(-1.560240884163,10.004062843834,0.));
#1570 = VECTOR('',#1571,1.);
#1571 = DIRECTION('',(-0.984633783772,-0.174631932517,0.));
#1572 = ORIENTED_EDGE('',*,*,#1573,.T.);
#1573 = EDGE_CURVE('',#1566,#1574,#1576,.T.);
#1574 = VERTEX_POINT('',#1575);
#1575 = CARTESIAN_POINT('',(-2.386914488009,9.839627240243,0.));
#1576 = LINE('',#1577,#1578);
#1577 = CARTESIAN_POINT('',(-1.975289510413,9.930450964083,0.));
#1578 = VECTOR('',#1579,1.);
#1579 = DIRECTION('',(-0.976511747182,-0.215464167822,0.));
#1580 = ORIENTED_EDGE('',*,*,#1581,.T.);
#1581 = EDGE_CURVE('',#1574,#1582,#1584,.T.);
#1582 = VERTEX_POINT('',#1583);
#1583 = CARTESIAN_POINT('',(-2.794402372519,9.731749091528,0.));
#1584 = LINE('',#1585,#1586);
#1585 = CARTESIAN_POINT('',(-2.386914488009,9.839627240243,0.));
#1586 = VECTOR('',#1587,1.);
#1587 = DIRECTION('',(-0.966697182428,-0.255922952246,0.));
#1588 = ORIENTED_EDGE('',*,*,#1589,.T.);
#1589 = EDGE_CURVE('',#1582,#1590,#1592,.T.);
#1590 = VERTEX_POINT('',#1591);
#1591 = CARTESIAN_POINT('',(-3.112150071431,10.83833306477,0.));
#1592 = LINE('',#1593,#1594);
#1593 = CARTESIAN_POINT('',(-2.794402372519,9.731749091528,0.));
#1594 = VECTOR('',#1595,1.);
#1595 = DIRECTION('',(-0.27599035778,0.961160404102,0.));
#1596 = ORIENTED_EDGE('',*,*,#1597,.T.);
#1597 = EDGE_CURVE('',#1590,#1598,#1600,.T.);
#1598 = VERTEX_POINT('',#1599);
#1599 = CARTESIAN_POINT('',(-3.173197964398,10.986043122202,0.));
#1600 = LINE('',#1601,#1602);
#1601 = CARTESIAN_POINT('',(-3.112150071431,10.83833306477,0.));
#1602 = VECTOR('',#1603,1.);
#1603 = DIRECTION('',(-0.38195906537,0.924179242562,0.));
#1604 = ORIENTED_EDGE('',*,*,#1605,.T.);
#1605 = EDGE_CURVE('',#1598,#1606,#1608,.T.);
#1606 = VERTEX_POINT('',#1607);
#1607 = CARTESIAN_POINT('',(-3.248853831045,11.129470889087,0.));
#1608 = LINE('',#1609,#1610);
#1609 = CARTESIAN_POINT('',(-3.173197964398,10.986043122202,0.));
#1610 = VECTOR('',#1611,1.);
#1611 = DIRECTION('',(-0.46655544347,0.884491954835,0.));
#1612 = ORIENTED_EDGE('',*,*,#1613,.T.);
#1613 = EDGE_CURVE('',#1606,#1614,#1616,.T.);
#1614 = VERTEX_POINT('',#1615);
#1615 = CARTESIAN_POINT('',(-3.334361392412,11.269893958773,0.));
#1616 = LINE('',#1617,#1618);
#1617 = CARTESIAN_POINT('',(-3.248853831045,11.129470889087,0.));
#1618 = VECTOR('',#1619,1.);
#1619 = DIRECTION('',(-0.520091839346,0.854110343367,0.));
#1620 = ORIENTED_EDGE('',*,*,#1621,.T.);
#1621 = EDGE_CURVE('',#1614,#1622,#1624,.T.);
#1622 = VERTEX_POINT('',#1623);
#1623 = CARTESIAN_POINT('',(-3.428083610407,11.40769382111,0.));
#1624 = LINE('',#1625,#1626);
#1625 = CARTESIAN_POINT('',(-3.334361392412,11.269893958773,0.));
#1626 = VECTOR('',#1627,1.);
#1627 = DIRECTION('',(-0.56238515569,0.826875405765,0.));
#1628 = ORIENTED_EDGE('',*,*,#1629,.T.);
#1629 = EDGE_CURVE('',#1622,#1630,#1632,.T.);
#1630 = VERTEX_POINT('',#1631);
#1631 = CARTESIAN_POINT('',(-3.529099202099,11.543046034954,0.));
#1632 = LINE('',#1633,#1634);
#1633 = CARTESIAN_POINT('',(-3.428083610407,11.40769382111,0.));
#1634 = VECTOR('',#1635,1.);
#1635 = DIRECTION('',(-0.598109044208,0.801414731108,0.));
#1636 = ORIENTED_EDGE('',*,*,#1637,.T.);
#1637 = EDGE_CURVE('',#1630,#1638,#1640,.T.);
#1638 = VERTEX_POINT('',#1639);
#1639 = CARTESIAN_POINT('',(-3.636799947691,11.676035887203,0.));
#1640 = LINE('',#1641,#1642);
#1641 = CARTESIAN_POINT('',(-3.529099202099,11.543046034954,0.));
#1642 = VECTOR('',#1643,1.);
#1643 = DIRECTION('',(-0.629347518484,0.77712399331,0.));
#1644 = ORIENTED_EDGE('',*,*,#1645,.T.);
#1645 = EDGE_CURVE('',#1638,#1646,#1648,.T.);
#1646 = VERTEX_POINT('',#1647);
#1647 = CARTESIAN_POINT('',(-3.750746991655,11.806699683955,0.));
#1648 = LINE('',#1649,#1650);
#1649 = CARTESIAN_POINT('',(-3.636799947691,11.676035887203,0.));
#1650 = VECTOR('',#1651,1.);
#1651 = DIRECTION('',(-0.657249948765,0.753672677526,0.));
#1652 = ORIENTED_EDGE('',*,*,#1653,.T.);
#1653 = EDGE_CURVE('',#1646,#1654,#1656,.T.);
#1654 = VERTEX_POINT('',#1655);
#1655 = CARTESIAN_POINT('',(-3.870604619015,11.935043795385,0.));
#1656 = LINE('',#1657,#1658);
#1657 = CARTESIAN_POINT('',(-3.750746991655,11.806699683955,0.));
#1658 = VECTOR('',#1659,1.);
#1659 = DIRECTION('',(-0.682530619475,0.730856999337,0.));
#1660 = ORIENTED_EDGE('',*,*,#1661,.T.);
#1661 = EDGE_CURVE('',#1654,#1662,#1664,.T.);
#1662 = VERTEX_POINT('',#1663);
#1663 = CARTESIAN_POINT('',(-3.996104917217,12.0610548322,0.));
#1664 = LINE('',#1665,#1666);
#1665 = CARTESIAN_POINT('',(-3.870604619015,11.935043795385,0.));
#1666 = VECTOR('',#1667,1.);
#1667 = DIRECTION('',(-0.705669419815,0.708541226703,0.));
#1668 = ORIENTED_EDGE('',*,*,#1669,.T.);
#1669 = EDGE_CURVE('',#1662,#1670,#1672,.T.);
#1670 = VERTEX_POINT('',#1671);
#1671 = CARTESIAN_POINT('',(-4.127026992226,12.184705643088,0.));
#1672 = LINE('',#1673,#1674);
#1673 = CARTESIAN_POINT('',(-3.996104917217,12.0610548322,0.));
#1674 = VECTOR('',#1675,1.);
#1675 = DIRECTION('',(-0.727007097204,0.68662994445,0.));
#1676 = ORIENTED_EDGE('',*,*,#1677,.T.);
#1677 = EDGE_CURVE('',#1670,#1678,#1680,.T.);
#1678 = VERTEX_POINT('',#1679);
#1679 = CARTESIAN_POINT('',(-4.263183859355,12.305959108553,0.));
#1680 = LINE('',#1681,#1682);
#1681 = CARTESIAN_POINT('',(-4.127026992226,12.184705643088,0.));
#1682 = VECTOR('',#1683,1.);
#1683 = DIRECTION('',(-0.746795834713,0.665053367223,0.));
#1684 = ORIENTED_EDGE('',*,*,#1685,.T.);
#1685 = EDGE_CURVE('',#1678,#1686,#1688,.T.);
#1686 = VERTEX_POINT('',#1687);
#1687 = CARTESIAN_POINT('',(-4.404413725648,12.424770673877,0.));
#1688 = LINE('',#1689,#1690);
#1689 = CARTESIAN_POINT('',(-4.263183859355,12.305959108553,0.));
#1690 = VECTOR('',#1691,1.);
#1691 = DIRECTION('',(-0.765228387937,0.643758894537,0.));
#1692 = ORIENTED_EDGE('',*,*,#1693,.T.);
#1693 = EDGE_CURVE('',#1686,#1694,#1696,.T.);
#1694 = VERTEX_POINT('',#1695);
#1695 = CARTESIAN_POINT('',(-4.55057394694,12.541090114175,0.));
#1696 = LINE('',#1697,#1698);
#1697 = CARTESIAN_POINT('',(-4.404413725648,12.424770673877,0.));
#1698 = VECTOR('',#1699,1.);
#1699 = DIRECTION('',(-0.78245594888,0.622705940282,0.));
#1700 = ORIENTED_EDGE('',*,*,#1701,.T.);
#1701 = EDGE_CURVE('',#1694,#1702,#1704,.T.);
#1702 = VERTEX_POINT('',#1703);
#1703 = CARTESIAN_POINT('',(-4.70153669635,12.654862808141,0.));
#1704 = LINE('',#1705,#1706);
#1705 = CARTESIAN_POINT('',(-4.55057394694,12.541090114175,0.));
#1706 = VECTOR('',#1707,1.);
#1707 = DIRECTION('',(-0.798599651604,0.601862605964,0.));
#1708 = ORIENTED_EDGE('',*,*,#1709,.T.);
#1709 = EDGE_CURVE('',#1702,#1710,#1712,.T.);
#1710 = VERTEX_POINT('',#1711);
#1711 = CARTESIAN_POINT('',(-5.012083614962,12.535111401046,0.));
#1712 = LINE('',#1713,#1714);
#1713 = CARTESIAN_POINT('',(-4.70153669635,12.654862808141,0.));
#1714 = VECTOR('',#1715,1.);
#1715 = DIRECTION('',(-0.933032902888,-0.359791053431,0.));
#1716 = ORIENTED_EDGE('',*,*,#1717,.T.);
#1717 = EDGE_CURVE('',#1710,#1718,#1720,.T.);
#1718 = VERTEX_POINT('',#1719);
#1719 = CARTESIAN_POINT('',(-5.319583962594,12.407740586622,0.));
#1720 = LINE('',#1721,#1722);
#1721 = CARTESIAN_POINT('',(-5.012083614962,12.535111401046,0.));
#1722 = VECTOR('',#1723,1.);
#1723 = DIRECTION('',(-0.923879532511,-0.382683432365,0.));
#1724 = ORIENTED_EDGE('',*,*,#1725,.T.);
#1725 = EDGE_CURVE('',#1718,#1726,#1728,.T.);
#1726 = VERTEX_POINT('',#1727);
#1727 = CARTESIAN_POINT('',(-5.623850826635,12.272827786609,0.));
#1728 = LINE('',#1729,#1730);
#1729 = CARTESIAN_POINT('',(-5.319583962594,12.407740586622,0.));
#1730 = VECTOR('',#1731,1.);
#1731 = DIRECTION('',(-0.914164586393,-0.405343199011,0.));
#1732 = ORIENTED_EDGE('',*,*,#1733,.T.);
#1733 = EDGE_CURVE('',#1726,#1734,#1736,.T.);
#1734 = VERTEX_POINT('',#1735);
#1735 = CARTESIAN_POINT('',(-5.650148167032,12.085631559377,0.));
#1736 = LINE('',#1737,#1738);
#1737 = CARTESIAN_POINT('',(-5.623850826635,12.272827786609,0.));
#1738 = VECTOR('',#1739,1.);
#1739 = DIRECTION('',(-0.139114099083,-0.990276359122,0.));
#1740 = ORIENTED_EDGE('',*,*,#1741,.T.);
#1741 = EDGE_CURVE('',#1734,#1742,#1744,.T.);
#1742 = VERTEX_POINT('',#1743);
#1743 = CARTESIAN_POINT('',(-5.671248785629,11.900030410743,0.));
#1744 = LINE('',#1745,#1746);
#1745 = CARTESIAN_POINT('',(-5.650148167032,12.085631559377,0.));
#1746 = VECTOR('',#1747,1.);
#1747 = DIRECTION('',(-0.112960314374,-0.993599500491,0.));
#1748 = ORIENTED_EDGE('',*,*,#1749,.T.);
#1749 = EDGE_CURVE('',#1742,#1750,#1752,.T.);
#1750 = VERTEX_POINT('',#1751);
#1751 = CARTESIAN_POINT('',(-5.687100918268,11.716153351057,0.));
#1752 = LINE('',#1753,#1754);
#1753 = CARTESIAN_POINT('',(-5.671248785629,11.900030410743,0.));
#1754 = VECTOR('',#1755,1.);
#1755 = DIRECTION('',(-8.589190249035E-02,-0.996304462043,0.));
#1756 = ORIENTED_EDGE('',*,*,#1757,.T.);
#1757 = EDGE_CURVE('',#1750,#1758,#1760,.T.);
#1758 = VERTEX_POINT('',#1759);
#1759 = CARTESIAN_POINT('',(-5.697639214646,11.534136759333,0.));
#1760 = LINE('',#1761,#1762);
#1761 = CARTESIAN_POINT('',(-5.687100918268,11.716153351057,0.));
#1762 = VECTOR('',#1763,1.);
#1763 = DIRECTION('',(-5.780065307349E-02,-0.998328144702,0.));
#1764 = ORIENTED_EDGE('',*,*,#1765,.T.);
#1765 = EDGE_CURVE('',#1758,#1766,#1768,.T.);
#1766 = VERTEX_POINT('',#1767);
#1767 = CARTESIAN_POINT('',(-5.702780774814,11.354126545409,0.));
#1768 = LINE('',#1769,#1770);
#1769 = CARTESIAN_POINT('',(-5.697639214646,11.534136759333,0.));
#1770 = VECTOR('',#1771,1.);
#1771 = DIRECTION('',(-2.855095851751E-02,-0.99959233829,0.));
#1772 = ORIENTED_EDGE('',*,*,#1773,.T.);
#1773 = EDGE_CURVE('',#1766,#1774,#1776,.T.);
#1774 = VERTEX_POINT('',#1775);
#1775 = CARTESIAN_POINT('',(-5.702419628077,11.176281174872,0.));
#1776 = LINE('',#1777,#1778);
#1777 = CARTESIAN_POINT('',(-5.702780774814,11.354126545409,0.));
#1778 = VECTOR('',#1779,1.);
#1779 = DIRECTION('',(2.030674124855E-03,-0.999997938179,0.));
#1780 = ORIENTED_EDGE('',*,*,#1781,.T.);
#1781 = EDGE_CURVE('',#1774,#1782,#1784,.T.);
#1782 = VERTEX_POINT('',#1783);
#1783 = CARTESIAN_POINT('',(-5.696418777643,11.000776042271,0.));
#1784 = LINE('',#1785,#1786);
#1785 = CARTESIAN_POINT('',(-5.702419628077,11.176281174872,0.));
#1786 = VECTOR('',#1787,1.);
#1787 = DIRECTION('',(3.417191091091E-02,-0.999415969707,0.));
#1788 = ORIENTED_EDGE('',*,*,#1789,.T.);
#1789 = EDGE_CURVE('',#1782,#1790,#1792,.T.);
#1790 = VERTEX_POINT('',#1791);
#1791 = CARTESIAN_POINT('',(-5.684598248388,10.82781005805,0.));
#1792 = LINE('',#1793,#1794);
#1793 = CARTESIAN_POINT('',(-5.696418777643,11.000776042271,0.));
#1794 = VECTOR('',#1795,1.);
#1795 = DIRECTION('',(6.818116536716E-02,-0.99767295678,0.));
#1796 = ORIENTED_EDGE('',*,*,#1797,.T.);
#1797 = EDGE_CURVE('',#1790,#1798,#1800,.T.);
#1798 = VERTEX_POINT('',#1799);
#1799 = CARTESIAN_POINT('',(-5.66671614958,10.657616104149,0.));
#1800 = LINE('',#1801,#1802);
#1801 = CARTESIAN_POINT('',(-5.684598248388,10.82781005805,0.));
#1802 = VECTOR('',#1803,1.);
#1803 = DIRECTION('',(0.10449374745,-0.994525543535,0.));
#1804 = ORIENTED_EDGE('',*,*,#1805,.T.);
#1805 = EDGE_CURVE('',#1798,#1806,#1808,.T.);
#1806 = VERTEX_POINT('',#1807);
#1807 = CARTESIAN_POINT('',(-5.642436491213,10.490478826,0.));
#1808 = LINE('',#1809,#1810);
#1809 = CARTESIAN_POINT('',(-5.66671614958,10.657616104149,0.));
#1810 = VECTOR('',#1811,1.);
#1811 = DIRECTION('',(0.143758829861,-0.989612751958,0.));
#1812 = ORIENTED_EDGE('',*,*,#1813,.T.);
#1813 = EDGE_CURVE('',#1806,#1814,#1816,.T.);
#1814 = VERTEX_POINT('',#1815);
#1815 = CARTESIAN_POINT('',(-5.611268890001,10.326767993003,0.));
#1816 = LINE('',#1817,#1818);
#1817 = CARTESIAN_POINT('',(-5.642436491213,10.490478826,0.));
#1818 = VECTOR('',#1819,1.);
#1819 = DIRECTION('',(0.187022849386,-0.98235556384,0.));
#1820 = ORIENTED_EDGE('',*,*,#1821,.T.);
#1821 = EDGE_CURVE('',#1814,#1822,#1824,.T.);
#1822 = VERTEX_POINT('',#1823);
#1823 = CARTESIAN_POINT('',(-5.572437761676,10.167010911707,0.));
#1824 = LINE('',#1825,#1826);
#1825 = CARTESIAN_POINT('',(-5.611268890001,10.326767993003,0.));
#1826 = VECTOR('',#1827,1.);
#1827 = DIRECTION('',(0.236186749235,-0.971707682117,0.));
#1828 = ORIENTED_EDGE('',*,*,#1829,.T.);
#1829 = EDGE_CURVE('',#1822,#1830,#1832,.T.);
#1830 = VERTEX_POINT('',#1831);
#1831 = CARTESIAN_POINT('',(-5.524515791443,10.01209538879,0.));
#1832 = LINE('',#1833,#1834);
#1833 = CARTESIAN_POINT('',(-5.572437761676,10.167010911707,0.));
#1834 = VECTOR('',#1835,1.);
#1835 = DIRECTION('',(0.295525741292,-0.955334777046,0.));
#1836 = ORIENTED_EDGE('',*,*,#1837,.T.);
#1837 = EDGE_CURVE('',#1830,#1838,#1840,.T.);
#1838 = VERTEX_POINT('',#1839);
#1839 = CARTESIAN_POINT('',(-5.463236387278,9.864481226436,0.));
#1840 = LINE('',#1841,#1842);
#1841 = CARTESIAN_POINT('',(-5.524515791443,10.01209538879,0.));
#1842 = VECTOR('',#1843,1.);
#1843 = DIRECTION('',(0.383407564188,-0.923579254706,0.));
#1844 = ORIENTED_EDGE('',*,*,#1845,.T.);
#1845 = EDGE_CURVE('',#1838,#1846,#1848,.T.);
#1846 = VERTEX_POINT('',#1847);
#1847 = CARTESIAN_POINT('',(-4.905444908454,8.857326642398,0.));
#1848 = LINE('',#1849,#1850);
#1849 = CARTESIAN_POINT('',(-5.463236387278,9.864481226436,0.));
#1850 = VECTOR('',#1851,1.);
#1851 = DIRECTION('',(0.48448838602,-0.874797693076,0.));
#1852 = ORIENTED_EDGE('',*,*,#1853,.T.);
#1853 = EDGE_CURVE('',#1846,#1854,#1856,.T.);
#1854 = VERTEX_POINT('',#1855);
#1855 = CARTESIAN_POINT('',(-5.26986372534,8.645470566507,0.));
#1856 = LINE('',#1857,#1858);
#1857 = CARTESIAN_POINT('',(-4.905444908454,8.857326642398,0.));
#1858 = VECTOR('',#1859,1.);
#1859 = DIRECTION('',(-0.864522988043,-0.502593278054,0.));
#1860 = ORIENTED_EDGE('',*,*,#1861,.T.);
#1861 = EDGE_CURVE('',#1854,#1862,#1864,.T.);
#1862 = VERTEX_POINT('',#1863);
#1863 = CARTESIAN_POINT('',(-5.625148609323,8.418629824563,0.));
#1864 = LINE('',#1865,#1866);
#1865 = CARTESIAN_POINT('',(-5.26986372534,8.645470566507,0.));
#1866 = VECTOR('',#1867,1.);
#1867 = DIRECTION('',(-0.84285425251,-0.538141904171,0.));
#1868 = ORIENTED_EDGE('',*,*,#1869,.T.);
#1869 = EDGE_CURVE('',#1862,#1870,#1872,.T.);
#1870 = VERTEX_POINT('',#1871);
#1871 = CARTESIAN_POINT('',(-5.970683766815,8.177197585768,0.));
#1872 = LINE('',#1873,#1874);
#1873 = CARTESIAN_POINT('',(-5.625148609323,8.418629824563,0.));
#1874 = VECTOR('',#1875,1.);
#1875 = DIRECTION('',(-0.819724649185,-0.572757801797,0.));
#1876 = ORIENTED_EDGE('',*,*,#1877,.T.);
#1877 = EDGE_CURVE('',#1870,#1878,#1880,.T.);
#1878 = VERTEX_POINT('',#1879);
#1879 = CARTESIAN_POINT('',(-6.305870302833,7.921592309873,0.));
#1880 = LINE('',#1881,#1882);
#1881 = CARTESIAN_POINT('',(-5.970683766815,8.177197585768,0.));
#1882 = VECTOR('',#1883,1.);
#1883 = DIRECTION('',(-0.795174267195,-0.606380973309,0.));
#1884 = ORIENTED_EDGE('',*,*,#1885,.T.);
#1885 = EDGE_CURVE('',#1878,#1886,#1888,.T.);
#1886 = VERTEX_POINT('',#1887);
#1887 = CARTESIAN_POINT('',(-7.022902251441,8.822345813711,0.));
#1888 = LINE('',#1889,#1890);
#1889 = CARTESIAN_POINT('',(-6.305870302833,7.921592309873,0.));
#1890 = VECTOR('',#1891,1.);
#1891 = DIRECTION('',(-0.622802005218,0.782379487395,0.));
#1892 = ORIENTED_EDGE('',*,*,#1893,.T.);
#1893 = EDGE_CURVE('',#1886,#1894,#1896,.T.);
#1894 = VERTEX_POINT('',#1895);
#1895 = CARTESIAN_POINT('',(-7.135829342029,8.935450095299,0.));
#1896 = LINE('',#1897,#1898);
#1897 = CARTESIAN_POINT('',(-7.022902251441,8.822345813711,0.));
#1898 = VECTOR('',#1899,1.);
#1899 = DIRECTION('',(-0.706552247417,0.707660880416,0.));
#1900 = ORIENTED_EDGE('',*,*,#1901,.T.);
#1901 = EDGE_CURVE('',#1894,#1902,#1904,.T.);
#1902 = VERTEX_POINT('',#1903);
#1903 = CARTESIAN_POINT('',(-7.260613678866,9.039007826791,0.));
#1904 = LINE('',#1905,#1906);
#1905 = CARTESIAN_POINT('',(-7.135829342029,8.935450095299,0.));
#1906 = VECTOR('',#1907,1.);
#1907 = DIRECTION('',(-0.769521442179,0.638620975248,0.));
#1908 = ORIENTED_EDGE('',*,*,#1909,.T.);
#1909 = EDGE_CURVE('',#1902,#1910,#1912,.T.);
#1910 = VERTEX_POINT('',#1911);
#1911 = CARTESIAN_POINT('',(-7.393349946979,9.136019499689,0.));
#1912 = LINE('',#1913,#1914);
#1913 = CARTESIAN_POINT('',(-7.260613678866,9.039007826791,0.));
#1914 = VECTOR('',#1915,1.);
#1915 = DIRECTION('',(-0.807356083216,0.590064534517,0.));
#1916 = ORIENTED_EDGE('',*,*,#1917,.T.);
#1917 = EDGE_CURVE('',#1910,#1918,#1920,.T.);
#1918 = VERTEX_POINT('',#1919);
#1919 = CARTESIAN_POINT('',(-7.532671710225,9.227464032013,0.));
#1920 = LINE('',#1921,#1922);
#1921 = CARTESIAN_POINT('',(-7.393349946979,9.136019499689,0.));
#1922 = VECTOR('',#1923,1.);
#1923 = DIRECTION('',(-0.836007653147,0.548717781633,0.));
#1924 = ORIENTED_EDGE('',*,*,#1925,.T.);
#1925 = EDGE_CURVE('',#1918,#1926,#1928,.T.);
#1926 = VERTEX_POINT('',#1927);
#1927 = CARTESIAN_POINT('',(-7.677794997626,9.313856178713,0.));
#1928 = LINE('',#1929,#1930);
#1929 = CARTESIAN_POINT('',(-7.532671710225,9.227464032013,0.));
#1930 = VECTOR('',#1931,1.);
#1931 = DIRECTION('',(-0.859268844202,0.511524245158,0.));
#1932 = ORIENTED_EDGE('',*,*,#1933,.T.);
#1933 = EDGE_CURVE('',#1926,#1934,#1936,.T.);
#1934 = VERTEX_POINT('',#1935);
#1935 = CARTESIAN_POINT('',(-7.828190525243,9.395507490247,0.));
#1936 = LINE('',#1937,#1938);
#1937 = CARTESIAN_POINT('',(-7.677794997626,9.313856178713,0.));
#1938 = VECTOR('',#1939,1.);
#1939 = DIRECTION('',(-0.878833768297,0.477128083119,0.));
#1940 = ORIENTED_EDGE('',*,*,#1941,.T.);
#1941 = EDGE_CURVE('',#1934,#1942,#1944,.T.);
#1942 = VERTEX_POINT('',#1943);
#1943 = CARTESIAN_POINT('',(-7.983466737178,9.472619451814,0.));
#1944 = LINE('',#1945,#1946);
#1945 = CARTESIAN_POINT('',(-7.828190525243,9.395507490247,0.));
#1946 = VECTOR('',#1947,1.);
#1947 = DIRECTION('',(-0.895637822523,0.444784094664,0.));
#1948 = ORIENTED_EDGE('',*,*,#1949,.T.);
#1949 = EDGE_CURVE('',#1942,#1950,#1952,.T.);
#1950 = VERTEX_POINT('',#1951);
#1951 = CARTESIAN_POINT('',(-8.143315910997,9.545326421249,0.));
#1952 = LINE('',#1953,#1954);
#1953 = CARTESIAN_POINT('',(-7.983466737178,9.472619451814,0.));
#1954 = VECTOR('',#1955,1.);
#1955 = DIRECTION('',(-0.910262934719,0.414030662725,0.));
#1956 = ORIENTED_EDGE('',*,*,#1957,.T.);
#1957 = EDGE_CURVE('',#1950,#1958,#1960,.T.);
#1958 = VERTEX_POINT('',#1959);
#1959 = CARTESIAN_POINT('',(-8.307485403915,9.613718554154,0.));
#1960 = LINE('',#1961,#1962);
#1961 = CARTESIAN_POINT('',(-8.143315910997,9.545326421249,0.));
#1962 = VECTOR('',#1963,1.);
#1963 = DIRECTION('',(-0.923100522293,0.384558741602,0.));
#1964 = ORIENTED_EDGE('',*,*,#1965,.T.);
#1965 = EDGE_CURVE('',#1958,#1966,#1968,.T.);
#1966 = VERTEX_POINT('',#1967);
#1967 = CARTESIAN_POINT('',(-8.475760746095,9.677855298475,0.));
#1968 = LINE('',#1969,#1970);
#1969 = CARTESIAN_POINT('',(-8.307485403915,9.613718554154,0.));
#1970 = VECTOR('',#1971,1.);
#1971 = DIRECTION('',(-0.934428881004,0.356149780775,0.));
#1972 = ORIENTED_EDGE('',*,*,#1973,.T.);
#1973 = EDGE_CURVE('',#1966,#1974,#1976,.T.);
#1974 = VERTEX_POINT('',#1975);
#1975 = CARTESIAN_POINT('',(-8.647954981196,9.737773916212,0.));
#1976 = LINE('',#1977,#1978);
#1977 = CARTESIAN_POINT('',(-8.475760746095,9.677855298475,0.));
#1978 = VECTOR('',#1979,1.);
#1979 = DIRECTION('',(-0.944454291931,0.328642800701,0.));
#1980 = ORIENTED_EDGE('',*,*,#1981,.T.);
#1981 = EDGE_CURVE('',#1974,#1982,#1984,.T.);
#1982 = VERTEX_POINT('',#1983);
#1983 = CARTESIAN_POINT('',(-8.823901581666,9.793495159654,0.));
#1984 = LINE('',#1985,#1986);
#1985 = CARTESIAN_POINT('',(-8.647954981196,9.737773916212,0.));
#1986 = VECTOR('',#1987,1.);
#1987 = DIRECTION('',(-0.953334708688,0.301915440496,0.));
#1988 = ORIENTED_EDGE('',*,*,#1989,.T.);
#1989 = EDGE_CURVE('',#1982,#1990,#1992,.T.);
#1990 = VERTEX_POINT('',#1991);
#1991 = CARTESIAN_POINT('',(-9.003449541249,9.84502721462,0.));
#1992 = LINE('',#1993,#1994);
#1993 = CARTESIAN_POINT('',(-8.823901581666,9.793495159654,0.));
#1994 = VECTOR('',#1995,1.);
#1995 = DIRECTION('',(-0.961194282843,0.275872344808,0.));
#1996 = ORIENTED_EDGE('',*,*,#1997,.T.);
#1997 = EDGE_CURVE('',#1990,#1998,#2000,.T.);
#1998 = VERTEX_POINT('',#1999);
#1999 = CARTESIAN_POINT('',(-9.186459860637,9.89236853483,0.));
#2000 = LINE('',#2001,#2002);
#2001 = CARTESIAN_POINT('',(-9.003449541249,9.84502721462,0.));
#2002 = VECTOR('',#2003,1.);
#2003 = DIRECTION('',(-0.96813272065,0.250437687273,0.));
#2004 = ORIENTED_EDGE('',*,*,#2005,.T.);
#2005 = EDGE_CURVE('',#1998,#2006,#2008,.T.);
#2006 = VERTEX_POINT('',#2007);
#2007 = CARTESIAN_POINT('',(-9.42754092313,9.6628915001,0.));
#2008 = LINE('',#2009,#2010);
#2009 = CARTESIAN_POINT('',(-9.186459860637,9.89236853483,0.));
#2010 = VECTOR('',#2011,1.);
#2011 = DIRECTION('',(-0.724323926877,-0.689459824032,0.));
#2012 = ORIENTED_EDGE('',*,*,#2013,.T.);
#2013 = EDGE_CURVE('',#2006,#2014,#2016,.T.);
#2014 = VERTEX_POINT('',#2015);
#2015 = CARTESIAN_POINT('',(-9.6628915001,9.42754092313,0.));
#2016 = LINE('',#2017,#2018);
#2017 = CARTESIAN_POINT('',(-9.42754092313,9.6628915001,0.));
#2018 = VECTOR('',#2019,1.);
#2019 = DIRECTION('',(-0.707106781187,-0.707106781187,0.));
#2020 = ORIENTED_EDGE('',*,*,#2021,.T.);
#2021 = EDGE_CURVE('',#2014,#2022,#2024,.T.);
#2022 = VERTEX_POINT('',#2023);
#2023 = CARTESIAN_POINT('',(-9.89236853483,9.186459860637,0.));
#2024 = LINE('',#2025,#2026);
#2025 = CARTESIAN_POINT('',(-9.6628915001,9.42754092313,0.));
#2026 = VECTOR('',#2027,1.);
#2027 = DIRECTION('',(-0.689459824032,-0.724323926877,0.));
#2028 = ORIENTED_EDGE('',*,*,#2029,.T.);
#2029 = EDGE_CURVE('',#2022,#2030,#2032,.T.);
#2030 = VERTEX_POINT('',#2031);
#2031 = CARTESIAN_POINT('',(-9.84502721462,9.003449541249,0.));
#2032 = LINE('',#2033,#2034);
#2033 = CARTESIAN_POINT('',(-9.89236853483,9.186459860637,0.));
#2034 = VECTOR('',#2035,1.);
#2035 = DIRECTION('',(0.250437687273,-0.96813272065,0.));
#2036 = ORIENTED_EDGE('',*,*,#2037,.T.);
#2037 = EDGE_CURVE('',#2030,#2038,#2040,.T.);
#2038 = VERTEX_POINT('',#2039);
#2039 = CARTESIAN_POINT('',(-9.793495159654,8.823901581666,0.));
#2040 = LINE('',#2041,#2042);
#2041 = CARTESIAN_POINT('',(-9.84502721462,9.003449541249,0.));
#2042 = VECTOR('',#2043,1.);
#2043 = DIRECTION('',(0.275872344808,-0.961194282843,0.));
#2044 = ORIENTED_EDGE('',*,*,#2045,.T.);
#2045 = EDGE_CURVE('',#2038,#2046,#2048,.T.);
#2046 = VERTEX_POINT('',#2047);
#2047 = CARTESIAN_POINT('',(-9.737773916212,8.647954981196,0.));
#2048 = LINE('',#2049,#2050);
#2049 = CARTESIAN_POINT('',(-9.793495159654,8.823901581666,0.));
#2050 = VECTOR('',#2051,1.);
#2051 = DIRECTION('',(0.301915440496,-0.953334708688,0.));
#2052 = ORIENTED_EDGE('',*,*,#2053,.T.);
#2053 = EDGE_CURVE('',#2046,#2054,#2056,.T.);
#2054 = VERTEX_POINT('',#2055);
#2055 = CARTESIAN_POINT('',(-9.677855298475,8.475760746095,0.));
#2056 = LINE('',#2057,#2058);
#2057 = CARTESIAN_POINT('',(-9.737773916212,8.647954981196,0.));
#2058 = VECTOR('',#2059,1.);
#2059 = DIRECTION('',(0.328642800701,-0.944454291931,0.));
#2060 = ORIENTED_EDGE('',*,*,#2061,.T.);
#2061 = EDGE_CURVE('',#2054,#2062,#2064,.T.);
#2062 = VERTEX_POINT('',#2063);
#2063 = CARTESIAN_POINT('',(-9.613718554154,8.307485403915,0.));
#2064 = LINE('',#2065,#2066);
#2065 = CARTESIAN_POINT('',(-9.677855298475,8.475760746095,0.));
#2066 = VECTOR('',#2067,1.);
#2067 = DIRECTION('',(0.356149780775,-0.934428881004,0.));
#2068 = ORIENTED_EDGE('',*,*,#2069,.T.);
#2069 = EDGE_CURVE('',#2062,#2070,#2072,.T.);
#2070 = VERTEX_POINT('',#2071);
#2071 = CARTESIAN_POINT('',(-9.545326421249,8.143315910997,0.));
#2072 = LINE('',#2073,#2074);
#2073 = CARTESIAN_POINT('',(-9.613718554154,8.307485403915,0.));
#2074 = VECTOR('',#2075,1.);
#2075 = DIRECTION('',(0.384558741602,-0.923100522293,0.));
#2076 = ORIENTED_EDGE('',*,*,#2077,.T.);
#2077 = EDGE_CURVE('',#2070,#2078,#2080,.T.);
#2078 = VERTEX_POINT('',#2079);
#2079 = CARTESIAN_POINT('',(-9.472619451814,7.983466737178,0.));
#2080 = LINE('',#2081,#2082);
#2081 = CARTESIAN_POINT('',(-9.545326421249,8.143315910997,0.));
#2082 = VECTOR('',#2083,1.);
#2083 = DIRECTION('',(0.414030662725,-0.910262934719,0.));
#2084 = ORIENTED_EDGE('',*,*,#2085,.T.);
#2085 = EDGE_CURVE('',#2078,#2086,#2088,.T.);
#2086 = VERTEX_POINT('',#2087);
#2087 = CARTESIAN_POINT('',(-9.395507490247,7.828190525243,0.));
#2088 = LINE('',#2089,#2090);
#2089 = CARTESIAN_POINT('',(-9.472619451814,7.983466737178,0.));
#2090 = VECTOR('',#2091,1.);
#2091 = DIRECTION('',(0.444784094664,-0.895637822523,0.));
#2092 = ORIENTED_EDGE('',*,*,#2093,.T.);
#2093 = EDGE_CURVE('',#2086,#2094,#2096,.T.);
#2094 = VERTEX_POINT('',#2095);
#2095 = CARTESIAN_POINT('',(-9.313856178713,7.677794997626,0.));
#2096 = LINE('',#2097,#2098);
#2097 = CARTESIAN_POINT('',(-9.395507490247,7.828190525243,0.));
#2098 = VECTOR('',#2099,1.);
#2099 = DIRECTION('',(0.477128083119,-0.878833768297,0.));
#2100 = ORIENTED_EDGE('',*,*,#2101,.T.);
#2101 = EDGE_CURVE('',#2094,#2102,#2104,.T.);
#2102 = VERTEX_POINT('',#2103);
#2103 = CARTESIAN_POINT('',(-9.227464032013,7.532671710225,0.));
#2104 = LINE('',#2105,#2106);
#2105 = CARTESIAN_POINT('',(-9.313856178713,7.677794997626,0.));
#2106 = VECTOR('',#2107,1.);
#2107 = DIRECTION('',(0.511524245158,-0.859268844202,0.));
#2108 = ORIENTED_EDGE('',*,*,#2109,.T.);
#2109 = EDGE_CURVE('',#2102,#2110,#2112,.T.);
#2110 = VERTEX_POINT('',#2111);
#2111 = CARTESIAN_POINT('',(-9.136019499689,7.393349946979,0.));
#2112 = LINE('',#2113,#2114);
#2113 = CARTESIAN_POINT('',(-9.227464032013,7.532671710225,0.));
#2114 = VECTOR('',#2115,1.);
#2115 = DIRECTION('',(0.548717781633,-0.836007653147,0.));
#2116 = ORIENTED_EDGE('',*,*,#2117,.T.);
#2117 = EDGE_CURVE('',#2110,#2118,#2120,.T.);
#2118 = VERTEX_POINT('',#2119);
#2119 = CARTESIAN_POINT('',(-9.039007826791,7.260613678866,0.));
#2120 = LINE('',#2121,#2122);
#2121 = CARTESIAN_POINT('',(-9.136019499689,7.393349946979,0.));
#2122 = VECTOR('',#2123,1.);
#2123 = DIRECTION('',(0.590064534517,-0.807356083216,0.));
#2124 = ORIENTED_EDGE('',*,*,#2125,.T.);
#2125 = EDGE_CURVE('',#2118,#2126,#2128,.T.);
#2126 = VERTEX_POINT('',#2127);
#2127 = CARTESIAN_POINT('',(-8.935450095299,7.135829342029,0.));
#2128 = LINE('',#2129,#2130);
#2129 = CARTESIAN_POINT('',(-9.039007826791,7.260613678866,0.));
#2130 = VECTOR('',#2131,1.);
#2131 = DIRECTION('',(0.638620975248,-0.769521442179,0.));
#2132 = ORIENTED_EDGE('',*,*,#2133,.T.);
#2133 = EDGE_CURVE('',#2126,#2134,#2136,.T.);
#2134 = VERTEX_POINT('',#2135);
#2135 = CARTESIAN_POINT('',(-8.822345813711,7.022902251441,0.));
#2136 = LINE('',#2137,#2138);
#2137 = CARTESIAN_POINT('',(-8.935450095299,7.135829342029,0.));
#2138 = VECTOR('',#2139,1.);
#2139 = DIRECTION('',(0.707660880416,-0.706552247417,0.));
#2140 = ORIENTED_EDGE('',*,*,#2141,.T.);
#2141 = EDGE_CURVE('',#2134,#2142,#2144,.T.);
#2142 = VERTEX_POINT('',#2143);
#2143 = CARTESIAN_POINT('',(-7.921592309873,6.305870302833,0.));
#2144 = LINE('',#2145,#2146);
#2145 = CARTESIAN_POINT('',(-8.822345813711,7.022902251441,0.));
#2146 = VECTOR('',#2147,1.);
#2147 = DIRECTION('',(0.782379487395,-0.622802005218,0.));
#2148 = ORIENTED_EDGE('',*,*,#2149,.T.);
#2149 = EDGE_CURVE('',#2142,#2150,#2152,.T.);
#2150 = VERTEX_POINT('',#2151);
#2151 = CARTESIAN_POINT('',(-8.177197585768,5.970683766815,0.));
#2152 = LINE('',#2153,#2154);
#2153 = CARTESIAN_POINT('',(-7.921592309873,6.305870302833,0.));
#2154 = VECTOR('',#2155,1.);
#2155 = DIRECTION('',(-0.606380973309,-0.795174267195,0.));
#2156 = ORIENTED_EDGE('',*,*,#2157,.T.);
#2157 = EDGE_CURVE('',#2150,#2158,#2160,.T.);
#2158 = VERTEX_POINT('',#2159);
#2159 = CARTESIAN_POINT('',(-8.418629824563,5.625148609323,0.));
#2160 = LINE('',#2161,#2162);
#2161 = CARTESIAN_POINT('',(-8.177197585768,5.970683766815,0.));
#2162 = VECTOR('',#2163,1.);
#2163 = DIRECTION('',(-0.572757801797,-0.819724649185,0.));
#2164 = ORIENTED_EDGE('',*,*,#2165,.T.);
#2165 = EDGE_CURVE('',#2158,#2166,#2168,.T.);
#2166 = VERTEX_POINT('',#2167);
#2167 = CARTESIAN_POINT('',(-8.645470566507,5.26986372534,0.));
#2168 = LINE('',#2169,#2170);
#2169 = CARTESIAN_POINT('',(-8.418629824563,5.625148609323,0.));
#2170 = VECTOR('',#2171,1.);
#2171 = DIRECTION('',(-0.538141904171,-0.84285425251,0.));
#2172 = ORIENTED_EDGE('',*,*,#2173,.T.);
#2173 = EDGE_CURVE('',#2166,#2174,#2176,.T.);
#2174 = VERTEX_POINT('',#2175);
#2175 = CARTESIAN_POINT('',(-8.857326642398,4.905444908454,0.));
#2176 = LINE('',#2177,#2178);
#2177 = CARTESIAN_POINT('',(-8.645470566507,5.26986372534,0.));
#2178 = VECTOR('',#2179,1.);
#2179 = DIRECTION('',(-0.502593278054,-0.864522988043,0.));
#2180 = ORIENTED_EDGE('',*,*,#2181,.T.);
#2181 = EDGE_CURVE('',#2174,#2182,#2184,.T.);
#2182 = VERTEX_POINT('',#2183);
#2183 = CARTESIAN_POINT('',(-9.864481226436,5.463236387278,0.));
#2184 = LINE('',#2185,#2186);
#2185 = CARTESIAN_POINT('',(-8.857326642398,4.905444908454,0.));
#2186 = VECTOR('',#2187,1.);
#2187 = DIRECTION('',(-0.874797693076,0.48448838602,0.));
#2188 = ORIENTED_EDGE('',*,*,#2189,.T.);
#2189 = EDGE_CURVE('',#2182,#2190,#2192,.T.);
#2190 = VERTEX_POINT('',#2191);
#2191 = CARTESIAN_POINT('',(-10.01209538879,5.524515791444,0.));
#2192 = LINE('',#2193,#2194);
#2193 = CARTESIAN_POINT('',(-9.864481226436,5.463236387278,0.));
#2194 = VECTOR('',#2195,1.);
#2195 = DIRECTION('',(-0.923579254706,0.383407564188,0.));
#2196 = ORIENTED_EDGE('',*,*,#2197,.T.);
#2197 = EDGE_CURVE('',#2190,#2198,#2200,.T.);
#2198 = VERTEX_POINT('',#2199);
#2199 = CARTESIAN_POINT('',(-10.1670109117,5.572437761676,0.));
#2200 = LINE('',#2201,#2202);
#2201 = CARTESIAN_POINT('',(-10.01209538879,5.524515791444,0.));
#2202 = VECTOR('',#2203,1.);
#2203 = DIRECTION('',(-0.955334777046,0.295525741292,0.));
#2204 = ORIENTED_EDGE('',*,*,#2205,.T.);
#2205 = EDGE_CURVE('',#2198,#2206,#2208,.T.);
#2206 = VERTEX_POINT('',#2207);
#2207 = CARTESIAN_POINT('',(-10.326767993,5.611268890001,0.));
#2208 = LINE('',#2209,#2210);
#2209 = CARTESIAN_POINT('',(-10.1670109117,5.572437761676,0.));
#2210 = VECTOR('',#2211,1.);
#2211 = DIRECTION('',(-0.971707682117,0.236186749235,0.));
#2212 = ORIENTED_EDGE('',*,*,#2213,.T.);
#2213 = EDGE_CURVE('',#2206,#2214,#2216,.T.);
#2214 = VERTEX_POINT('',#2215);
#2215 = CARTESIAN_POINT('',(-10.490478826,5.642436491213,0.));
#2216 = LINE('',#2217,#2218);
#2217 = CARTESIAN_POINT('',(-10.326767993,5.611268890001,0.));
#2218 = VECTOR('',#2219,1.);
#2219 = DIRECTION('',(-0.98235556384,0.187022849386,0.));
#2220 = ORIENTED_EDGE('',*,*,#2221,.T.);
#2221 = EDGE_CURVE('',#2214,#2222,#2224,.T.);
#2222 = VERTEX_POINT('',#2223);
#2223 = CARTESIAN_POINT('',(-10.65761610414,5.66671614958,0.));
#2224 = LINE('',#2225,#2226);
#2225 = CARTESIAN_POINT('',(-10.490478826,5.642436491213,0.));
#2226 = VECTOR('',#2227,1.);
#2227 = DIRECTION('',(-0.989612751958,0.143758829861,0.));
#2228 = ORIENTED_EDGE('',*,*,#2229,.T.);
#2229 = EDGE_CURVE('',#2222,#2230,#2232,.T.);
#2230 = VERTEX_POINT('',#2231);
#2231 = CARTESIAN_POINT('',(-10.82781005805,5.684598248388,0.));
#2232 = LINE('',#2233,#2234);
#2233 = CARTESIAN_POINT('',(-10.65761610414,5.66671614958,0.));
#2234 = VECTOR('',#2235,1.);
#2235 = DIRECTION('',(-0.994525543535,0.10449374745,0.));
#2236 = ORIENTED_EDGE('',*,*,#2237,.T.);
#2237 = EDGE_CURVE('',#2230,#2238,#2240,.T.);
#2238 = VERTEX_POINT('',#2239);
#2239 = CARTESIAN_POINT('',(-11.00077604227,5.696418777643,0.));
#2240 = LINE('',#2241,#2242);
#2241 = CARTESIAN_POINT('',(-10.82781005805,5.684598248388,0.));
#2242 = VECTOR('',#2243,1.);
#2243 = DIRECTION('',(-0.99767295678,6.818116536716E-02,0.));
#2244 = ORIENTED_EDGE('',*,*,#2245,.T.);
#2245 = EDGE_CURVE('',#2238,#2246,#2248,.T.);
#2246 = VERTEX_POINT('',#2247);
#2247 = CARTESIAN_POINT('',(-11.17628117487,5.702419628077,0.));
#2248 = LINE('',#2249,#2250);
#2249 = CARTESIAN_POINT('',(-11.00077604227,5.696418777643,0.));
#2250 = VECTOR('',#2251,1.);
#2251 = DIRECTION('',(-0.999415969707,3.417191091091E-02,0.));
#2252 = ORIENTED_EDGE('',*,*,#2253,.T.);
#2253 = EDGE_CURVE('',#2246,#2254,#2256,.T.);
#2254 = VERTEX_POINT('',#2255);
#2255 = CARTESIAN_POINT('',(-11.3541265454,5.702780774814,0.));
#2256 = LINE('',#2257,#2258);
#2257 = CARTESIAN_POINT('',(-11.17628117487,5.702419628077,0.));
#2258 = VECTOR('',#2259,1.);
#2259 = DIRECTION('',(-0.999997938179,2.03067412486E-03,0.));
#2260 = ORIENTED_EDGE('',*,*,#2261,.T.);
#2261 = EDGE_CURVE('',#2254,#2262,#2264,.T.);
#2262 = VERTEX_POINT('',#2263);
#2263 = CARTESIAN_POINT('',(-11.53413675933,5.697639214646,0.));
#2264 = LINE('',#2265,#2266);
#2265 = CARTESIAN_POINT('',(-11.3541265454,5.702780774814,0.));
#2266 = VECTOR('',#2267,1.);
#2267 = DIRECTION('',(-0.99959233829,-2.855095851752E-02,0.));
#2268 = ORIENTED_EDGE('',*,*,#2269,.T.);
#2269 = EDGE_CURVE('',#2262,#2270,#2272,.T.);
#2270 = VERTEX_POINT('',#2271);
#2271 = CARTESIAN_POINT('',(-11.71615335105,5.687100918268,0.));
#2272 = LINE('',#2273,#2274);
#2273 = CARTESIAN_POINT('',(-11.53413675933,5.697639214646,0.));
#2274 = VECTOR('',#2275,1.);
#2275 = DIRECTION('',(-0.998328144702,-5.780065307348E-02,0.));
#2276 = ORIENTED_EDGE('',*,*,#2277,.T.);
#2277 = EDGE_CURVE('',#2270,#2278,#2280,.T.);
#2278 = VERTEX_POINT('',#2279);
#2279 = CARTESIAN_POINT('',(-11.90003041074,5.671248785629,0.));
#2280 = LINE('',#2281,#2282);
#2281 = CARTESIAN_POINT('',(-11.71615335105,5.687100918268,0.));
#2282 = VECTOR('',#2283,1.);
#2283 = DIRECTION('',(-0.996304462043,-8.589190249035E-02,0.));
#2284 = ORIENTED_EDGE('',*,*,#2285,.T.);
#2285 = EDGE_CURVE('',#2278,#2286,#2288,.T.);
#2286 = VERTEX_POINT('',#2287);
#2287 = CARTESIAN_POINT('',(-12.08563155937,5.650148167032,0.));
#2288 = LINE('',#2289,#2290);
#2289 = CARTESIAN_POINT('',(-11.90003041074,5.671248785629,0.));
#2290 = VECTOR('',#2291,1.);
#2291 = DIRECTION('',(-0.993599500491,-0.112960314374,0.));
#2292 = ORIENTED_EDGE('',*,*,#2293,.T.);
#2293 = EDGE_CURVE('',#2286,#2294,#2296,.T.);
#2294 = VERTEX_POINT('',#2295);
#2295 = CARTESIAN_POINT('',(-12.2728277866,5.623850826635,0.));
#2296 = LINE('',#2297,#2298);
#2297 = CARTESIAN_POINT('',(-12.08563155937,5.650148167032,0.));
#2298 = VECTOR('',#2299,1.);
#2299 = DIRECTION('',(-0.990276359122,-0.139114099083,0.));
#2300 = ORIENTED_EDGE('',*,*,#2301,.T.);
#2301 = EDGE_CURVE('',#2294,#2302,#2304,.T.);
#2302 = VERTEX_POINT('',#2303);
#2303 = CARTESIAN_POINT('',(-12.40774058662,5.319583962594,0.));
#2304 = LINE('',#2305,#2306);
#2305 = CARTESIAN_POINT('',(-12.2728277866,5.623850826635,0.));
#2306 = VECTOR('',#2307,1.);
#2307 = DIRECTION('',(-0.405343199011,-0.914164586393,0.));
#2308 = ORIENTED_EDGE('',*,*,#2309,.T.);
#2309 = EDGE_CURVE('',#2302,#2310,#2312,.T.);
#2310 = VERTEX_POINT('',#2311);
#2311 = CARTESIAN_POINT('',(-12.53511140104,5.012083614962,0.));
#2312 = LINE('',#2313,#2314);
#2313 = CARTESIAN_POINT('',(-12.40774058662,5.319583962594,0.));
#2314 = VECTOR('',#2315,1.);
#2315 = DIRECTION('',(-0.382683432365,-0.923879532511,0.));
#2316 = ORIENTED_EDGE('',*,*,#2317,.T.);
#2317 = EDGE_CURVE('',#2310,#2318,#2320,.T.);
#2318 = VERTEX_POINT('',#2319);
#2319 = CARTESIAN_POINT('',(-12.65486280814,4.70153669635,0.));
#2320 = LINE('',#2321,#2322);
#2321 = CARTESIAN_POINT('',(-12.53511140104,5.012083614962,0.));
#2322 = VECTOR('',#2323,1.);
#2323 = DIRECTION('',(-0.359791053431,-0.933032902888,0.));
#2324 = ORIENTED_EDGE('',*,*,#2325,.T.);
#2325 = EDGE_CURVE('',#2318,#2326,#2328,.T.);
#2326 = VERTEX_POINT('',#2327);
#2327 = CARTESIAN_POINT('',(-12.54109011417,4.55057394694,0.));
#2328 = LINE('',#2329,#2330);
#2329 = CARTESIAN_POINT('',(-12.65486280814,4.70153669635,0.));
#2330 = VECTOR('',#2331,1.);
#2331 = DIRECTION('',(0.601862605964,-0.798599651604,0.));
#2332 = ORIENTED_EDGE('',*,*,#2333,.T.);
#2333 = EDGE_CURVE('',#2326,#2334,#2336,.T.);
#2334 = VERTEX_POINT('',#2335);
#2335 = CARTESIAN_POINT('',(-12.42477067387,4.404413725648,0.));
#2336 = LINE('',#2337,#2338);
#2337 = CARTESIAN_POINT('',(-12.54109011417,4.55057394694,0.));
#2338 = VECTOR('',#2339,1.);
#2339 = DIRECTION('',(0.622705940282,-0.78245594888,0.));
#2340 = ORIENTED_EDGE('',*,*,#2341,.T.);
#2341 = EDGE_CURVE('',#2334,#2342,#2344,.T.);
#2342 = VERTEX_POINT('',#2343);
#2343 = CARTESIAN_POINT('',(-12.30595910855,4.263183859355,0.));
#2344 = LINE('',#2345,#2346);
#2345 = CARTESIAN_POINT('',(-12.42477067387,4.404413725648,0.));
#2346 = VECTOR('',#2347,1.);
#2347 = DIRECTION('',(0.643758894537,-0.765228387937,0.));
#2348 = ORIENTED_EDGE('',*,*,#2349,.T.);
#2349 = EDGE_CURVE('',#2342,#2350,#2352,.T.);
#2350 = VERTEX_POINT('',#2351);
#2351 = CARTESIAN_POINT('',(-12.18470564308,4.127026992226,0.));
#2352 = LINE('',#2353,#2354);
#2353 = CARTESIAN_POINT('',(-12.30595910855,4.263183859355,0.));
#2354 = VECTOR('',#2355,1.);
#2355 = DIRECTION('',(0.665053367223,-0.746795834713,0.));
#2356 = ORIENTED_EDGE('',*,*,#2357,.T.);
#2357 = EDGE_CURVE('',#2350,#2358,#2360,.T.);
#2358 = VERTEX_POINT('',#2359);
#2359 = CARTESIAN_POINT('',(-12.0610548322,3.996104917217,0.));
#2360 = LINE('',#2361,#2362);
#2361 = CARTESIAN_POINT('',(-12.18470564308,4.127026992226,0.));
#2362 = VECTOR('',#2363,1.);
#2363 = DIRECTION('',(0.68662994445,-0.727007097204,0.));
#2364 = ORIENTED_EDGE('',*,*,#2365,.T.);
#2365 = EDGE_CURVE('',#2358,#2366,#2368,.T.);
#2366 = VERTEX_POINT('',#2367);
#2367 = CARTESIAN_POINT('',(-11.93504379538,3.870604619015,0.));
#2368 = LINE('',#2369,#2370);
#2369 = CARTESIAN_POINT('',(-12.0610548322,3.996104917217,0.));
#2370 = VECTOR('',#2371,1.);
#2371 = DIRECTION('',(0.708541226703,-0.705669419815,0.));
#2372 = ORIENTED_EDGE('',*,*,#2373,.T.);
#2373 = EDGE_CURVE('',#2366,#2374,#2376,.T.);
#2374 = VERTEX_POINT('',#2375);
#2375 = CARTESIAN_POINT('',(-11.80669968395,3.750746991655,0.));
#2376 = LINE('',#2377,#2378);
#2377 = CARTESIAN_POINT('',(-11.93504379538,3.870604619015,0.));
#2378 = VECTOR('',#2379,1.);
#2379 = DIRECTION('',(0.730856999337,-0.682530619474,0.));
#2380 = ORIENTED_EDGE('',*,*,#2381,.T.);
#2381 = EDGE_CURVE('',#2374,#2382,#2384,.T.);
#2382 = VERTEX_POINT('',#2383);
#2383 = CARTESIAN_POINT('',(-11.6760358872,3.636799947691,0.));
#2384 = LINE('',#2385,#2386);
#2385 = CARTESIAN_POINT('',(-11.80669968395,3.750746991655,0.));
#2386 = VECTOR('',#2387,1.);
#2387 = DIRECTION('',(0.753672677526,-0.657249948765,0.));
#2388 = ORIENTED_EDGE('',*,*,#2389,.T.);
#2389 = EDGE_CURVE('',#2382,#2390,#2392,.T.);
#2390 = VERTEX_POINT('',#2391);
#2391 = CARTESIAN_POINT('',(-11.54304603495,3.529099202099,0.));
#2392 = LINE('',#2393,#2394);
#2393 = CARTESIAN_POINT('',(-11.6760358872,3.636799947691,0.));
#2394 = VECTOR('',#2395,1.);
#2395 = DIRECTION('',(0.77712399331,-0.629347518484,0.));
#2396 = ORIENTED_EDGE('',*,*,#2397,.T.);
#2397 = EDGE_CURVE('',#2390,#2398,#2400,.T.);
#2398 = VERTEX_POINT('',#2399);
#2399 = CARTESIAN_POINT('',(-11.40769382111,3.428083610407,0.));
#2400 = LINE('',#2401,#2402);
#2401 = CARTESIAN_POINT('',(-11.54304603495,3.529099202099,0.));
#2402 = VECTOR('',#2403,1.);
#2403 = DIRECTION('',(0.801414731108,-0.598109044208,0.));
#2404 = ORIENTED_EDGE('',*,*,#2405,.T.);
#2405 = EDGE_CURVE('',#2398,#2406,#2408,.T.);
#2406 = VERTEX_POINT('',#2407);
#2407 = CARTESIAN_POINT('',(-11.26989395877,3.334361392412,0.));
#2408 = LINE('',#2409,#2410);
#2409 = CARTESIAN_POINT('',(-11.40769382111,3.428083610407,0.));
#2410 = VECTOR('',#2411,1.);
#2411 = DIRECTION('',(0.826875405765,-0.56238515569,0.));
#2412 = ORIENTED_EDGE('',*,*,#2413,.T.);
#2413 = EDGE_CURVE('',#2406,#2414,#2416,.T.);
#2414 = VERTEX_POINT('',#2415);
#2415 = CARTESIAN_POINT('',(-11.12947088908,3.248853831045,0.));
#2416 = LINE('',#2417,#2418);
#2417 = CARTESIAN_POINT('',(-11.26989395877,3.334361392412,0.));
#2418 = VECTOR('',#2419,1.);
#2419 = DIRECTION('',(0.854110343367,-0.520091839346,0.));
#2420 = ORIENTED_EDGE('',*,*,#2421,.T.);
#2421 = EDGE_CURVE('',#2414,#2422,#2424,.T.);
#2422 = VERTEX_POINT('',#2423);
#2423 = CARTESIAN_POINT('',(-10.9860431222,3.173197964398,0.));
#2424 = LINE('',#2425,#2426);
#2425 = CARTESIAN_POINT('',(-11.12947088908,3.248853831045,0.));
#2426 = VECTOR('',#2427,1.);
#2427 = DIRECTION('',(0.884491954835,-0.46655544347,0.));
#2428 = ORIENTED_EDGE('',*,*,#2429,.T.);
#2429 = EDGE_CURVE('',#2422,#2430,#2432,.T.);
#2430 = VERTEX_POINT('',#2431);
#2431 = CARTESIAN_POINT('',(-10.83833306477,3.112150071431,0.));
#2432 = LINE('',#2433,#2434);
#2433 = CARTESIAN_POINT('',(-10.9860431222,3.173197964398,0.));
#2434 = VECTOR('',#2435,1.);
#2435 = DIRECTION('',(0.924179242562,-0.38195906537,0.));
#2436 = ORIENTED_EDGE('',*,*,#2437,.T.);
#2437 = EDGE_CURVE('',#2430,#2438,#2440,.T.);
#2438 = VERTEX_POINT('',#2439);
#2439 = CARTESIAN_POINT('',(-9.731749091528,2.794402372519,0.));
#2440 = LINE('',#2441,#2442);
#2441 = CARTESIAN_POINT('',(-10.83833306477,3.112150071431,0.));
#2442 = VECTOR('',#2443,1.);
#2443 = DIRECTION('',(0.961160404102,-0.27599035778,0.));
#2444 = ORIENTED_EDGE('',*,*,#2445,.T.);
#2445 = EDGE_CURVE('',#2438,#2446,#2448,.T.);
#2446 = VERTEX_POINT('',#2447);
#2447 = CARTESIAN_POINT('',(-9.839627240243,2.386914488009,0.));
#2448 = LINE('',#2449,#2450);
#2449 = CARTESIAN_POINT('',(-9.731749091528,2.794402372519,0.));
#2450 = VECTOR('',#2451,1.);
#2451 = DIRECTION('',(-0.255922952246,-0.966697182428,0.));
#2452 = ORIENTED_EDGE('',*,*,#2453,.T.);
#2453 = EDGE_CURVE('',#2446,#2454,#2456,.T.);
#2454 = VERTEX_POINT('',#2455);
#2455 = CARTESIAN_POINT('',(-9.930450964083,1.975289510413,0.));
#2456 = LINE('',#2457,#2458);
#2457 = CARTESIAN_POINT('',(-9.839627240243,2.386914488009,0.));
#2458 = VECTOR('',#2459,1.);
#2459 = DIRECTION('',(-0.215464167822,-0.976511747182,0.));
#2460 = ORIENTED_EDGE('',*,*,#2461,.T.);
#2461 = EDGE_CURVE('',#2454,#2462,#2464,.T.);
#2462 = VERTEX_POINT('',#2463);
#2463 = CARTESIAN_POINT('',(-10.00406284383,1.560240884163,0.));
#2464 = LINE('',#2465,#2466);
#2465 = CARTESIAN_POINT('',(-9.930450964083,1.975289510413,0.));
#2466 = VECTOR('',#2467,1.);
#2467 = DIRECTION('',(-0.174631932516,-0.984633783772,0.));
#2468 = ORIENTED_EDGE('',*,*,#2469,.T.);
#2469 = EDGE_CURVE('',#2462,#2470,#2472,.T.);
#2470 = VERTEX_POINT('',#2471);
#2471 = CARTESIAN_POINT('',(-10.06033529252,1.14248798769,0.));
#2472 = LINE('',#2473,#2474);
#2473 = CARTESIAN_POINT('',(-10.00406284383,1.560240884163,0.));
#2474 = VECTOR('',#2475,1.);
#2475 = DIRECTION('',(-0.133497018349,-0.991049214768,0.));
#2476 = ORIENTED_EDGE('',*,*,#2477,.T.);
#2477 = EDGE_CURVE('',#2470,#2478,#2480,.T.);
#2478 = VERTEX_POINT('',#2479);
#2479 = CARTESIAN_POINT('',(-11.20428235645,1.272398745244,0.));
#2480 = LINE('',#2481,#2482);
#2481 = CARTESIAN_POINT('',(-10.06033529252,1.14248798769,0.));
#2482 = VECTOR('',#2483,1.);
#2483 = DIRECTION('',(-0.993613362224,0.112838319772,0.));
#2484 = ORIENTED_EDGE('',*,*,#2485,.T.);
#2485 = EDGE_CURVE('',#2478,#2486,#2488,.T.);
#2486 = VERTEX_POINT('',#2487);
#2487 = CARTESIAN_POINT('',(-11.36411067247,1.272524038201,0.));
#2488 = LINE('',#2489,#2490);
#2489 = CARTESIAN_POINT('',(-11.20428235645,1.272398745244,0.));
#2490 = VECTOR('',#2491,1.);
#2491 = DIRECTION('',(-0.999999692733,7.839219114672E-04,0.));
#2492 = ORIENTED_EDGE('',*,*,#2493,.T.);
#2493 = EDGE_CURVE('',#2486,#2494,#2496,.T.);
#2494 = VERTEX_POINT('',#2495);
#2495 = CARTESIAN_POINT('',(-11.52557289742,1.25751456162,0.));
#2496 = LINE('',#2497,#2498);
#2497 = CARTESIAN_POINT('',(-11.36411067247,1.272524038201,0.));
#2498 = VECTOR('',#2499,1.);
#2499 = DIRECTION('',(-0.995707052239,-9.256060782806E-02,0.));
#2500 = ORIENTED_EDGE('',*,*,#2501,.T.);
#2501 = EDGE_CURVE('',#2494,#2502,#2504,.T.);
#2502 = VERTEX_POINT('',#2503);
#2503 = CARTESIAN_POINT('',(-11.68802922447,1.232253458089,0.));
#2504 = LINE('',#2505,#2506);
#2505 = CARTESIAN_POINT('',(-11.52557289742,1.25751456162,0.));
#2506 = VECTOR('',#2507,1.);
#2507 = DIRECTION('',(-0.988125594969,-0.15364832758,0.));
#2508 = ORIENTED_EDGE('',*,*,#2509,.T.);
#2509 = EDGE_CURVE('',#2502,#2510,#2512,.T.);
#2510 = VERTEX_POINT('',#2511);
#2511 = CARTESIAN_POINT('',(-11.85120563694,1.19839914344,0.));
#2512 = LINE('',#2513,#2514);
#2513 = CARTESIAN_POINT('',(-11.68802922447,1.232253458089,0.));
#2514 = VECTOR('',#2515,1.);
#2515 = DIRECTION('',(-0.979148745014,-0.203144616314,0.));
#2516 = ORIENTED_EDGE('',*,*,#2517,.T.);
#2517 = EDGE_CURVE('',#2510,#2518,#2520,.T.);
#2518 = VERTEX_POINT('',#2519);
#2519 = CARTESIAN_POINT('',(-12.01491177034,1.156869955583,0.));
#2520 = LINE('',#2521,#2522);
#2521 = CARTESIAN_POINT('',(-11.85120563694,1.19839914344,0.));
#2522 = VECTOR('',#2523,1.);
#2523 = DIRECTION('',(-0.96929708909,-0.245892564105,0.));
#2524 = ORIENTED_EDGE('',*,*,#2525,.T.);
#2525 = EDGE_CURVE('',#2518,#2526,#2528,.T.);
#2526 = VERTEX_POINT('',#2527);
#2527 = CARTESIAN_POINT('',(-12.17899366386,1.108260454223,0.));
#2528 = LINE('',#2529,#2530);
#2529 = CARTESIAN_POINT('',(-12.01491177034,1.156869955583,0.));
#2530 = VECTOR('',#2531,1.);
#2531 = DIRECTION('',(-0.958809820167,-0.284048814031,0.));
#2532 = ORIENTED_EDGE('',*,*,#2533,.T.);
#2533 = EDGE_CURVE('',#2526,#2534,#2536,.T.);
#2534 = VERTEX_POINT('',#2535);
#2535 = CARTESIAN_POINT('',(-12.34331691721,1.052989982741,0.));
#2536 = LINE('',#2537,#2538);
#2537 = CARTESIAN_POINT('',(-12.17899366386,1.108260454223,0.));
#2538 = VECTOR('',#2539,1.);
#2539 = DIRECTION('',(-0.947821427294,-0.318801728293,0.));
#2540 = ORIENTED_EDGE('',*,*,#2541,.T.);
#2541 = EDGE_CURVE('',#2534,#2542,#2544,.T.);
#2542 = VERTEX_POINT('',#2543);
#2543 = CARTESIAN_POINT('',(-12.50775894311,0.991371139094,0.));
#2544 = LINE('',#2545,#2546);
#2545 = CARTESIAN_POINT('',(-12.34331691721,1.052989982741,0.));
#2546 = VECTOR('',#2547,1.);
#2547 = DIRECTION('',(-0.936416983035,-0.35088920457,0.));
#2548 = ORIENTED_EDGE('',*,*,#2549,.T.);
#2549 = EDGE_CURVE('',#2542,#2550,#2552,.T.);
#2550 = VERTEX_POINT('',#2551);
#2551 = CARTESIAN_POINT('',(-12.67220484577,0.923646318345,0.));
#2552 = LINE('',#2553,#2554);
#2553 = CARTESIAN_POINT('',(-12.50775894311,0.991371139094,0.));
#2554 = VECTOR('',#2555,1.);
#2555 = DIRECTION('',(-0.924654732981,-0.380806545079,0.));
#2556 = ORIENTED_EDGE('',*,*,#2557,.T.);
#2557 = EDGE_CURVE('',#2550,#2558,#2560,.T.);
#2558 = VERTEX_POINT('',#2559);
#2559 = CARTESIAN_POINT('',(-12.83654500817,0.850009209616,0.));
#2560 = LINE('',#2561,#2562);
#2561 = CARTESIAN_POINT('',(-12.67220484577,0.923646318345,0.));
#2562 = VECTOR('',#2563,1.);
#2563 = DIRECTION('',(-0.912576923398,-0.408905073191,0.));
#2564 = ORIENTED_EDGE('',*,*,#2565,.T.);
#2565 = EDGE_CURVE('',#2558,#2566,#2568,.T.);
#2566 = VERTEX_POINT('',#2567);
#2567 = CARTESIAN_POINT('',(-13.00067358041,0.770618359216,0.));
#2568 = LINE('',#2569,#2570);
#2569 = CARTESIAN_POINT('',(-12.83654500817,0.850009209616,0.));
#2570 = VECTOR('',#2571,1.);
#2571 = DIRECTION('',(-0.900215587309,-0.435444481382,0.));
#2572 = ORIENTED_EDGE('',*,*,#2573,.T.);
#2573 = EDGE_CURVE('',#2566,#2574,#2576,.T.);
#2574 = VERTEX_POINT('',#2575);
#2575 = CARTESIAN_POINT('',(-13.16448748382,0.68560619399,0.));
#2576 = LINE('',#2577,#2578);
#2577 = CARTESIAN_POINT('',(-13.00067358041,0.770618359216,0.));
#2578 = VECTOR('',#2579,1.);
#2579 = DIRECTION('',(-0.887595892574,-0.460622981935,0.));
#2580 = ORIENTED_EDGE('',*,*,#2581,.T.);
#2581 = EDGE_CURVE('',#2574,#2582,#2584,.T.);
#2582 = VERTEX_POINT('',#2583);
#2583 = CARTESIAN_POINT('',(-13.32788572911,0.595085279735,0.));
#2584 = LINE('',#2585,#2586);
#2585 = CARTESIAN_POINT('',(-13.16448748382,0.68560619399,0.));
#2586 = VECTOR('',#2587,1.);
#2587 = DIRECTION('',(-0.874738201192,-0.48459578968,0.));
#2588 = ORIENTED_EDGE('',*,*,#2589,.T.);
#2589 = EDGE_CURVE('',#2582,#2590,#2592,.T.);
#2590 = VERTEX_POINT('',#2591);
#2591 = CARTESIAN_POINT('',(-13.49076893553,0.49915281042,0.));
#2592 = LINE('',#2593,#2594);
#2593 = CARTESIAN_POINT('',(-13.32788572911,0.595085279735,0.));
#2594 = VECTOR('',#2595,1.);
#2595 = DIRECTION('',(-0.861659398796,-0.507487024925,0.));
#2596 = ORIENTED_EDGE('',*,*,#2597,.T.);
#2597 = EDGE_CURVE('',#2590,#2598,#2600,.T.);
#2598 = VERTEX_POINT('',#2599);
#2599 = CARTESIAN_POINT('',(-13.49897422225,0.166417988932,0.));
#2600 = LINE('',#2601,#2602);
#2601 = CARTESIAN_POINT('',(-13.49076893553,0.49915281042,0.));
#2602 = VECTOR('',#2603,1.);
#2603 = DIRECTION('',(-2.465264354143E-02,-0.999696077399,0.));
#2604 = ORIENTED_EDGE('',*,*,#2605,.T.);
#2605 = EDGE_CURVE('',#2598,#2606,#2608,.T.);
#2606 = VERTEX_POINT('',#2607);
#2607 = CARTESIAN_POINT('',(-13.49897422225,-0.166417988932,0.));
#2608 = LINE('',#2609,#2610);
#2609 = CARTESIAN_POINT('',(-13.49897422225,0.166417988932,0.));
#2610 = VECTOR('',#2611,1.);
#2611 = DIRECTION('',(0.,-1.,0.));
#2612 = ORIENTED_EDGE('',*,*,#2613,.T.);
#2613 = EDGE_CURVE('',#2606,#2614,#2616,.T.);
#2614 = VERTEX_POINT('',#2615);
#2615 = CARTESIAN_POINT('',(-13.49076893553,-0.49915281042,0.));
#2616 = LINE('',#2617,#2618);
#2617 = CARTESIAN_POINT('',(-13.49897422225,-0.166417988932,0.));
#2618 = VECTOR('',#2619,1.);
#2619 = DIRECTION('',(2.465264354143E-02,-0.999696077399,0.));
#2620 = ORIENTED_EDGE('',*,*,#2621,.T.);
#2621 = EDGE_CURVE('',#2614,#2622,#2624,.T.);
#2622 = VERTEX_POINT('',#2623);
#2623 = CARTESIAN_POINT('',(-13.32788572911,-0.595085279735,0.));
#2624 = LINE('',#2625,#2626);
#2625 = CARTESIAN_POINT('',(-13.49076893553,-0.49915281042,0.));
#2626 = VECTOR('',#2627,1.);
#2627 = DIRECTION('',(0.861659398796,-0.507487024925,0.));
#2628 = ORIENTED_EDGE('',*,*,#2629,.T.);
#2629 = EDGE_CURVE('',#2622,#2630,#2632,.T.);
#2630 = VERTEX_POINT('',#2631);
#2631 = CARTESIAN_POINT('',(-13.16448748382,-0.68560619399,0.));
#2632 = LINE('',#2633,#2634);
#2633 = CARTESIAN_POINT('',(-13.32788572911,-0.595085279735,0.));
#2634 = VECTOR('',#2635,1.);
#2635 = DIRECTION('',(0.874738201192,-0.48459578968,0.));
#2636 = ORIENTED_EDGE('',*,*,#2637,.T.);
#2637 = EDGE_CURVE('',#2630,#2638,#2640,.T.);
#2638 = VERTEX_POINT('',#2639);
#2639 = CARTESIAN_POINT('',(-13.00067358041,-0.770618359215,0.));
#2640 = LINE('',#2641,#2642);
#2641 = CARTESIAN_POINT('',(-13.16448748382,-0.68560619399,0.));
#2642 = VECTOR('',#2643,1.);
#2643 = DIRECTION('',(0.887595892574,-0.460622981935,0.));
#2644 = ORIENTED_EDGE('',*,*,#2645,.T.);
#2645 = EDGE_CURVE('',#2638,#2646,#2648,.T.);
#2646 = VERTEX_POINT('',#2647);
#2647 = CARTESIAN_POINT('',(-12.83654500817,-0.850009209616,0.));
#2648 = LINE('',#2649,#2650);
#2649 = CARTESIAN_POINT('',(-13.00067358041,-0.770618359215,0.));
#2650 = VECTOR('',#2651,1.);
#2651 = DIRECTION('',(0.900215587309,-0.435444481382,0.));
#2652 = ORIENTED_EDGE('',*,*,#2653,.T.);
#2653 = EDGE_CURVE('',#2646,#2654,#2656,.T.);
#2654 = VERTEX_POINT('',#2655);
#2655 = CARTESIAN_POINT('',(-12.67220484577,-0.923646318345,0.));
#2656 = LINE('',#2657,#2658);
#2657 = CARTESIAN_POINT('',(-12.83654500817,-0.850009209616,0.));
#2658 = VECTOR('',#2659,1.);
#2659 = DIRECTION('',(0.912576923398,-0.408905073191,0.));
#2660 = ORIENTED_EDGE('',*,*,#2661,.T.);
#2661 = EDGE_CURVE('',#2654,#2662,#2664,.T.);
#2662 = VERTEX_POINT('',#2663);
#2663 = CARTESIAN_POINT('',(-12.50775894311,-0.991371139094,0.));
#2664 = LINE('',#2665,#2666);
#2665 = CARTESIAN_POINT('',(-12.67220484577,-0.923646318345,0.));
#2666 = VECTOR('',#2667,1.);
#2667 = DIRECTION('',(0.924654732981,-0.380806545079,0.));
#2668 = ORIENTED_EDGE('',*,*,#2669,.T.);
#2669 = EDGE_CURVE('',#2662,#2670,#2672,.T.);
#2670 = VERTEX_POINT('',#2671);
#2671 = CARTESIAN_POINT('',(-12.34331691721,-1.052989982741,0.));
#2672 = LINE('',#2673,#2674);
#2673 = CARTESIAN_POINT('',(-12.50775894311,-0.991371139094,0.));
#2674 = VECTOR('',#2675,1.);
#2675 = DIRECTION('',(0.936416983035,-0.35088920457,0.));
#2676 = ORIENTED_EDGE('',*,*,#2677,.T.);
#2677 = EDGE_CURVE('',#2670,#2678,#2680,.T.);
#2678 = VERTEX_POINT('',#2679);
#2679 = CARTESIAN_POINT('',(-12.17899366386,-1.108260454223,0.));
#2680 = LINE('',#2681,#2682);
#2681 = CARTESIAN_POINT('',(-12.34331691721,-1.052989982741,0.));
#2682 = VECTOR('',#2683,1.);
#2683 = DIRECTION('',(0.947821427294,-0.318801728293,0.));
#2684 = ORIENTED_EDGE('',*,*,#2685,.T.);
#2685 = EDGE_CURVE('',#2678,#2686,#2688,.T.);
#2686 = VERTEX_POINT('',#2687);
#2687 = CARTESIAN_POINT('',(-12.01491177034,-1.156869955583,0.));
#2688 = LINE('',#2689,#2690);
#2689 = CARTESIAN_POINT('',(-12.17899366386,-1.108260454223,0.));
#2690 = VECTOR('',#2691,1.);
#2691 = DIRECTION('',(0.958809820167,-0.284048814031,0.));
#2692 = ORIENTED_EDGE('',*,*,#2693,.T.);
#2693 = EDGE_CURVE('',#2686,#2694,#2696,.T.);
#2694 = VERTEX_POINT('',#2695);
#2695 = CARTESIAN_POINT('',(-11.85120563694,-1.19839914344,0.));
#2696 = LINE('',#2697,#2698);
#2697 = CARTESIAN_POINT('',(-12.01491177034,-1.156869955583,0.));
#2698 = VECTOR('',#2699,1.);
#2699 = DIRECTION('',(0.96929708909,-0.245892564105,0.));
#2700 = ORIENTED_EDGE('',*,*,#2701,.T.);
#2701 = EDGE_CURVE('',#2694,#2702,#2704,.T.);
#2702 = VERTEX_POINT('',#2703);
#2703 = CARTESIAN_POINT('',(-11.68802922447,-1.232253458089,0.));
#2704 = LINE('',#2705,#2706);
#2705 = CARTESIAN_POINT('',(-11.85120563694,-1.19839914344,0.));
#2706 = VECTOR('',#2707,1.);
#2707 = DIRECTION('',(0.979148745014,-0.203144616314,0.));
#2708 = ORIENTED_EDGE('',*,*,#2709,.T.);
#2709 = EDGE_CURVE('',#2702,#2710,#2712,.T.);
#2710 = VERTEX_POINT('',#2711);
#2711 = CARTESIAN_POINT('',(-11.52557289742,-1.25751456162,0.));
#2712 = LINE('',#2713,#2714);
#2713 = CARTESIAN_POINT('',(-11.68802922447,-1.232253458089,0.));
#2714 = VECTOR('',#2715,1.);
#2715 = DIRECTION('',(0.988125594969,-0.15364832758,0.));
#2716 = ORIENTED_EDGE('',*,*,#2717,.T.);
#2717 = EDGE_CURVE('',#2710,#2718,#2720,.T.);
#2718 = VERTEX_POINT('',#2719);
#2719 = CARTESIAN_POINT('',(-11.36411067247,-1.272524038201,0.));
#2720 = LINE('',#2721,#2722);
#2721 = CARTESIAN_POINT('',(-11.52557289742,-1.25751456162,0.));
#2722 = VECTOR('',#2723,1.);
#2723 = DIRECTION('',(0.995707052239,-9.256060782806E-02,0.));
#2724 = ORIENTED_EDGE('',*,*,#2725,.T.);
#2725 = EDGE_CURVE('',#2718,#2726,#2728,.T.);
#2726 = VERTEX_POINT('',#2727);
#2727 = CARTESIAN_POINT('',(-11.20428235645,-1.272398745244,0.));
#2728 = LINE('',#2729,#2730);
#2729 = CARTESIAN_POINT('',(-11.36411067247,-1.272524038201,0.));
#2730 = VECTOR('',#2731,1.);
#2731 = DIRECTION('',(0.999999692733,7.839219114672E-04,0.));
#2732 = ORIENTED_EDGE('',*,*,#2733,.T.);
#2733 = EDGE_CURVE('',#2726,#2734,#2736,.T.);
#2734 = VERTEX_POINT('',#2735);
#2735 = CARTESIAN_POINT('',(-10.06033529252,-1.14248798769,0.));
#2736 = LINE('',#2737,#2738);
#2737 = CARTESIAN_POINT('',(-11.20428235645,-1.272398745244,0.));
#2738 = VECTOR('',#2739,1.);
#2739 = DIRECTION('',(0.993613362224,0.112838319772,0.));
#2740 = ORIENTED_EDGE('',*,*,#2741,.T.);
#2741 = EDGE_CURVE('',#2734,#2742,#2744,.T.);
#2742 = VERTEX_POINT('',#2743);
#2743 = CARTESIAN_POINT('',(-10.00406284383,-1.560240884163,0.));
#2744 = LINE('',#2745,#2746);
#2745 = CARTESIAN_POINT('',(-10.06033529252,-1.14248798769,0.));
#2746 = VECTOR('',#2747,1.);
#2747 = DIRECTION('',(0.133497018349,-0.991049214768,0.));
#2748 = ORIENTED_EDGE('',*,*,#2749,.T.);
#2749 = EDGE_CURVE('',#2742,#2750,#2752,.T.);
#2750 = VERTEX_POINT('',#2751);
#2751 = CARTESIAN_POINT('',(-9.930450964083,-1.975289510413,0.));
#2752 = LINE('',#2753,#2754);
#2753 = CARTESIAN_POINT('',(-10.00406284383,-1.560240884163,0.));
#2754 = VECTOR('',#2755,1.);
#2755 = DIRECTION('',(0.174631932517,-0.984633783772,0.));
#2756 = ORIENTED_EDGE('',*,*,#2757,.T.);
#2757 = EDGE_CURVE('',#2750,#2758,#2760,.T.);
#2758 = VERTEX_POINT('',#2759);
#2759 = CARTESIAN_POINT('',(-9.839627240243,-2.386914488009,0.));
#2760 = LINE('',#2761,#2762);
#2761 = CARTESIAN_POINT('',(-9.930450964083,-1.975289510413,0.));
#2762 = VECTOR('',#2763,1.);
#2763 = DIRECTION('',(0.215464167822,-0.976511747182,0.));
#2764 = ORIENTED_EDGE('',*,*,#2765,.T.);
#2765 = EDGE_CURVE('',#2758,#2766,#2768,.T.);
#2766 = VERTEX_POINT('',#2767);
#2767 = CARTESIAN_POINT('',(-9.731749091528,-2.794402372519,0.));
#2768 = LINE('',#2769,#2770);
#2769 = CARTESIAN_POINT('',(-9.839627240243,-2.386914488009,0.));
#2770 = VECTOR('',#2771,1.);
#2771 = DIRECTION('',(0.255922952246,-0.966697182428,0.));
#2772 = ORIENTED_EDGE('',*,*,#2773,.T.);
#2773 = EDGE_CURVE('',#2766,#2774,#2776,.T.);
#2774 = VERTEX_POINT('',#2775);
#2775 = CARTESIAN_POINT('',(-10.83833306477,-3.112150071431,0.));
#2776 = LINE('',#2777,#2778);
#2777 = CARTESIAN_POINT('',(-9.731749091528,-2.794402372519,0.));
#2778 = VECTOR('',#2779,1.);
#2779 = DIRECTION('',(-0.961160404102,-0.27599035778,0.));
#2780 = ORIENTED_EDGE('',*,*,#2781,.T.);
#2781 = EDGE_CURVE('',#2774,#2782,#2784,.T.);
#2782 = VERTEX_POINT('',#2783);
#2783 = CARTESIAN_POINT('',(-10.9860431222,-3.173197964398,0.));
#2784 = LINE('',#2785,#2786);
#2785 = CARTESIAN_POINT('',(-10.83833306477,-3.112150071431,0.));
#2786 = VECTOR('',#2787,1.);
#2787 = DIRECTION('',(-0.924179242562,-0.38195906537,0.));
#2788 = ORIENTED_EDGE('',*,*,#2789,.T.);
#2789 = EDGE_CURVE('',#2782,#2790,#2792,.T.);
#2790 = VERTEX_POINT('',#2791);
#2791 = CARTESIAN_POINT('',(-11.12947088908,-3.248853831045,0.));
#2792 = LINE('',#2793,#2794);
#2793 = CARTESIAN_POINT('',(-10.9860431222,-3.173197964398,0.));
#2794 = VECTOR('',#2795,1.);
#2795 = DIRECTION('',(-0.884491954835,-0.46655544347,0.));
#2796 = ORIENTED_EDGE('',*,*,#2797,.T.);
#2797 = EDGE_CURVE('',#2790,#2798,#2800,.T.);
#2798 = VERTEX_POINT('',#2799);
#2799 = CARTESIAN_POINT('',(-11.26989395877,-3.334361392412,0.));
#2800 = LINE('',#2801,#2802);
#2801 = CARTESIAN_POINT('',(-11.12947088908,-3.248853831045,0.));
#2802 = VECTOR('',#2803,1.);
#2803 = DIRECTION('',(-0.854110343367,-0.520091839346,0.));
#2804 = ORIENTED_EDGE('',*,*,#2805,.T.);
#2805 = EDGE_CURVE('',#2798,#2806,#2808,.T.);
#2806 = VERTEX_POINT('',#2807);
#2807 = CARTESIAN_POINT('',(-11.40769382111,-3.428083610407,0.));
#2808 = LINE('',#2809,#2810);
#2809 = CARTESIAN_POINT('',(-11.26989395877,-3.334361392412,0.));
#2810 = VECTOR('',#2811,1.);
#2811 = DIRECTION('',(-0.826875405765,-0.56238515569,0.));
#2812 = ORIENTED_EDGE('',*,*,#2813,.T.);
#2813 = EDGE_CURVE('',#2806,#2814,#2816,.T.);
#2814 = VERTEX_POINT('',#2815);
#2815 = CARTESIAN_POINT('',(-11.54304603495,-3.529099202099,0.));
#2816 = LINE('',#2817,#2818);
#2817 = CARTESIAN_POINT('',(-11.40769382111,-3.428083610407,0.));
#2818 = VECTOR('',#2819,1.);
#2819 = DIRECTION('',(-0.801414731108,-0.598109044208,0.));
#2820 = ORIENTED_EDGE('',*,*,#2821,.T.);
#2821 = EDGE_CURVE('',#2814,#2822,#2824,.T.);
#2822 = VERTEX_POINT('',#2823);
#2823 = CARTESIAN_POINT('',(-11.6760358872,-3.636799947691,0.));
#2824 = LINE('',#2825,#2826);
#2825 = CARTESIAN_POINT('',(-11.54304603495,-3.529099202099,0.));
#2826 = VECTOR('',#2827,1.);
#2827 = DIRECTION('',(-0.77712399331,-0.629347518484,0.));
#2828 = ORIENTED_EDGE('',*,*,#2829,.T.);
#2829 = EDGE_CURVE('',#2822,#2830,#2832,.T.);
#2830 = VERTEX_POINT('',#2831);
#2831 = CARTESIAN_POINT('',(-11.80669968395,-3.750746991655,0.));
#2832 = LINE('',#2833,#2834);
#2833 = CARTESIAN_POINT('',(-11.6760358872,-3.636799947691,0.));
#2834 = VECTOR('',#2835,1.);
#2835 = DIRECTION('',(-0.753672677526,-0.657249948765,0.));
#2836 = ORIENTED_EDGE('',*,*,#2837,.T.);
#2837 = EDGE_CURVE('',#2830,#2838,#2840,.T.);
#2838 = VERTEX_POINT('',#2839);
#2839 = CARTESIAN_POINT('',(-11.93504379538,-3.870604619015,0.));
#2840 = LINE('',#2841,#2842);
#2841 = CARTESIAN_POINT('',(-11.80669968395,-3.750746991655,0.));
#2842 = VECTOR('',#2843,1.);
#2843 = DIRECTION('',(-0.730856999337,-0.682530619474,0.));
#2844 = ORIENTED_EDGE('',*,*,#2845,.T.);
#2845 = EDGE_CURVE('',#2838,#2846,#2848,.T.);
#2846 = VERTEX_POINT('',#2847);
#2847 = CARTESIAN_POINT('',(-12.0610548322,-3.996104917217,0.));
#2848 = LINE('',#2849,#2850);
#2849 = CARTESIAN_POINT('',(-11.93504379538,-3.870604619015,0.));
#2850 = VECTOR('',#2851,1.);
#2851 = DIRECTION('',(-0.708541226703,-0.705669419815,0.));
#2852 = ORIENTED_EDGE('',*,*,#2853,.T.);
#2853 = EDGE_CURVE('',#2846,#2854,#2856,.T.);
#2854 = VERTEX_POINT('',#2855);
#2855 = CARTESIAN_POINT('',(-12.18470564308,-4.127026992226,0.));
#2856 = LINE('',#2857,#2858);
#2857 = CARTESIAN_POINT('',(-12.0610548322,-3.996104917217,0.));
#2858 = VECTOR('',#2859,1.);
#2859 = DIRECTION('',(-0.68662994445,-0.727007097204,0.));
#2860 = ORIENTED_EDGE('',*,*,#2861,.T.);
#2861 = EDGE_CURVE('',#2854,#2862,#2864,.T.);
#2862 = VERTEX_POINT('',#2863);
#2863 = CARTESIAN_POINT('',(-12.30595910855,-4.263183859355,0.));
#2864 = LINE('',#2865,#2866);
#2865 = CARTESIAN_POINT('',(-12.18470564308,-4.127026992226,0.));
#2866 = VECTOR('',#2867,1.);
#2867 = DIRECTION('',(-0.665053367223,-0.746795834713,0.));
#2868 = ORIENTED_EDGE('',*,*,#2869,.T.);
#2869 = EDGE_CURVE('',#2862,#2870,#2872,.T.);
#2870 = VERTEX_POINT('',#2871);
#2871 = CARTESIAN_POINT('',(-12.42477067387,-4.404413725648,0.));
#2872 = LINE('',#2873,#2874);
#2873 = CARTESIAN_POINT('',(-12.30595910855,-4.263183859355,0.));
#2874 = VECTOR('',#2875,1.);
#2875 = DIRECTION('',(-0.643758894537,-0.765228387937,0.));
#2876 = ORIENTED_EDGE('',*,*,#2877,.T.);
#2877 = EDGE_CURVE('',#2870,#2878,#2880,.T.);
#2878 = VERTEX_POINT('',#2879);
#2879 = CARTESIAN_POINT('',(-12.54109011417,-4.55057394694,0.));
#2880 = LINE('',#2881,#2882);
#2881 = CARTESIAN_POINT('',(-12.42477067387,-4.404413725648,0.));
#2882 = VECTOR('',#2883,1.);
#2883 = DIRECTION('',(-0.622705940282,-0.78245594888,0.));
#2884 = ORIENTED_EDGE('',*,*,#2885,.T.);
#2885 = EDGE_CURVE('',#2878,#2886,#2888,.T.);
#2886 = VERTEX_POINT('',#2887);
#2887 = CARTESIAN_POINT('',(-12.65486280814,-4.70153669635,0.));
#2888 = LINE('',#2889,#2890);
#2889 = CARTESIAN_POINT('',(-12.54109011417,-4.55057394694,0.));
#2890 = VECTOR('',#2891,1.);
#2891 = DIRECTION('',(-0.601862605964,-0.798599651604,0.));
#2892 = ORIENTED_EDGE('',*,*,#2893,.T.);
#2893 = EDGE_CURVE('',#2886,#2894,#2896,.T.);
#2894 = VERTEX_POINT('',#2895);
#2895 = CARTESIAN_POINT('',(-12.53511140104,-5.012083614962,0.));
#2896 = LINE('',#2897,#2898);
#2897 = CARTESIAN_POINT('',(-12.65486280814,-4.70153669635,0.));
#2898 = VECTOR('',#2899,1.);
#2899 = DIRECTION('',(0.359791053431,-0.933032902888,0.));
#2900 = ORIENTED_EDGE('',*,*,#2901,.T.);
#2901 = EDGE_CURVE('',#2894,#2902,#2904,.T.);
#2902 = VERTEX_POINT('',#2903);
#2903 = CARTESIAN_POINT('',(-12.40774058662,-5.319583962594,0.));
#2904 = LINE('',#2905,#2906);
#2905 = CARTESIAN_POINT('',(-12.53511140104,-5.012083614962,0.));
#2906 = VECTOR('',#2907,1.);
#2907 = DIRECTION('',(0.382683432365,-0.923879532511,0.));
#2908 = ORIENTED_EDGE('',*,*,#2909,.T.);
#2909 = EDGE_CURVE('',#2902,#2910,#2912,.T.);
#2910 = VERTEX_POINT('',#2911);
#2911 = CARTESIAN_POINT('',(-12.2728277866,-5.623850826635,0.));
#2912 = LINE('',#2913,#2914);
#2913 = CARTESIAN_POINT('',(-12.40774058662,-5.319583962594,0.));
#2914 = VECTOR('',#2915,1.);
#2915 = DIRECTION('',(0.405343199011,-0.914164586393,0.));
#2916 = ORIENTED_EDGE('',*,*,#2917,.T.);
#2917 = EDGE_CURVE('',#2910,#2918,#2920,.T.);
#2918 = VERTEX_POINT('',#2919);
#2919 = CARTESIAN_POINT('',(-12.08563155937,-5.650148167032,0.));
#2920 = LINE('',#2921,#2922);
#2921 = CARTESIAN_POINT('',(-12.2728277866,-5.623850826635,0.));
#2922 = VECTOR('',#2923,1.);
#2923 = DIRECTION('',(0.990276359122,-0.139114099083,0.));
#2924 = ORIENTED_EDGE('',*,*,#2925,.T.);
#2925 = EDGE_CURVE('',#2918,#2926,#2928,.T.);
#2926 = VERTEX_POINT('',#2927);
#2927 = CARTESIAN_POINT('',(-11.90003041074,-5.671248785629,0.));
#2928 = LINE('',#2929,#2930);
#2929 = CARTESIAN_POINT('',(-12.08563155937,-5.650148167032,0.));
#2930 = VECTOR('',#2931,1.);
#2931 = DIRECTION('',(0.993599500491,-0.112960314374,0.));
#2932 = ORIENTED_EDGE('',*,*,#2933,.T.);
#2933 = EDGE_CURVE('',#2926,#2934,#2936,.T.);
#2934 = VERTEX_POINT('',#2935);
#2935 = CARTESIAN_POINT('',(-11.71615335105,-5.687100918268,0.));
#2936 = LINE('',#2937,#2938);
#2937 = CARTESIAN_POINT('',(-11.90003041074,-5.671248785629,0.));
#2938 = VECTOR('',#2939,1.);
#2939 = DIRECTION('',(0.996304462043,-8.589190249035E-02,0.));
#2940 = ORIENTED_EDGE('',*,*,#2941,.T.);
#2941 = EDGE_CURVE('',#2934,#2942,#2944,.T.);
#2942 = VERTEX_POINT('',#2943);
#2943 = CARTESIAN_POINT('',(-11.53413675933,-5.697639214646,0.));
#2944 = LINE('',#2945,#2946);
#2945 = CARTESIAN_POINT('',(-11.71615335105,-5.687100918268,0.));
#2946 = VECTOR('',#2947,1.);
#2947 = DIRECTION('',(0.998328144702,-5.780065307348E-02,0.));
#2948 = ORIENTED_EDGE('',*,*,#2949,.T.);
#2949 = EDGE_CURVE('',#2942,#2950,#2952,.T.);
#2950 = VERTEX_POINT('',#2951);
#2951 = CARTESIAN_POINT('',(-11.3541265454,-5.702780774814,0.));
#2952 = LINE('',#2953,#2954);
#2953 = CARTESIAN_POINT('',(-11.53413675933,-5.697639214646,0.));
#2954 = VECTOR('',#2955,1.);
#2955 = DIRECTION('',(0.99959233829,-2.855095851751E-02,0.));
#2956 = ORIENTED_EDGE('',*,*,#2957,.T.);
#2957 = EDGE_CURVE('',#2950,#2958,#2960,.T.);
#2958 = VERTEX_POINT('',#2959);
#2959 = CARTESIAN_POINT('',(-11.17628117487,-5.702419628077,0.));
#2960 = LINE('',#2961,#2962);
#2961 = CARTESIAN_POINT('',(-11.3541265454,-5.702780774814,0.));
#2962 = VECTOR('',#2963,1.);
#2963 = DIRECTION('',(0.999997938179,2.030674124855E-03,0.));
#2964 = ORIENTED_EDGE('',*,*,#2965,.T.);
#2965 = EDGE_CURVE('',#2958,#2966,#2968,.T.);
#2966 = VERTEX_POINT('',#2967);
#2967 = CARTESIAN_POINT('',(-11.00077604227,-5.696418777643,0.));
#2968 = LINE('',#2969,#2970);
#2969 = CARTESIAN_POINT('',(-11.17628117487,-5.702419628077,0.));
#2970 = VECTOR('',#2971,1.);
#2971 = DIRECTION('',(0.999415969707,3.417191091091E-02,0.));
#2972 = ORIENTED_EDGE('',*,*,#2973,.T.);
#2973 = EDGE_CURVE('',#2966,#2974,#2976,.T.);
#2974 = VERTEX_POINT('',#2975);
#2975 = CARTESIAN_POINT('',(-10.82781005805,-5.684598248388,0.));
#2976 = LINE('',#2977,#2978);
#2977 = CARTESIAN_POINT('',(-11.00077604227,-5.696418777643,0.));
#2978 = VECTOR('',#2979,1.);
#2979 = DIRECTION('',(0.99767295678,6.818116536716E-02,0.));
#2980 = ORIENTED_EDGE('',*,*,#2981,.T.);
#2981 = EDGE_CURVE('',#2974,#2982,#2984,.T.);
#2982 = VERTEX_POINT('',#2983);
#2983 = CARTESIAN_POINT('',(-10.65761610414,-5.66671614958,0.));
#2984 = LINE('',#2985,#2986);
#2985 = CARTESIAN_POINT('',(-10.82781005805,-5.684598248388,0.));
#2986 = VECTOR('',#2987,1.);
#2987 = DIRECTION('',(0.994525543535,0.10449374745,0.));
#2988 = ORIENTED_EDGE('',*,*,#2989,.T.);
#2989 = EDGE_CURVE('',#2982,#2990,#2992,.T.);
#2990 = VERTEX_POINT('',#2991);
#2991 = CARTESIAN_POINT('',(-10.490478826,-5.642436491213,0.));
#2992 = LINE('',#2993,#2994);
#2993 = CARTESIAN_POINT('',(-10.65761610414,-5.66671614958,0.));
#2994 = VECTOR('',#2995,1.);
#2995 = DIRECTION('',(0.989612751958,0.143758829861,0.));
#2996 = ORIENTED_EDGE('',*,*,#2997,.T.);
#2997 = EDGE_CURVE('',#2990,#2998,#3000,.T.);
#2998 = VERTEX_POINT('',#2999);
#2999 = CARTESIAN_POINT('',(-10.326767993,-5.611268890001,0.));
#3000 = LINE('',#3001,#3002);
#3001 = CARTESIAN_POINT('',(-10.490478826,-5.642436491213,0.));
#3002 = VECTOR('',#3003,1.);
#3003 = DIRECTION('',(0.98235556384,0.187022849386,0.));
#3004 = ORIENTED_EDGE('',*,*,#3005,.T.);
#3005 = EDGE_CURVE('',#2998,#3006,#3008,.T.);
#3006 = VERTEX_POINT('',#3007);
#3007 = CARTESIAN_POINT('',(-10.1670109117,-5.572437761676,0.));
#3008 = LINE('',#3009,#3010);
#3009 = CARTESIAN_POINT('',(-10.326767993,-5.611268890001,0.));
#3010 = VECTOR('',#3011,1.);
#3011 = DIRECTION('',(0.971707682117,0.236186749235,0.));
#3012 = ORIENTED_EDGE('',*,*,#3013,.T.);
#3013 = EDGE_CURVE('',#3006,#3014,#3016,.T.);
#3014 = VERTEX_POINT('',#3015);
#3015 = CARTESIAN_POINT('',(-10.01209538879,-5.524515791443,0.));
#3016 = LINE('',#3017,#3018);
#3017 = CARTESIAN_POINT('',(-10.1670109117,-5.572437761676,0.));
#3018 = VECTOR('',#3019,1.);
#3019 = DIRECTION('',(0.955334777046,0.295525741292,0.));
#3020 = ORIENTED_EDGE('',*,*,#3021,.T.);
#3021 = EDGE_CURVE('',#3014,#3022,#3024,.T.);
#3022 = VERTEX_POINT('',#3023);
#3023 = CARTESIAN_POINT('',(-9.864481226436,-5.463236387278,0.));
#3024 = LINE('',#3025,#3026);
#3025 = CARTESIAN_POINT('',(-10.01209538879,-5.524515791443,0.));
#3026 = VECTOR('',#3027,1.);
#3027 = DIRECTION('',(0.923579254706,0.383407564188,0.));
#3028 = ORIENTED_EDGE('',*,*,#3029,.T.);
#3029 = EDGE_CURVE('',#3022,#3030,#3032,.T.);
#3030 = VERTEX_POINT('',#3031);
#3031 = CARTESIAN_POINT('',(-8.857326642398,-4.905444908454,0.));
#3032 = LINE('',#3033,#3034);
#3033 = CARTESIAN_POINT('',(-9.864481226436,-5.463236387278,0.));
#3034 = VECTOR('',#3035,1.);
#3035 = DIRECTION('',(0.874797693076,0.48448838602,0.));
#3036 = ORIENTED_EDGE('',*,*,#3037,.T.);
#3037 = EDGE_CURVE('',#3030,#3038,#3040,.T.);
#3038 = VERTEX_POINT('',#3039);
#3039 = CARTESIAN_POINT('',(-8.645470566507,-5.26986372534,0.));
#3040 = LINE('',#3041,#3042);
#3041 = CARTESIAN_POINT('',(-8.857326642398,-4.905444908454,0.));
#3042 = VECTOR('',#3043,1.);
#3043 = DIRECTION('',(0.502593278054,-0.864522988043,0.));
#3044 = ORIENTED_EDGE('',*,*,#3045,.T.);
#3045 = EDGE_CURVE('',#3038,#3046,#3048,.T.);
#3046 = VERTEX_POINT('',#3047);
#3047 = CARTESIAN_POINT('',(-8.418629824563,-5.625148609323,0.));
#3048 = LINE('',#3049,#3050);
#3049 = CARTESIAN_POINT('',(-8.645470566507,-5.26986372534,0.));
#3050 = VECTOR('',#3051,1.);
#3051 = DIRECTION('',(0.538141904171,-0.84285425251,0.));
#3052 = ORIENTED_EDGE('',*,*,#3053,.T.);
#3053 = EDGE_CURVE('',#3046,#3054,#3056,.T.);
#3054 = VERTEX_POINT('',#3055);
#3055 = CARTESIAN_POINT('',(-8.177197585768,-5.970683766815,0.));
#3056 = LINE('',#3057,#3058);
#3057 = CARTESIAN_POINT('',(-8.418629824563,-5.625148609323,0.));
#3058 = VECTOR('',#3059,1.);
#3059 = DIRECTION('',(0.572757801797,-0.819724649185,0.));
#3060 = ORIENTED_EDGE('',*,*,#3061,.T.);
#3061 = EDGE_CURVE('',#3054,#3062,#3064,.T.);
#3062 = VERTEX_POINT('',#3063);
#3063 = CARTESIAN_POINT('',(-7.921592309873,-6.305870302833,0.));
#3064 = LINE('',#3065,#3066);
#3065 = CARTESIAN_POINT('',(-8.177197585768,-5.970683766815,0.));
#3066 = VECTOR('',#3067,1.);
#3067 = DIRECTION('',(0.606380973309,-0.795174267195,0.));
#3068 = ORIENTED_EDGE('',*,*,#3069,.T.);
#3069 = EDGE_CURVE('',#3062,#3070,#3072,.T.);
#3070 = VERTEX_POINT('',#3071);
#3071 = CARTESIAN_POINT('',(-8.822345813711,-7.022902251441,0.));
#3072 = LINE('',#3073,#3074);
#3073 = CARTESIAN_POINT('',(-7.921592309873,-6.305870302833,0.));
#3074 = VECTOR('',#3075,1.);
#3075 = DIRECTION('',(-0.782379487395,-0.622802005218,0.));
#3076 = ORIENTED_EDGE('',*,*,#3077,.T.);
#3077 = EDGE_CURVE('',#3070,#3078,#3080,.T.);
#3078 = VERTEX_POINT('',#3079);
#3079 = CARTESIAN_POINT('',(-8.935450095299,-7.135829342029,0.));
#3080 = LINE('',#3081,#3082);
#3081 = CARTESIAN_POINT('',(-8.822345813711,-7.022902251441,0.));
#3082 = VECTOR('',#3083,1.);
#3083 = DIRECTION('',(-0.707660880416,-0.706552247417,0.));
#3084 = ORIENTED_EDGE('',*,*,#3085,.T.);
#3085 = EDGE_CURVE('',#3078,#3086,#3088,.T.);
#3086 = VERTEX_POINT('',#3087);
#3087 = CARTESIAN_POINT('',(-9.039007826791,-7.260613678866,0.));
#3088 = LINE('',#3089,#3090);
#3089 = CARTESIAN_POINT('',(-8.935450095299,-7.135829342029,0.));
#3090 = VECTOR('',#3091,1.);
#3091 = DIRECTION('',(-0.638620975248,-0.769521442179,0.));
#3092 = ORIENTED_EDGE('',*,*,#3093,.T.);
#3093 = EDGE_CURVE('',#3086,#3094,#3096,.T.);
#3094 = VERTEX_POINT('',#3095);
#3095 = CARTESIAN_POINT('',(-9.136019499689,-7.393349946979,0.));
#3096 = LINE('',#3097,#3098);
#3097 = CARTESIAN_POINT('',(-9.039007826791,-7.260613678866,0.));
#3098 = VECTOR('',#3099,1.);
#3099 = DIRECTION('',(-0.590064534517,-0.807356083216,0.));
#3100 = ORIENTED_EDGE('',*,*,#3101,.T.);
#3101 = EDGE_CURVE('',#3094,#3102,#3104,.T.);
#3102 = VERTEX_POINT('',#3103);
#3103 = CARTESIAN_POINT('',(-9.227464032013,-7.532671710225,0.));
#3104 = LINE('',#3105,#3106);
#3105 = CARTESIAN_POINT('',(-9.136019499689,-7.393349946979,0.));
#3106 = VECTOR('',#3107,1.);
#3107 = DIRECTION('',(-0.548717781633,-0.836007653147,0.));
#3108 = ORIENTED_EDGE('',*,*,#3109,.T.);
#3109 = EDGE_CURVE('',#3102,#3110,#3112,.T.);
#3110 = VERTEX_POINT('',#3111);
#3111 = CARTESIAN_POINT('',(-9.313856178713,-7.677794997626,0.));
#3112 = LINE('',#3113,#3114);
#3113 = CARTESIAN_POINT('',(-9.227464032013,-7.532671710225,0.));
#3114 = VECTOR('',#3115,1.);
#3115 = DIRECTION('',(-0.511524245158,-0.859268844202,0.));
#3116 = ORIENTED_EDGE('',*,*,#3117,.T.);
#3117 = EDGE_CURVE('',#3110,#3118,#3120,.T.);
#3118 = VERTEX_POINT('',#3119);
#3119 = CARTESIAN_POINT('',(-9.395507490247,-7.828190525243,0.));
#3120 = LINE('',#3121,#3122);
#3121 = CARTESIAN_POINT('',(-9.313856178713,-7.677794997626,0.));
#3122 = VECTOR('',#3123,1.);
#3123 = DIRECTION('',(-0.477128083119,-0.878833768297,0.));
#3124 = ORIENTED_EDGE('',*,*,#3125,.T.);
#3125 = EDGE_CURVE('',#3118,#3126,#3128,.T.);
#3126 = VERTEX_POINT('',#3127);
#3127 = CARTESIAN_POINT('',(-9.472619451814,-7.983466737178,0.));
#3128 = LINE('',#3129,#3130);
#3129 = CARTESIAN_POINT('',(-9.395507490247,-7.828190525243,0.));
#3130 = VECTOR('',#3131,1.);
#3131 = DIRECTION('',(-0.444784094664,-0.895637822523,0.));
#3132 = ORIENTED_EDGE('',*,*,#3133,.T.);
#3133 = EDGE_CURVE('',#3126,#3134,#3136,.T.);
#3134 = VERTEX_POINT('',#3135);
#3135 = CARTESIAN_POINT('',(-9.545326421249,-8.143315910997,0.));
#3136 = LINE('',#3137,#3138);
#3137 = CARTESIAN_POINT('',(-9.472619451814,-7.983466737178,0.));
#3138 = VECTOR('',#3139,1.);
#3139 = DIRECTION('',(-0.414030662725,-0.910262934719,0.));
#3140 = ORIENTED_EDGE('',*,*,#3141,.T.);
#3141 = EDGE_CURVE('',#3134,#3142,#3144,.T.);
#3142 = VERTEX_POINT('',#3143);
#3143 = CARTESIAN_POINT('',(-9.613718554154,-8.307485403915,0.));
#3144 = LINE('',#3145,#3146);
#3145 = CARTESIAN_POINT('',(-9.545326421249,-8.143315910997,0.));
#3146 = VECTOR('',#3147,1.);
#3147 = DIRECTION('',(-0.384558741602,-0.923100522293,0.));
#3148 = ORIENTED_EDGE('',*,*,#3149,.T.);
#3149 = EDGE_CURVE('',#3142,#3150,#3152,.T.);
#3150 = VERTEX_POINT('',#3151);
#3151 = CARTESIAN_POINT('',(-9.677855298475,-8.475760746095,0.));
#3152 = LINE('',#3153,#3154);
#3153 = CARTESIAN_POINT('',(-9.613718554154,-8.307485403915,0.));
#3154 = VECTOR('',#3155,1.);
#3155 = DIRECTION('',(-0.356149780775,-0.934428881004,0.));
#3156 = ORIENTED_EDGE('',*,*,#3157,.T.);
#3157 = EDGE_CURVE('',#3150,#3158,#3160,.T.);
#3158 = VERTEX_POINT('',#3159);
#3159 = CARTESIAN_POINT('',(-9.737773916212,-8.647954981196,0.));
#3160 = LINE('',#3161,#3162);
#3161 = CARTESIAN_POINT('',(-9.677855298475,-8.475760746095,0.));
#3162 = VECTOR('',#3163,1.);
#3163 = DIRECTION('',(-0.328642800701,-0.944454291931,0.));
#3164 = ORIENTED_EDGE('',*,*,#3165,.T.);
#3165 = EDGE_CURVE('',#3158,#3166,#3168,.T.);
#3166 = VERTEX_POINT('',#3167);
#3167 = CARTESIAN_POINT('',(-9.793495159654,-8.823901581666,0.));
#3168 = LINE('',#3169,#3170);
#3169 = CARTESIAN_POINT('',(-9.737773916212,-8.647954981196,0.));
#3170 = VECTOR('',#3171,1.);
#3171 = DIRECTION('',(-0.301915440496,-0.953334708688,0.));
#3172 = ORIENTED_EDGE('',*,*,#3173,.T.);
#3173 = EDGE_CURVE('',#3166,#3174,#3176,.T.);
#3174 = VERTEX_POINT('',#3175);
#3175 = CARTESIAN_POINT('',(-9.84502721462,-9.003449541249,0.));
#3176 = LINE('',#3177,#3178);
#3177 = CARTESIAN_POINT('',(-9.793495159654,-8.823901581666,0.));
#3178 = VECTOR('',#3179,1.);
#3179 = DIRECTION('',(-0.275872344808,-0.961194282843,0.));
#3180 = ORIENTED_EDGE('',*,*,#3181,.T.);
#3181 = EDGE_CURVE('',#3174,#3182,#3184,.T.);
#3182 = VERTEX_POINT('',#3183);
#3183 = CARTESIAN_POINT('',(-9.89236853483,-9.186459860637,0.));
#3184 = LINE('',#3185,#3186);
#3185 = CARTESIAN_POINT('',(-9.84502721462,-9.003449541249,0.));
#3186 = VECTOR('',#3187,1.);
#3187 = DIRECTION('',(-0.250437687273,-0.96813272065,0.));
#3188 = ORIENTED_EDGE('',*,*,#3189,.T.);
#3189 = EDGE_CURVE('',#3182,#3190,#3192,.T.);
#3190 = VERTEX_POINT('',#3191);
#3191 = CARTESIAN_POINT('',(-9.6628915001,-9.42754092313,0.));
#3192 = LINE('',#3193,#3194);
#3193 = CARTESIAN_POINT('',(-9.89236853483,-9.186459860637,0.));
#3194 = VECTOR('',#3195,1.);
#3195 = DIRECTION('',(0.689459824032,-0.724323926877,0.));
#3196 = ORIENTED_EDGE('',*,*,#3197,.T.);
#3197 = EDGE_CURVE('',#3190,#3198,#3200,.T.);
#3198 = VERTEX_POINT('',#3199);
#3199 = CARTESIAN_POINT('',(-9.42754092313,-9.6628915001,0.));
#3200 = LINE('',#3201,#3202);
#3201 = CARTESIAN_POINT('',(-9.6628915001,-9.42754092313,0.));
#3202 = VECTOR('',#3203,1.);
#3203 = DIRECTION('',(0.707106781187,-0.707106781187,0.));
#3204 = ORIENTED_EDGE('',*,*,#3205,.T.);
#3205 = EDGE_CURVE('',#3198,#3206,#3208,.T.);
#3206 = VERTEX_POINT('',#3207);
#3207 = CARTESIAN_POINT('',(-9.186459860637,-9.89236853483,0.));
#3208 = LINE('',#3209,#3210);
#3209 = CARTESIAN_POINT('',(-9.42754092313,-9.6628915001,0.));
#3210 = VECTOR('',#3211,1.);
#3211 = DIRECTION('',(0.724323926877,-0.689459824032,0.));
#3212 = ORIENTED_EDGE('',*,*,#3213,.T.);
#3213 = EDGE_CURVE('',#3206,#3214,#3216,.T.);
#3214 = VERTEX_POINT('',#3215);
#3215 = CARTESIAN_POINT('',(-9.003449541249,-9.84502721462,0.));
#3216 = LINE('',#3217,#3218);
#3217 = CARTESIAN_POINT('',(-9.186459860637,-9.89236853483,0.));
#3218 = VECTOR('',#3219,1.);
#3219 = DIRECTION('',(0.96813272065,0.250437687273,0.));
#3220 = ORIENTED_EDGE('',*,*,#3221,.T.);
#3221 = EDGE_CURVE('',#3214,#3222,#3224,.T.);
#3222 = VERTEX_POINT('',#3223);
#3223 = CARTESIAN_POINT('',(-8.823901581666,-9.793495159654,0.));
#3224 = LINE('',#3225,#3226);
#3225 = CARTESIAN_POINT('',(-9.003449541249,-9.84502721462,0.));
#3226 = VECTOR('',#3227,1.);
#3227 = DIRECTION('',(0.961194282843,0.275872344808,0.));
#3228 = ORIENTED_EDGE('',*,*,#3229,.T.);
#3229 = EDGE_CURVE('',#3222,#3230,#3232,.T.);
#3230 = VERTEX_POINT('',#3231);
#3231 = CARTESIAN_POINT('',(-8.647954981196,-9.737773916212,0.));
#3232 = LINE('',#3233,#3234);
#3233 = CARTESIAN_POINT('',(-8.823901581666,-9.793495159654,0.));
#3234 = VECTOR('',#3235,1.);
#3235 = DIRECTION('',(0.953334708688,0.301915440496,0.));
#3236 = ORIENTED_EDGE('',*,*,#3237,.T.);
#3237 = EDGE_CURVE('',#3230,#3238,#3240,.T.);
#3238 = VERTEX_POINT('',#3239);
#3239 = CARTESIAN_POINT('',(-8.475760746095,-9.677855298475,0.));
#3240 = LINE('',#3241,#3242);
#3241 = CARTESIAN_POINT('',(-8.647954981196,-9.737773916212,0.));
#3242 = VECTOR('',#3243,1.);
#3243 = DIRECTION('',(0.944454291931,0.328642800701,0.));
#3244 = ORIENTED_EDGE('',*,*,#3245,.T.);
#3245 = EDGE_CURVE('',#3238,#3246,#3248,.T.);
#3246 = VERTEX_POINT('',#3247);
#3247 = CARTESIAN_POINT('',(-8.307485403915,-9.613718554154,0.));
#3248 = LINE('',#3249,#3250);
#3249 = CARTESIAN_POINT('',(-8.475760746095,-9.677855298475,0.));
#3250 = VECTOR('',#3251,1.);
#3251 = DIRECTION('',(0.934428881004,0.356149780775,0.));
#3252 = ORIENTED_EDGE('',*,*,#3253,.T.);
#3253 = EDGE_CURVE('',#3246,#3254,#3256,.T.);
#3254 = VERTEX_POINT('',#3255);
#3255 = CARTESIAN_POINT('',(-8.143315910997,-9.545326421249,0.));
#3256 = LINE('',#3257,#3258);
#3257 = CARTESIAN_POINT('',(-8.307485403915,-9.613718554154,0.));
#3258 = VECTOR('',#3259,1.);
#3259 = DIRECTION('',(0.923100522293,0.384558741602,0.));
#3260 = ORIENTED_EDGE('',*,*,#3261,.T.);
#3261 = EDGE_CURVE('',#3254,#3262,#3264,.T.);
#3262 = VERTEX_POINT('',#3263);
#3263 = CARTESIAN_POINT('',(-7.983466737178,-9.472619451814,0.));
#3264 = LINE('',#3265,#3266);
#3265 = CARTESIAN_POINT('',(-8.143315910997,-9.545326421249,0.));
#3266 = VECTOR('',#3267,1.);
#3267 = DIRECTION('',(0.910262934719,0.414030662725,0.));
#3268 = ORIENTED_EDGE('',*,*,#3269,.T.);
#3269 = EDGE_CURVE('',#3262,#3270,#3272,.T.);
#3270 = VERTEX_POINT('',#3271);
#3271 = CARTESIAN_POINT('',(-7.828190525243,-9.395507490247,0.));
#3272 = LINE('',#3273,#3274);
#3273 = CARTESIAN_POINT('',(-7.983466737178,-9.472619451814,0.));
#3274 = VECTOR('',#3275,1.);
#3275 = DIRECTION('',(0.895637822523,0.444784094664,0.));
#3276 = ORIENTED_EDGE('',*,*,#3277,.T.);
#3277 = EDGE_CURVE('',#3270,#3278,#3280,.T.);
#3278 = VERTEX_POINT('',#3279);
#3279 = CARTESIAN_POINT('',(-7.677794997626,-9.313856178713,0.));
#3280 = LINE('',#3281,#3282);
#3281 = CARTESIAN_POINT('',(-7.828190525243,-9.395507490247,0.));
#3282 = VECTOR('',#3283,1.);
#3283 = DIRECTION('',(0.878833768297,0.477128083119,0.));
#3284 = ORIENTED_EDGE('',*,*,#3285,.T.);
#3285 = EDGE_CURVE('',#3278,#3286,#3288,.T.);
#3286 = VERTEX_POINT('',#3287);
#3287 = CARTESIAN_POINT('',(-7.532671710225,-9.227464032013,0.));
#3288 = LINE('',#3289,#3290);
#3289 = CARTESIAN_POINT('',(-7.677794997626,-9.313856178713,0.));
#3290 = VECTOR('',#3291,1.);
#3291 = DIRECTION('',(0.859268844202,0.511524245158,0.));
#3292 = ORIENTED_EDGE('',*,*,#3293,.T.);
#3293 = EDGE_CURVE('',#3286,#3294,#3296,.T.);
#3294 = VERTEX_POINT('',#3295);
#3295 = CARTESIAN_POINT('',(-7.393349946979,-9.136019499689,0.));
#3296 = LINE('',#3297,#3298);
#3297 = CARTESIAN_POINT('',(-7.532671710225,-9.227464032013,0.));
#3298 = VECTOR('',#3299,1.);
#3299 = DIRECTION('',(0.836007653147,0.548717781633,0.));
#3300 = ORIENTED_EDGE('',*,*,#3301,.T.);
#3301 = EDGE_CURVE('',#3294,#3302,#3304,.T.);
#3302 = VERTEX_POINT('',#3303);
#3303 = CARTESIAN_POINT('',(-7.260613678866,-9.039007826791,0.));
#3304 = LINE('',#3305,#3306);
#3305 = CARTESIAN_POINT('',(-7.393349946979,-9.136019499689,0.));
#3306 = VECTOR('',#3307,1.);
#3307 = DIRECTION('',(0.807356083216,0.590064534517,0.));
#3308 = ORIENTED_EDGE('',*,*,#3309,.T.);
#3309 = EDGE_CURVE('',#3302,#3310,#3312,.T.);
#3310 = VERTEX_POINT('',#3311);
#3311 = CARTESIAN_POINT('',(-7.135829342029,-8.935450095299,0.));
#3312 = LINE('',#3313,#3314);
#3313 = CARTESIAN_POINT('',(-7.260613678866,-9.039007826791,0.));
#3314 = VECTOR('',#3315,1.);
#3315 = DIRECTION('',(0.769521442179,0.638620975248,0.));
#3316 = ORIENTED_EDGE('',*,*,#3317,.T.);
#3317 = EDGE_CURVE('',#3310,#3318,#3320,.T.);
#3318 = VERTEX_POINT('',#3319);
#3319 = CARTESIAN_POINT('',(-7.022902251441,-8.822345813711,0.));
#3320 = LINE('',#3321,#3322);
#3321 = CARTESIAN_POINT('',(-7.135829342029,-8.935450095299,0.));
#3322 = VECTOR('',#3323,1.);
#3323 = DIRECTION('',(0.706552247417,0.707660880416,0.));
#3324 = ORIENTED_EDGE('',*,*,#3325,.T.);
#3325 = EDGE_CURVE('',#3318,#3326,#3328,.T.);
#3326 = VERTEX_POINT('',#3327);
#3327 = CARTESIAN_POINT('',(-6.305870302833,-7.921592309873,0.));
#3328 = LINE('',#3329,#3330);
#3329 = CARTESIAN_POINT('',(-7.022902251441,-8.822345813711,0.));
#3330 = VECTOR('',#3331,1.);
#3331 = DIRECTION('',(0.622802005218,0.782379487395,0.));
#3332 = ORIENTED_EDGE('',*,*,#3333,.T.);
#3333 = EDGE_CURVE('',#3326,#3334,#3336,.T.);
#3334 = VERTEX_POINT('',#3335);
#3335 = CARTESIAN_POINT('',(-5.970683766815,-8.177197585768,0.));
#3336 = LINE('',#3337,#3338);
#3337 = CARTESIAN_POINT('',(-6.305870302833,-7.921592309873,0.));
#3338 = VECTOR('',#3339,1.);
#3339 = DIRECTION('',(0.795174267195,-0.606380973309,0.));
#3340 = ORIENTED_EDGE('',*,*,#3341,.T.);
#3341 = EDGE_CURVE('',#3334,#3342,#3344,.T.);
#3342 = VERTEX_POINT('',#3343);
#3343 = CARTESIAN_POINT('',(-5.625148609323,-8.418629824563,0.));
#3344 = LINE('',#3345,#3346);
#3345 = CARTESIAN_POINT('',(-5.970683766815,-8.177197585768,0.));
#3346 = VECTOR('',#3347,1.);
#3347 = DIRECTION('',(0.819724649185,-0.572757801797,0.));
#3348 = ORIENTED_EDGE('',*,*,#3349,.T.);
#3349 = EDGE_CURVE('',#3342,#3350,#3352,.T.);
#3350 = VERTEX_POINT('',#3351);
#3351 = CARTESIAN_POINT('',(-5.26986372534,-8.645470566507,0.));
#3352 = LINE('',#3353,#3354);
#3353 = CARTESIAN_POINT('',(-5.625148609323,-8.418629824563,0.));
#3354 = VECTOR('',#3355,1.);
#3355 = DIRECTION('',(0.84285425251,-0.538141904171,0.));
#3356 = ORIENTED_EDGE('',*,*,#3357,.T.);
#3357 = EDGE_CURVE('',#3350,#3358,#3360,.T.);
#3358 = VERTEX_POINT('',#3359);
#3359 = CARTESIAN_POINT('',(-4.905444908454,-8.857326642398,0.));
#3360 = LINE('',#3361,#3362);
#3361 = CARTESIAN_POINT('',(-5.26986372534,-8.645470566507,0.));
#3362 = VECTOR('',#3363,1.);
#3363 = DIRECTION('',(0.864522988043,-0.502593278054,0.));
#3364 = ORIENTED_EDGE('',*,*,#3365,.T.);
#3365 = EDGE_CURVE('',#3358,#3366,#3368,.T.);
#3366 = VERTEX_POINT('',#3367);
#3367 = CARTESIAN_POINT('',(-5.463236387278,-9.864481226436,0.));
#3368 = LINE('',#3369,#3370);
#3369 = CARTESIAN_POINT('',(-4.905444908454,-8.857326642398,0.));
#3370 = VECTOR('',#3371,1.);
#3371 = DIRECTION('',(-0.48448838602,-0.874797693076,0.));
#3372 = ORIENTED_EDGE('',*,*,#3373,.T.);
#3373 = EDGE_CURVE('',#3366,#3374,#3376,.T.);
#3374 = VERTEX_POINT('',#3375);
#3375 = CARTESIAN_POINT('',(-5.524515791444,-10.01209538879,0.));
#3376 = LINE('',#3377,#3378);
#3377 = CARTESIAN_POINT('',(-5.463236387278,-9.864481226436,0.));
#3378 = VECTOR('',#3379,1.);
#3379 = DIRECTION('',(-0.383407564188,-0.923579254706,0.));
#3380 = ORIENTED_EDGE('',*,*,#3381,.T.);
#3381 = EDGE_CURVE('',#3374,#3382,#3384,.T.);
#3382 = VERTEX_POINT('',#3383);
#3383 = CARTESIAN_POINT('',(-5.572437761676,-10.1670109117,0.));
#3384 = LINE('',#3385,#3386);
#3385 = CARTESIAN_POINT('',(-5.524515791444,-10.01209538879,0.));
#3386 = VECTOR('',#3387,1.);
#3387 = DIRECTION('',(-0.295525741292,-0.955334777046,0.));
#3388 = ORIENTED_EDGE('',*,*,#3389,.T.);
#3389 = EDGE_CURVE('',#3382,#3390,#3392,.T.);
#3390 = VERTEX_POINT('',#3391);
#3391 = CARTESIAN_POINT('',(-5.611268890001,-10.326767993,0.));
#3392 = LINE('',#3393,#3394);
#3393 = CARTESIAN_POINT('',(-5.572437761676,-10.1670109117,0.));
#3394 = VECTOR('',#3395,1.);
#3395 = DIRECTION('',(-0.236186749235,-0.971707682117,0.));
#3396 = ORIENTED_EDGE('',*,*,#3397,.T.);
#3397 = EDGE_CURVE('',#3390,#3398,#3400,.T.);
#3398 = VERTEX_POINT('',#3399);
#3399 = CARTESIAN_POINT('',(-5.642436491213,-10.490478826,0.));
#3400 = LINE('',#3401,#3402);
#3401 = CARTESIAN_POINT('',(-5.611268890001,-10.326767993,0.));
#3402 = VECTOR('',#3403,1.);
#3403 = DIRECTION('',(-0.187022849386,-0.98235556384,0.));
#3404 = ORIENTED_EDGE('',*,*,#3405,.T.);
#3405 = EDGE_CURVE('',#3398,#3406,#3408,.T.);
#3406 = VERTEX_POINT('',#3407);
#3407 = CARTESIAN_POINT('',(-5.66671614958,-10.65761610414,0.));
#3408 = LINE('',#3409,#3410);
#3409 = CARTESIAN_POINT('',(-5.642436491213,-10.490478826,0.));
#3410 = VECTOR('',#3411,1.);
#3411 = DIRECTION('',(-0.143758829861,-0.989612751958,0.));
#3412 = ORIENTED_EDGE('',*,*,#3413,.T.);
#3413 = EDGE_CURVE('',#3406,#3414,#3416,.T.);
#3414 = VERTEX_POINT('',#3415);
#3415 = CARTESIAN_POINT('',(-5.684598248388,-10.82781005805,0.));
#3416 = LINE('',#3417,#3418);
#3417 = CARTESIAN_POINT('',(-5.66671614958,-10.65761610414,0.));
#3418 = VECTOR('',#3419,1.);
#3419 = DIRECTION('',(-0.10449374745,-0.994525543535,0.));
#3420 = ORIENTED_EDGE('',*,*,#3421,.T.);
#3421 = EDGE_CURVE('',#3414,#3422,#3424,.T.);
#3422 = VERTEX_POINT('',#3423);
#3423 = CARTESIAN_POINT('',(-5.696418777643,-11.00077604227,0.));
#3424 = LINE('',#3425,#3426);
#3425 = CARTESIAN_POINT('',(-5.684598248388,-10.82781005805,0.));
#3426 = VECTOR('',#3427,1.);
#3427 = DIRECTION('',(-6.818116536719E-02,-0.99767295678,0.));
#3428 = ORIENTED_EDGE('',*,*,#3429,.T.);
#3429 = EDGE_CURVE('',#3422,#3430,#3432,.T.);
#3430 = VERTEX_POINT('',#3431);
#3431 = CARTESIAN_POINT('',(-5.702419628077,-11.17628117487,0.));
#3432 = LINE('',#3433,#3434);
#3433 = CARTESIAN_POINT('',(-5.696418777643,-11.00077604227,0.));
#3434 = VECTOR('',#3435,1.);
#3435 = DIRECTION('',(-3.417191091091E-02,-0.999415969707,0.));
#3436 = ORIENTED_EDGE('',*,*,#3437,.T.);
#3437 = EDGE_CURVE('',#3430,#3438,#3440,.T.);
#3438 = VERTEX_POINT('',#3439);
#3439 = CARTESIAN_POINT('',(-5.702780774814,-11.3541265454,0.));
#3440 = LINE('',#3441,#3442);
#3441 = CARTESIAN_POINT('',(-5.702419628077,-11.17628117487,0.));
#3442 = VECTOR('',#3443,1.);
#3443 = DIRECTION('',(-2.03067412486E-03,-0.999997938179,0.));
#3444 = ORIENTED_EDGE('',*,*,#3445,.T.);
#3445 = EDGE_CURVE('',#3438,#3446,#3448,.T.);
#3446 = VERTEX_POINT('',#3447);
#3447 = CARTESIAN_POINT('',(-5.697639214646,-11.53413675933,0.));
#3448 = LINE('',#3449,#3450);
#3449 = CARTESIAN_POINT('',(-5.702780774814,-11.3541265454,0.));
#3450 = VECTOR('',#3451,1.);
#3451 = DIRECTION('',(2.855095851751E-02,-0.99959233829,0.));
#3452 = ORIENTED_EDGE('',*,*,#3453,.T.);
#3453 = EDGE_CURVE('',#3446,#3454,#3456,.T.);
#3454 = VERTEX_POINT('',#3455);
#3455 = CARTESIAN_POINT('',(-5.687100918268,-11.71615335105,0.));
#3456 = LINE('',#3457,#3458);
#3457 = CARTESIAN_POINT('',(-5.697639214646,-11.53413675933,0.));
#3458 = VECTOR('',#3459,1.);
#3459 = DIRECTION('',(5.780065307352E-02,-0.998328144702,0.));
#3460 = ORIENTED_EDGE('',*,*,#3461,.T.);
#3461 = EDGE_CURVE('',#3454,#3462,#3464,.T.);
#3462 = VERTEX_POINT('',#3463);
#3463 = CARTESIAN_POINT('',(-5.671248785629,-11.90003041074,0.));
#3464 = LINE('',#3465,#3466);
#3465 = CARTESIAN_POINT('',(-5.687100918268,-11.71615335105,0.));
#3466 = VECTOR('',#3467,1.);
#3467 = DIRECTION('',(8.589190249037E-02,-0.996304462043,0.));
#3468 = ORIENTED_EDGE('',*,*,#3469,.T.);
#3469 = EDGE_CURVE('',#3462,#3470,#3472,.T.);
#3470 = VERTEX_POINT('',#3471);
#3471 = CARTESIAN_POINT('',(-5.650148167032,-12.08563155937,0.));
#3472 = LINE('',#3473,#3474);
#3473 = CARTESIAN_POINT('',(-5.671248785629,-11.90003041074,0.));
#3474 = VECTOR('',#3475,1.);
#3475 = DIRECTION('',(0.112960314374,-0.993599500491,0.));
#3476 = ORIENTED_EDGE('',*,*,#3477,.T.);
#3477 = EDGE_CURVE('',#3470,#3478,#3480,.T.);
#3478 = VERTEX_POINT('',#3479);
#3479 = CARTESIAN_POINT('',(-5.623850826635,-12.2728277866,0.));
#3480 = LINE('',#3481,#3482);
#3481 = CARTESIAN_POINT('',(-5.650148167032,-12.08563155937,0.));
#3482 = VECTOR('',#3483,1.);
#3483 = DIRECTION('',(0.139114099083,-0.990276359122,0.));
#3484 = ORIENTED_EDGE('',*,*,#3485,.T.);
#3485 = EDGE_CURVE('',#3478,#3486,#3488,.T.);
#3486 = VERTEX_POINT('',#3487);
#3487 = CARTESIAN_POINT('',(-5.319583962594,-12.40774058662,0.));
#3488 = LINE('',#3489,#3490);
#3489 = CARTESIAN_POINT('',(-5.623850826635,-12.2728277866,0.));
#3490 = VECTOR('',#3491,1.);
#3491 = DIRECTION('',(0.914164586393,-0.405343199011,0.));
#3492 = ORIENTED_EDGE('',*,*,#3493,.T.);
#3493 = EDGE_CURVE('',#3486,#3494,#3496,.T.);
#3494 = VERTEX_POINT('',#3495);
#3495 = CARTESIAN_POINT('',(-5.012083614962,-12.53511140104,0.));
#3496 = LINE('',#3497,#3498);
#3497 = CARTESIAN_POINT('',(-5.319583962594,-12.40774058662,0.));
#3498 = VECTOR('',#3499,1.);
#3499 = DIRECTION('',(0.923879532511,-0.382683432365,0.));
#3500 = ORIENTED_EDGE('',*,*,#3501,.T.);
#3501 = EDGE_CURVE('',#3494,#3502,#3504,.T.);
#3502 = VERTEX_POINT('',#3503);
#3503 = CARTESIAN_POINT('',(-4.70153669635,-12.65486280814,0.));
#3504 = LINE('',#3505,#3506);
#3505 = CARTESIAN_POINT('',(-5.012083614962,-12.53511140104,0.));
#3506 = VECTOR('',#3507,1.);
#3507 = DIRECTION('',(0.933032902888,-0.359791053431,0.));
#3508 = ORIENTED_EDGE('',*,*,#3509,.T.);
#3509 = EDGE_CURVE('',#3502,#3510,#3512,.T.);
#3510 = VERTEX_POINT('',#3511);
#3511 = CARTESIAN_POINT('',(-4.55057394694,-12.54109011417,0.));
#3512 = LINE('',#3513,#3514);
#3513 = CARTESIAN_POINT('',(-4.70153669635,-12.65486280814,0.));
#3514 = VECTOR('',#3515,1.);
#3515 = DIRECTION('',(0.798599651604,0.601862605964,0.));
#3516 = ORIENTED_EDGE('',*,*,#3517,.T.);
#3517 = EDGE_CURVE('',#3510,#3518,#3520,.T.);
#3518 = VERTEX_POINT('',#3519);
#3519 = CARTESIAN_POINT('',(-4.404413725648,-12.42477067387,0.));
#3520 = LINE('',#3521,#3522);
#3521 = CARTESIAN_POINT('',(-4.55057394694,-12.54109011417,0.));
#3522 = VECTOR('',#3523,1.);
#3523 = DIRECTION('',(0.78245594888,0.622705940282,0.));
#3524 = ORIENTED_EDGE('',*,*,#3525,.T.);
#3525 = EDGE_CURVE('',#3518,#3526,#3528,.T.);
#3526 = VERTEX_POINT('',#3527);
#3527 = CARTESIAN_POINT('',(-4.263183859355,-12.30595910855,0.));
#3528 = LINE('',#3529,#3530);
#3529 = CARTESIAN_POINT('',(-4.404413725648,-12.42477067387,0.));
#3530 = VECTOR('',#3531,1.);
#3531 = DIRECTION('',(0.765228387937,0.643758894537,0.));
#3532 = ORIENTED_EDGE('',*,*,#3533,.T.);
#3533 = EDGE_CURVE('',#3526,#3534,#3536,.T.);
#3534 = VERTEX_POINT('',#3535);
#3535 = CARTESIAN_POINT('',(-4.127026992226,-12.18470564308,0.));
#3536 = LINE('',#3537,#3538);
#3537 = CARTESIAN_POINT('',(-4.263183859355,-12.30595910855,0.));
#3538 = VECTOR('',#3539,1.);
#3539 = DIRECTION('',(0.746795834714,0.665053367223,0.));
#3540 = ORIENTED_EDGE('',*,*,#3541,.T.);
#3541 = EDGE_CURVE('',#3534,#3542,#3544,.T.);
#3542 = VERTEX_POINT('',#3543);
#3543 = CARTESIAN_POINT('',(-3.996104917217,-12.0610548322,0.));
#3544 = LINE('',#3545,#3546);
#3545 = CARTESIAN_POINT('',(-4.127026992226,-12.18470564308,0.));
#3546 = VECTOR('',#3547,1.);
#3547 = DIRECTION('',(0.727007097204,0.68662994445,0.));
#3548 = ORIENTED_EDGE('',*,*,#3549,.T.);
#3549 = EDGE_CURVE('',#3542,#3550,#3552,.T.);
#3550 = VERTEX_POINT('',#3551);
#3551 = CARTESIAN_POINT('',(-3.870604619015,-11.93504379538,0.));
#3552 = LINE('',#3553,#3554);
#3553 = CARTESIAN_POINT('',(-3.996104917217,-12.0610548322,0.));
#3554 = VECTOR('',#3555,1.);
#3555 = DIRECTION('',(0.705669419815,0.708541226703,0.));
#3556 = ORIENTED_EDGE('',*,*,#3557,.T.);
#3557 = EDGE_CURVE('',#3550,#3558,#3560,.T.);
#3558 = VERTEX_POINT('',#3559);
#3559 = CARTESIAN_POINT('',(-3.750746991655,-11.80669968395,0.));
#3560 = LINE('',#3561,#3562);
#3561 = CARTESIAN_POINT('',(-3.870604619015,-11.93504379538,0.));
#3562 = VECTOR('',#3563,1.);
#3563 = DIRECTION('',(0.682530619474,0.730856999337,0.));
#3564 = ORIENTED_EDGE('',*,*,#3565,.T.);
#3565 = EDGE_CURVE('',#3558,#3566,#3568,.T.);
#3566 = VERTEX_POINT('',#3567);
#3567 = CARTESIAN_POINT('',(-3.636799947691,-11.6760358872,0.));
#3568 = LINE('',#3569,#3570);
#3569 = CARTESIAN_POINT('',(-3.750746991655,-11.80669968395,0.));
#3570 = VECTOR('',#3571,1.);
#3571 = DIRECTION('',(0.657249948765,0.753672677526,0.));
#3572 = ORIENTED_EDGE('',*,*,#3573,.T.);
#3573 = EDGE_CURVE('',#3566,#3574,#3576,.T.);
#3574 = VERTEX_POINT('',#3575);
#3575 = CARTESIAN_POINT('',(-3.529099202099,-11.54304603495,0.));
#3576 = LINE('',#3577,#3578);
#3577 = CARTESIAN_POINT('',(-3.636799947691,-11.6760358872,0.));
#3578 = VECTOR('',#3579,1.);
#3579 = DIRECTION('',(0.629347518484,0.77712399331,0.));
#3580 = ORIENTED_EDGE('',*,*,#3581,.T.);
#3581 = EDGE_CURVE('',#3574,#3582,#3584,.T.);
#3582 = VERTEX_POINT('',#3583);
#3583 = CARTESIAN_POINT('',(-3.428083610407,-11.40769382111,0.));
#3584 = LINE('',#3585,#3586);
#3585 = CARTESIAN_POINT('',(-3.529099202099,-11.54304603495,0.));
#3586 = VECTOR('',#3587,1.);
#3587 = DIRECTION('',(0.598109044208,0.801414731108,0.));
#3588 = ORIENTED_EDGE('',*,*,#3589,.T.);
#3589 = EDGE_CURVE('',#3582,#3590,#3592,.T.);
#3590 = VERTEX_POINT('',#3591);
#3591 = CARTESIAN_POINT('',(-3.334361392412,-11.26989395877,0.));
#3592 = LINE('',#3593,#3594);
#3593 = CARTESIAN_POINT('',(-3.428083610407,-11.40769382111,0.));
#3594 = VECTOR('',#3595,1.);
#3595 = DIRECTION('',(0.56238515569,0.826875405765,0.));
#3596 = ORIENTED_EDGE('',*,*,#3597,.T.);
#3597 = EDGE_CURVE('',#3590,#3598,#3600,.T.);
#3598 = VERTEX_POINT('',#3599);
#3599 = CARTESIAN_POINT('',(-3.248853831045,-11.12947088908,0.));
#3600 = LINE('',#3601,#3602);
#3601 = CARTESIAN_POINT('',(-3.334361392412,-11.26989395877,0.));
#3602 = VECTOR('',#3603,1.);
#3603 = DIRECTION('',(0.520091839346,0.854110343367,0.));
#3604 = ORIENTED_EDGE('',*,*,#3605,.T.);
#3605 = EDGE_CURVE('',#3598,#3606,#3608,.T.);
#3606 = VERTEX_POINT('',#3607);
#3607 = CARTESIAN_POINT('',(-3.173197964398,-10.9860431222,0.));
#3608 = LINE('',#3609,#3610);
#3609 = CARTESIAN_POINT('',(-3.248853831045,-11.12947088908,0.));
#3610 = VECTOR('',#3611,1.);
#3611 = DIRECTION('',(0.46655544347,0.884491954835,0.));
#3612 = ORIENTED_EDGE('',*,*,#3613,.T.);
#3613 = EDGE_CURVE('',#3606,#3614,#3616,.T.);
#3614 = VERTEX_POINT('',#3615);
#3615 = CARTESIAN_POINT('',(-3.112150071431,-10.83833306477,0.));
#3616 = LINE('',#3617,#3618);
#3617 = CARTESIAN_POINT('',(-3.173197964398,-10.9860431222,0.));
#3618 = VECTOR('',#3619,1.);
#3619 = DIRECTION('',(0.38195906537,0.924179242562,0.));
#3620 = ORIENTED_EDGE('',*,*,#3621,.T.);
#3621 = EDGE_CURVE('',#3614,#3622,#3624,.T.);
#3622 = VERTEX_POINT('',#3623);
#3623 = CARTESIAN_POINT('',(-2.794402372519,-9.731749091528,0.));
#3624 = LINE('',#3625,#3626);
#3625 = CARTESIAN_POINT('',(-3.112150071431,-10.83833306477,0.));
#3626 = VECTOR('',#3627,1.);
#3627 = DIRECTION('',(0.27599035778,0.961160404102,0.));
#3628 = ORIENTED_EDGE('',*,*,#3629,.T.);
#3629 = EDGE_CURVE('',#3622,#3630,#3632,.T.);
#3630 = VERTEX_POINT('',#3631);
#3631 = CARTESIAN_POINT('',(-2.386914488009,-9.839627240243,0.));
#3632 = LINE('',#3633,#3634);
#3633 = CARTESIAN_POINT('',(-2.794402372519,-9.731749091528,0.));
#3634 = VECTOR('',#3635,1.);
#3635 = DIRECTION('',(0.966697182428,-0.255922952246,0.));
#3636 = ORIENTED_EDGE('',*,*,#3637,.T.);
#3637 = EDGE_CURVE('',#3630,#3638,#3640,.T.);
#3638 = VERTEX_POINT('',#3639);
#3639 = CARTESIAN_POINT('',(-1.975289510413,-9.930450964083,0.));
#3640 = LINE('',#3641,#3642);
#3641 = CARTESIAN_POINT('',(-2.386914488009,-9.839627240243,0.));
#3642 = VECTOR('',#3643,1.);
#3643 = DIRECTION('',(0.976511747182,-0.215464167822,0.));
#3644 = ORIENTED_EDGE('',*,*,#3645,.T.);
#3645 = EDGE_CURVE('',#3638,#3646,#3648,.T.);
#3646 = VERTEX_POINT('',#3647);
#3647 = CARTESIAN_POINT('',(-1.560240884163,-10.00406284383,0.));
#3648 = LINE('',#3649,#3650);
#3649 = CARTESIAN_POINT('',(-1.975289510413,-9.930450964083,0.));
#3650 = VECTOR('',#3651,1.);
#3651 = DIRECTION('',(0.984633783772,-0.174631932516,0.));
#3652 = ORIENTED_EDGE('',*,*,#3653,.T.);
#3653 = EDGE_CURVE('',#3646,#3654,#3656,.T.);
#3654 = VERTEX_POINT('',#3655);
#3655 = CARTESIAN_POINT('',(-1.14248798769,-10.06033529252,0.));
#3656 = LINE('',#3657,#3658);
#3657 = CARTESIAN_POINT('',(-1.560240884163,-10.00406284383,0.));
#3658 = VECTOR('',#3659,1.);
#3659 = DIRECTION('',(0.991049214768,-0.133497018349,0.));
#3660 = ORIENTED_EDGE('',*,*,#3661,.T.);
#3661 = EDGE_CURVE('',#3654,#3662,#3664,.T.);
#3662 = VERTEX_POINT('',#3663);
#3663 = CARTESIAN_POINT('',(-1.272398745244,-11.20428235645,0.));
#3664 = LINE('',#3665,#3666);
#3665 = CARTESIAN_POINT('',(-1.14248798769,-10.06033529252,0.));
#3666 = VECTOR('',#3667,1.);
#3667 = DIRECTION('',(-0.112838319772,-0.993613362224,0.));
#3668 = ORIENTED_EDGE('',*,*,#3669,.T.);
#3669 = EDGE_CURVE('',#3662,#3670,#3672,.T.);
#3670 = VERTEX_POINT('',#3671);
#3671 = CARTESIAN_POINT('',(-1.272524038201,-11.36411067247,0.));
#3672 = LINE('',#3673,#3674);
#3673 = CARTESIAN_POINT('',(-1.272398745244,-11.20428235645,0.));
#3674 = VECTOR('',#3675,1.);
#3675 = DIRECTION('',(-7.839219115006E-04,-0.999999692733,0.));
#3676 = ORIENTED_EDGE('',*,*,#3677,.T.);
#3677 = EDGE_CURVE('',#3670,#3678,#3680,.T.);
#3678 = VERTEX_POINT('',#3679);
#3679 = CARTESIAN_POINT('',(-1.25751456162,-11.52557289742,0.));
#3680 = LINE('',#3681,#3682);
#3681 = CARTESIAN_POINT('',(-1.272524038201,-11.36411067247,0.));
#3682 = VECTOR('',#3683,1.);
#3683 = DIRECTION('',(9.256060782806E-02,-0.995707052239,0.));
#3684 = ORIENTED_EDGE('',*,*,#3685,.T.);
#3685 = EDGE_CURVE('',#3678,#3686,#3688,.T.);
#3686 = VERTEX_POINT('',#3687);
#3687 = CARTESIAN_POINT('',(-1.232253458089,-11.68802922447,0.));
#3688 = LINE('',#3689,#3690);
#3689 = CARTESIAN_POINT('',(-1.25751456162,-11.52557289742,0.));
#3690 = VECTOR('',#3691,1.);
#3691 = DIRECTION('',(0.15364832758,-0.988125594969,0.));
#3692 = ORIENTED_EDGE('',*,*,#3693,.T.);
#3693 = EDGE_CURVE('',#3686,#3694,#3696,.T.);
#3694 = VERTEX_POINT('',#3695);
#3695 = CARTESIAN_POINT('',(-1.19839914344,-11.85120563694,0.));
#3696 = LINE('',#3697,#3698);
#3697 = CARTESIAN_POINT('',(-1.232253458089,-11.68802922447,0.));
#3698 = VECTOR('',#3699,1.);
#3699 = DIRECTION('',(0.203144616314,-0.979148745014,0.));
#3700 = ORIENTED_EDGE('',*,*,#3701,.T.);
#3701 = EDGE_CURVE('',#3694,#3702,#3704,.T.);
#3702 = VERTEX_POINT('',#3703);
#3703 = CARTESIAN_POINT('',(-1.156869955583,-12.01491177034,0.));
#3704 = LINE('',#3705,#3706);
#3705 = CARTESIAN_POINT('',(-1.19839914344,-11.85120563694,0.));
#3706 = VECTOR('',#3707,1.);
#3707 = DIRECTION('',(0.245892564105,-0.96929708909,0.));
#3708 = ORIENTED_EDGE('',*,*,#3709,.T.);
#3709 = EDGE_CURVE('',#3702,#3710,#3712,.T.);
#3710 = VERTEX_POINT('',#3711);
#3711 = CARTESIAN_POINT('',(-1.108260454223,-12.17899366386,0.));
#3712 = LINE('',#3713,#3714);
#3713 = CARTESIAN_POINT('',(-1.156869955583,-12.01491177034,0.));
#3714 = VECTOR('',#3715,1.);
#3715 = DIRECTION('',(0.284048814031,-0.958809820167,0.));
#3716 = ORIENTED_EDGE('',*,*,#3717,.T.);
#3717 = EDGE_CURVE('',#3710,#3718,#3720,.T.);
#3718 = VERTEX_POINT('',#3719);
#3719 = CARTESIAN_POINT('',(-1.052989982741,-12.34331691721,0.));
#3720 = LINE('',#3721,#3722);
#3721 = CARTESIAN_POINT('',(-1.108260454223,-12.17899366386,0.));
#3722 = VECTOR('',#3723,1.);
#3723 = DIRECTION('',(0.318801728293,-0.947821427294,0.));
#3724 = ORIENTED_EDGE('',*,*,#3725,.T.);
#3725 = EDGE_CURVE('',#3718,#3726,#3728,.T.);
#3726 = VERTEX_POINT('',#3727);
#3727 = CARTESIAN_POINT('',(-0.991371139094,-12.50775894311,0.));
#3728 = LINE('',#3729,#3730);
#3729 = CARTESIAN_POINT('',(-1.052989982741,-12.34331691721,0.));
#3730 = VECTOR('',#3731,1.);
#3731 = DIRECTION('',(0.35088920457,-0.936416983035,0.));
#3732 = ORIENTED_EDGE('',*,*,#3733,.T.);
#3733 = EDGE_CURVE('',#3726,#3734,#3736,.T.);
#3734 = VERTEX_POINT('',#3735);
#3735 = CARTESIAN_POINT('',(-0.923646318345,-12.67220484577,0.));
#3736 = LINE('',#3737,#3738);
#3737 = CARTESIAN_POINT('',(-0.991371139094,-12.50775894311,0.));
#3738 = VECTOR('',#3739,1.);
#3739 = DIRECTION('',(0.380806545079,-0.924654732981,0.));
#3740 = ORIENTED_EDGE('',*,*,#3741,.T.);
#3741 = EDGE_CURVE('',#3734,#3742,#3744,.T.);
#3742 = VERTEX_POINT('',#3743);
#3743 = CARTESIAN_POINT('',(-0.850009209616,-12.83654500817,0.));
#3744 = LINE('',#3745,#3746);
#3745 = CARTESIAN_POINT('',(-0.923646318345,-12.67220484577,0.));
#3746 = VECTOR('',#3747,1.);
#3747 = DIRECTION('',(0.408905073191,-0.912576923398,0.));
#3748 = ORIENTED_EDGE('',*,*,#3749,.T.);
#3749 = EDGE_CURVE('',#3742,#3750,#3752,.T.);
#3750 = VERTEX_POINT('',#3751);
#3751 = CARTESIAN_POINT('',(-0.770618359216,-13.00067358041,0.));
#3752 = LINE('',#3753,#3754);
#3753 = CARTESIAN_POINT('',(-0.850009209616,-12.83654500817,0.));
#3754 = VECTOR('',#3755,1.);
#3755 = DIRECTION('',(0.435444481382,-0.900215587309,0.));
#3756 = ORIENTED_EDGE('',*,*,#3757,.T.);
#3757 = EDGE_CURVE('',#3750,#3758,#3760,.T.);
#3758 = VERTEX_POINT('',#3759);
#3759 = CARTESIAN_POINT('',(-0.68560619399,-13.16448748382,0.));
#3760 = LINE('',#3761,#3762);
#3761 = CARTESIAN_POINT('',(-0.770618359216,-13.00067358041,0.));
#3762 = VECTOR('',#3763,1.);
#3763 = DIRECTION('',(0.460622981935,-0.887595892574,0.));
#3764 = ORIENTED_EDGE('',*,*,#3765,.T.);
#3765 = EDGE_CURVE('',#3758,#3766,#3768,.T.);
#3766 = VERTEX_POINT('',#3767);
#3767 = CARTESIAN_POINT('',(-0.595085279735,-13.32788572911,0.));
#3768 = LINE('',#3769,#3770);
#3769 = CARTESIAN_POINT('',(-0.68560619399,-13.16448748382,0.));
#3770 = VECTOR('',#3771,1.);
#3771 = DIRECTION('',(0.48459578968,-0.874738201192,0.));
#3772 = ORIENTED_EDGE('',*,*,#3773,.T.);
#3773 = EDGE_CURVE('',#3766,#3774,#3776,.T.);
#3774 = VERTEX_POINT('',#3775);
#3775 = CARTESIAN_POINT('',(-0.49915281042,-13.49076893553,0.));
#3776 = LINE('',#3777,#3778);
#3777 = CARTESIAN_POINT('',(-0.595085279735,-13.32788572911,0.));
#3778 = VECTOR('',#3779,1.);
#3779 = DIRECTION('',(0.507487024925,-0.861659398795,0.));
#3780 = ORIENTED_EDGE('',*,*,#3781,.T.);
#3781 = EDGE_CURVE('',#3774,#3782,#3784,.T.);
#3782 = VERTEX_POINT('',#3783);
#3783 = CARTESIAN_POINT('',(-0.166417988932,-13.49897422225,0.));
#3784 = LINE('',#3785,#3786);
#3785 = CARTESIAN_POINT('',(-0.49915281042,-13.49076893553,0.));
#3786 = VECTOR('',#3787,1.);
#3787 = DIRECTION('',(0.999696077399,-2.465264354143E-02,0.));
#3788 = ORIENTED_EDGE('',*,*,#3789,.T.);
#3789 = EDGE_CURVE('',#3782,#3790,#3792,.T.);
#3790 = VERTEX_POINT('',#3791);
#3791 = CARTESIAN_POINT('',(0.166417988932,-13.49897422225,0.));
#3792 = LINE('',#3793,#3794);
#3793 = CARTESIAN_POINT('',(-0.166417988932,-13.49897422225,0.));
#3794 = VECTOR('',#3795,1.);
#3795 = DIRECTION('',(1.,0.,0.));
#3796 = ORIENTED_EDGE('',*,*,#3797,.T.);
#3797 = EDGE_CURVE('',#3790,#3798,#3800,.T.);
#3798 = VERTEX_POINT('',#3799);
#3799 = CARTESIAN_POINT('',(0.49915281042,-13.49076893553,0.));
#3800 = LINE('',#3801,#3802);
#3801 = CARTESIAN_POINT('',(0.166417988932,-13.49897422225,0.));
#3802 = VECTOR('',#3803,1.);
#3803 = DIRECTION('',(0.999696077399,2.465264354143E-02,0.));
#3804 = ORIENTED_EDGE('',*,*,#3805,.T.);
#3805 = EDGE_CURVE('',#3798,#3806,#3808,.T.);
#3806 = VERTEX_POINT('',#3807);
#3807 = CARTESIAN_POINT('',(0.595085279735,-13.32788572911,0.));
#3808 = LINE('',#3809,#3810);
#3809 = CARTESIAN_POINT('',(0.49915281042,-13.49076893553,0.));
#3810 = VECTOR('',#3811,1.);
#3811 = DIRECTION('',(0.507487024925,0.861659398795,0.));
#3812 = ORIENTED_EDGE('',*,*,#3813,.T.);
#3813 = EDGE_CURVE('',#3806,#3814,#3816,.T.);
#3814 = VERTEX_POINT('',#3815);
#3815 = CARTESIAN_POINT('',(0.68560619399,-13.16448748382,0.));
#3816 = LINE('',#3817,#3818);
#3817 = CARTESIAN_POINT('',(0.595085279735,-13.32788572911,0.));
#3818 = VECTOR('',#3819,1.);
#3819 = DIRECTION('',(0.48459578968,0.874738201192,0.));
#3820 = ORIENTED_EDGE('',*,*,#3821,.T.);
#3821 = EDGE_CURVE('',#3814,#3822,#3824,.T.);
#3822 = VERTEX_POINT('',#3823);
#3823 = CARTESIAN_POINT('',(0.770618359215,-13.00067358041,0.));
#3824 = LINE('',#3825,#3826);
#3825 = CARTESIAN_POINT('',(0.68560619399,-13.16448748382,0.));
#3826 = VECTOR('',#3827,1.);
#3827 = DIRECTION('',(0.460622981935,0.887595892574,0.));
#3828 = ORIENTED_EDGE('',*,*,#3829,.T.);
#3829 = EDGE_CURVE('',#3822,#3830,#3832,.T.);
#3830 = VERTEX_POINT('',#3831);
#3831 = CARTESIAN_POINT('',(0.850009209616,-12.83654500817,0.));
#3832 = LINE('',#3833,#3834);
#3833 = CARTESIAN_POINT('',(0.770618359215,-13.00067358041,0.));
#3834 = VECTOR('',#3835,1.);
#3835 = DIRECTION('',(0.435444481382,0.900215587309,0.));
#3836 = ORIENTED_EDGE('',*,*,#3837,.T.);
#3837 = EDGE_CURVE('',#3830,#3838,#3840,.T.);
#3838 = VERTEX_POINT('',#3839);
#3839 = CARTESIAN_POINT('',(0.923646318345,-12.67220484577,0.));
#3840 = LINE('',#3841,#3842);
#3841 = CARTESIAN_POINT('',(0.850009209616,-12.83654500817,0.));
#3842 = VECTOR('',#3843,1.);
#3843 = DIRECTION('',(0.408905073191,0.912576923398,0.));
#3844 = ORIENTED_EDGE('',*,*,#3845,.T.);
#3845 = EDGE_CURVE('',#3838,#3846,#3848,.T.);
#3846 = VERTEX_POINT('',#3847);
#3847 = CARTESIAN_POINT('',(0.991371139094,-12.50775894311,0.));
#3848 = LINE('',#3849,#3850);
#3849 = CARTESIAN_POINT('',(0.923646318345,-12.67220484577,0.));
#3850 = VECTOR('',#3851,1.);
#3851 = DIRECTION('',(0.380806545079,0.924654732981,0.));
#3852 = ORIENTED_EDGE('',*,*,#3853,.T.);
#3853 = EDGE_CURVE('',#3846,#3854,#3856,.T.);
#3854 = VERTEX_POINT('',#3855);
#3855 = CARTESIAN_POINT('',(1.052989982741,-12.34331691721,0.));
#3856 = LINE('',#3857,#3858);
#3857 = CARTESIAN_POINT('',(0.991371139094,-12.50775894311,0.));
#3858 = VECTOR('',#3859,1.);
#3859 = DIRECTION('',(0.35088920457,0.936416983035,0.));
#3860 = ORIENTED_EDGE('',*,*,#3861,.T.);
#3861 = EDGE_CURVE('',#3854,#3862,#3864,.T.);
#3862 = VERTEX_POINT('',#3863);
#3863 = CARTESIAN_POINT('',(1.108260454223,-12.17899366386,0.));
#3864 = LINE('',#3865,#3866);
#3865 = CARTESIAN_POINT('',(1.052989982741,-12.34331691721,0.));
#3866 = VECTOR('',#3867,1.);
#3867 = DIRECTION('',(0.318801728293,0.947821427294,0.));
#3868 = ORIENTED_EDGE('',*,*,#3869,.T.);
#3869 = EDGE_CURVE('',#3862,#3870,#3872,.T.);
#3870 = VERTEX_POINT('',#3871);
#3871 = CARTESIAN_POINT('',(1.156869955583,-12.01491177034,0.));
#3872 = LINE('',#3873,#3874);
#3873 = CARTESIAN_POINT('',(1.108260454223,-12.17899366386,0.));
#3874 = VECTOR('',#3875,1.);
#3875 = DIRECTION('',(0.284048814031,0.958809820167,0.));
#3876 = ORIENTED_EDGE('',*,*,#3877,.T.);
#3877 = EDGE_CURVE('',#3870,#3878,#3880,.T.);
#3878 = VERTEX_POINT('',#3879);
#3879 = CARTESIAN_POINT('',(1.19839914344,-11.85120563694,0.));
#3880 = LINE('',#3881,#3882);
#3881 = CARTESIAN_POINT('',(1.156869955583,-12.01491177034,0.));
#3882 = VECTOR('',#3883,1.);
#3883 = DIRECTION('',(0.245892564105,0.96929708909,0.));
#3884 = ORIENTED_EDGE('',*,*,#3885,.T.);
#3885 = EDGE_CURVE('',#3878,#3886,#3888,.T.);
#3886 = VERTEX_POINT('',#3887);
#3887 = CARTESIAN_POINT('',(1.232253458089,-11.68802922447,0.));
#3888 = LINE('',#3889,#3890);
#3889 = CARTESIAN_POINT('',(1.19839914344,-11.85120563694,0.));
#3890 = VECTOR('',#3891,1.);
#3891 = DIRECTION('',(0.203144616314,0.979148745014,0.));
#3892 = ORIENTED_EDGE('',*,*,#3893,.T.);
#3893 = EDGE_CURVE('',#3886,#3894,#3896,.T.);
#3894 = VERTEX_POINT('',#3895);
#3895 = CARTESIAN_POINT('',(1.25751456162,-11.52557289742,0.));
#3896 = LINE('',#3897,#3898);
#3897 = CARTESIAN_POINT('',(1.232253458089,-11.68802922447,0.));
#3898 = VECTOR('',#3899,1.);
#3899 = DIRECTION('',(0.15364832758,0.988125594969,0.));
#3900 = ORIENTED_EDGE('',*,*,#3901,.T.);
#3901 = EDGE_CURVE('',#3894,#3902,#3904,.T.);
#3902 = VERTEX_POINT('',#3903);
#3903 = CARTESIAN_POINT('',(1.272524038201,-11.36411067247,0.));
#3904 = LINE('',#3905,#3906);
#3905 = CARTESIAN_POINT('',(1.25751456162,-11.52557289742,0.));
#3906 = VECTOR('',#3907,1.);
#3907 = DIRECTION('',(9.256060782806E-02,0.995707052239,0.));
#3908 = ORIENTED_EDGE('',*,*,#3909,.T.);
#3909 = EDGE_CURVE('',#3902,#3910,#3912,.T.);
#3910 = VERTEX_POINT('',#3911);
#3911 = CARTESIAN_POINT('',(1.272398745244,-11.20428235645,0.));
#3912 = LINE('',#3913,#3914);
#3913 = CARTESIAN_POINT('',(1.272524038201,-11.36411067247,0.));
#3914 = VECTOR('',#3915,1.);
#3915 = DIRECTION('',(-7.839219114992E-04,0.999999692733,0.));
#3916 = ORIENTED_EDGE('',*,*,#3917,.T.);
#3917 = EDGE_CURVE('',#3910,#3918,#3920,.T.);
#3918 = VERTEX_POINT('',#3919);
#3919 = CARTESIAN_POINT('',(1.14248798769,-10.06033529252,0.));
#3920 = LINE('',#3921,#3922);
#3921 = CARTESIAN_POINT('',(1.272398745244,-11.20428235645,0.));
#3922 = VECTOR('',#3923,1.);
#3923 = DIRECTION('',(-0.112838319772,0.993613362224,0.));
#3924 = ORIENTED_EDGE('',*,*,#3925,.T.);
#3925 = EDGE_CURVE('',#3918,#3926,#3928,.T.);
#3926 = VERTEX_POINT('',#3927);
#3927 = CARTESIAN_POINT('',(1.560240884163,-10.00406284383,0.));
#3928 = LINE('',#3929,#3930);
#3929 = CARTESIAN_POINT('',(1.14248798769,-10.06033529252,0.));
#3930 = VECTOR('',#3931,1.);
#3931 = DIRECTION('',(0.991049214768,0.133497018349,0.));
#3932 = ORIENTED_EDGE('',*,*,#3933,.T.);
#3933 = EDGE_CURVE('',#3926,#3934,#3936,.T.);
#3934 = VERTEX_POINT('',#3935);
#3935 = CARTESIAN_POINT('',(1.975289510413,-9.930450964083,0.));
#3936 = LINE('',#3937,#3938);
#3937 = CARTESIAN_POINT('',(1.560240884163,-10.00406284383,0.));
#3938 = VECTOR('',#3939,1.);
#3939 = DIRECTION('',(0.984633783772,0.174631932517,0.));
#3940 = ORIENTED_EDGE('',*,*,#3941,.T.);
#3941 = EDGE_CURVE('',#3934,#3942,#3944,.T.);
#3942 = VERTEX_POINT('',#3943);
#3943 = CARTESIAN_POINT('',(2.386914488009,-9.839627240243,0.));
#3944 = LINE('',#3945,#3946);
#3945 = CARTESIAN_POINT('',(1.975289510413,-9.930450964083,0.));
#3946 = VECTOR('',#3947,1.);
#3947 = DIRECTION('',(0.976511747182,0.215464167822,0.));
#3948 = ORIENTED_EDGE('',*,*,#3949,.T.);
#3949 = EDGE_CURVE('',#3942,#3950,#3952,.T.);
#3950 = VERTEX_POINT('',#3951);
#3951 = CARTESIAN_POINT('',(2.794402372519,-9.731749091528,0.));
#3952 = LINE('',#3953,#3954);
#3953 = CARTESIAN_POINT('',(2.386914488009,-9.839627240243,0.));
#3954 = VECTOR('',#3955,1.);
#3955 = DIRECTION('',(0.966697182428,0.255922952246,0.));
#3956 = ORIENTED_EDGE('',*,*,#3957,.T.);
#3957 = EDGE_CURVE('',#3950,#3958,#3960,.T.);
#3958 = VERTEX_POINT('',#3959);
#3959 = CARTESIAN_POINT('',(3.112150071431,-10.83833306477,0.));
#3960 = LINE('',#3961,#3962);
#3961 = CARTESIAN_POINT('',(2.794402372519,-9.731749091528,0.));
#3962 = VECTOR('',#3963,1.);
#3963 = DIRECTION('',(0.27599035778,-0.961160404102,0.));
#3964 = ORIENTED_EDGE('',*,*,#3965,.T.);
#3965 = EDGE_CURVE('',#3958,#3966,#3968,.T.);
#3966 = VERTEX_POINT('',#3967);
#3967 = CARTESIAN_POINT('',(3.173197964398,-10.9860431222,0.));
#3968 = LINE('',#3969,#3970);
#3969 = CARTESIAN_POINT('',(3.112150071431,-10.83833306477,0.));
#3970 = VECTOR('',#3971,1.);
#3971 = DIRECTION('',(0.38195906537,-0.924179242562,0.));
#3972 = ORIENTED_EDGE('',*,*,#3973,.T.);
#3973 = EDGE_CURVE('',#3966,#3974,#3976,.T.);
#3974 = VERTEX_POINT('',#3975);
#3975 = CARTESIAN_POINT('',(3.248853831045,-11.12947088908,0.));
#3976 = LINE('',#3977,#3978);
#3977 = CARTESIAN_POINT('',(3.173197964398,-10.9860431222,0.));
#3978 = VECTOR('',#3979,1.);
#3979 = DIRECTION('',(0.46655544347,-0.884491954835,0.));
#3980 = ORIENTED_EDGE('',*,*,#3981,.T.);
#3981 = EDGE_CURVE('',#3974,#3982,#3984,.T.);
#3982 = VERTEX_POINT('',#3983);
#3983 = CARTESIAN_POINT('',(3.334361392412,-11.26989395877,0.));
#3984 = LINE('',#3985,#3986);
#3985 = CARTESIAN_POINT('',(3.248853831045,-11.12947088908,0.));
#3986 = VECTOR('',#3987,1.);
#3987 = DIRECTION('',(0.520091839346,-0.854110343367,0.));
#3988 = ORIENTED_EDGE('',*,*,#3989,.T.);
#3989 = EDGE_CURVE('',#3982,#3990,#3992,.T.);
#3990 = VERTEX_POINT('',#3991);
#3991 = CARTESIAN_POINT('',(3.428083610407,-11.40769382111,0.));
#3992 = LINE('',#3993,#3994);
#3993 = CARTESIAN_POINT('',(3.334361392412,-11.26989395877,0.));
#3994 = VECTOR('',#3995,1.);
#3995 = DIRECTION('',(0.56238515569,-0.826875405765,0.));
#3996 = ORIENTED_EDGE('',*,*,#3997,.T.);
#3997 = EDGE_CURVE('',#3990,#3998,#4000,.T.);
#3998 = VERTEX_POINT('',#3999);
#3999 = CARTESIAN_POINT('',(3.529099202099,-11.54304603495,0.));
#4000 = LINE('',#4001,#4002);
#4001 = CARTESIAN_POINT('',(3.428083610407,-11.40769382111,0.));
#4002 = VECTOR('',#4003,1.);
#4003 = DIRECTION('',(0.598109044208,-0.801414731108,0.));
#4004 = ORIENTED_EDGE('',*,*,#4005,.T.);
#4005 = EDGE_CURVE('',#3998,#4006,#4008,.T.);
#4006 = VERTEX_POINT('',#4007);
#4007 = CARTESIAN_POINT('',(3.636799947691,-11.6760358872,0.));
#4008 = LINE('',#4009,#4010);
#4009 = CARTESIAN_POINT('',(3.529099202099,-11.54304603495,0.));
#4010 = VECTOR('',#4011,1.);
#4011 = DIRECTION('',(0.629347518484,-0.77712399331,0.));
#4012 = ORIENTED_EDGE('',*,*,#4013,.T.);
#4013 = EDGE_CURVE('',#4006,#4014,#4016,.T.);
#4014 = VERTEX_POINT('',#4015);
#4015 = CARTESIAN_POINT('',(3.750746991655,-11.80669968395,0.));
#4016 = LINE('',#4017,#4018);
#4017 = CARTESIAN_POINT('',(3.636799947691,-11.6760358872,0.));
#4018 = VECTOR('',#4019,1.);
#4019 = DIRECTION('',(0.657249948765,-0.753672677526,0.));
#4020 = ORIENTED_EDGE('',*,*,#4021,.T.);
#4021 = EDGE_CURVE('',#4014,#4022,#4024,.T.);
#4022 = VERTEX_POINT('',#4023);
#4023 = CARTESIAN_POINT('',(3.870604619015,-11.93504379538,0.));
#4024 = LINE('',#4025,#4026);
#4025 = CARTESIAN_POINT('',(3.750746991655,-11.80669968395,0.));
#4026 = VECTOR('',#4027,1.);
#4027 = DIRECTION('',(0.682530619474,-0.730856999337,0.));
#4028 = ORIENTED_EDGE('',*,*,#4029,.T.);
#4029 = EDGE_CURVE('',#4022,#4030,#4032,.T.);
#4030 = VERTEX_POINT('',#4031);
#4031 = CARTESIAN_POINT('',(3.996104917217,-12.0610548322,0.));
#4032 = LINE('',#4033,#4034);
#4033 = CARTESIAN_POINT('',(3.870604619015,-11.93504379538,0.));
#4034 = VECTOR('',#4035,1.);
#4035 = DIRECTION('',(0.705669419815,-0.708541226703,0.));
#4036 = ORIENTED_EDGE('',*,*,#4037,.T.);
#4037 = EDGE_CURVE('',#4030,#4038,#4040,.T.);
#4038 = VERTEX_POINT('',#4039);
#4039 = CARTESIAN_POINT('',(4.127026992226,-12.18470564308,0.));
#4040 = LINE('',#4041,#4042);
#4041 = CARTESIAN_POINT('',(3.996104917217,-12.0610548322,0.));
#4042 = VECTOR('',#4043,1.);
#4043 = DIRECTION('',(0.727007097204,-0.68662994445,0.));
#4044 = ORIENTED_EDGE('',*,*,#4045,.T.);
#4045 = EDGE_CURVE('',#4038,#4046,#4048,.T.);
#4046 = VERTEX_POINT('',#4047);
#4047 = CARTESIAN_POINT('',(4.263183859355,-12.30595910855,0.));
#4048 = LINE('',#4049,#4050);
#4049 = CARTESIAN_POINT('',(4.127026992226,-12.18470564308,0.));
#4050 = VECTOR('',#4051,1.);
#4051 = DIRECTION('',(0.746795834714,-0.665053367223,0.));
#4052 = ORIENTED_EDGE('',*,*,#4053,.T.);
#4053 = EDGE_CURVE('',#4046,#4054,#4056,.T.);
#4054 = VERTEX_POINT('',#4055);
#4055 = CARTESIAN_POINT('',(4.404413725648,-12.42477067387,0.));
#4056 = LINE('',#4057,#4058);
#4057 = CARTESIAN_POINT('',(4.263183859355,-12.30595910855,0.));
#4058 = VECTOR('',#4059,1.);
#4059 = DIRECTION('',(0.765228387937,-0.643758894537,0.));
#4060 = ORIENTED_EDGE('',*,*,#4061,.T.);
#4061 = EDGE_CURVE('',#4054,#4062,#4064,.T.);
#4062 = VERTEX_POINT('',#4063);
#4063 = CARTESIAN_POINT('',(4.55057394694,-12.54109011417,0.));
#4064 = LINE('',#4065,#4066);
#4065 = CARTESIAN_POINT('',(4.404413725648,-12.42477067387,0.));
#4066 = VECTOR('',#4067,1.);
#4067 = DIRECTION('',(0.78245594888,-0.622705940282,0.));
#4068 = ORIENTED_EDGE('',*,*,#4069,.T.);
#4069 = EDGE_CURVE('',#4062,#4070,#4072,.T.);
#4070 = VERTEX_POINT('',#4071);
#4071 = CARTESIAN_POINT('',(4.70153669635,-12.65486280814,0.));
#4072 = LINE('',#4073,#4074);
#4073 = CARTESIAN_POINT('',(4.55057394694,-12.54109011417,0.));
#4074 = VECTOR('',#4075,1.);
#4075 = DIRECTION('',(0.798599651604,-0.601862605964,0.));
#4076 = ORIENTED_EDGE('',*,*,#4077,.T.);
#4077 = EDGE_CURVE('',#4070,#4078,#4080,.T.);
#4078 = VERTEX_POINT('',#4079);
#4079 = CARTESIAN_POINT('',(5.012083614962,-12.53511140104,0.));
#4080 = LINE('',#4081,#4082);
#4081 = CARTESIAN_POINT('',(4.70153669635,-12.65486280814,0.));
#4082 = VECTOR('',#4083,1.);
#4083 = DIRECTION('',(0.933032902888,0.359791053431,0.));
#4084 = ORIENTED_EDGE('',*,*,#4085,.T.);
#4085 = EDGE_CURVE('',#4078,#4086,#4088,.T.);
#4086 = VERTEX_POINT('',#4087);
#4087 = CARTESIAN_POINT('',(5.319583962594,-12.40774058662,0.));
#4088 = LINE('',#4089,#4090);
#4089 = CARTESIAN_POINT('',(5.012083614962,-12.53511140104,0.));
#4090 = VECTOR('',#4091,1.);
#4091 = DIRECTION('',(0.923879532511,0.382683432365,0.));
#4092 = ORIENTED_EDGE('',*,*,#4093,.T.);
#4093 = EDGE_CURVE('',#4086,#4094,#4096,.T.);
#4094 = VERTEX_POINT('',#4095);
#4095 = CARTESIAN_POINT('',(5.623850826635,-12.2728277866,0.));
#4096 = LINE('',#4097,#4098);
#4097 = CARTESIAN_POINT('',(5.319583962594,-12.40774058662,0.));
#4098 = VECTOR('',#4099,1.);
#4099 = DIRECTION('',(0.914164586393,0.405343199011,0.));
#4100 = ORIENTED_EDGE('',*,*,#4101,.T.);
#4101 = EDGE_CURVE('',#4094,#4102,#4104,.T.);
#4102 = VERTEX_POINT('',#4103);
#4103 = CARTESIAN_POINT('',(5.650148167032,-12.08563155937,0.));
#4104 = LINE('',#4105,#4106);
#4105 = CARTESIAN_POINT('',(5.623850826635,-12.2728277866,0.));
#4106 = VECTOR('',#4107,1.);
#4107 = DIRECTION('',(0.139114099083,0.990276359122,0.));
#4108 = ORIENTED_EDGE('',*,*,#4109,.T.);
#4109 = EDGE_CURVE('',#4102,#4110,#4112,.T.);
#4110 = VERTEX_POINT('',#4111);
#4111 = CARTESIAN_POINT('',(5.671248785629,-11.90003041074,0.));
#4112 = LINE('',#4113,#4114);
#4113 = CARTESIAN_POINT('',(5.650148167032,-12.08563155937,0.));
#4114 = VECTOR('',#4115,1.);
#4115 = DIRECTION('',(0.112960314374,0.993599500491,0.));
#4116 = ORIENTED_EDGE('',*,*,#4117,.T.);
#4117 = EDGE_CURVE('',#4110,#4118,#4120,.T.);
#4118 = VERTEX_POINT('',#4119);
#4119 = CARTESIAN_POINT('',(5.687100918268,-11.71615335105,0.));
#4120 = LINE('',#4121,#4122);
#4121 = CARTESIAN_POINT('',(5.671248785629,-11.90003041074,0.));
#4122 = VECTOR('',#4123,1.);
#4123 = DIRECTION('',(8.589190249037E-02,0.996304462043,0.));
#4124 = ORIENTED_EDGE('',*,*,#4125,.T.);
#4125 = EDGE_CURVE('',#4118,#4126,#4128,.T.);
#4126 = VERTEX_POINT('',#4127);
#4127 = CARTESIAN_POINT('',(5.697639214646,-11.53413675933,0.));
#4128 = LINE('',#4129,#4130);
#4129 = CARTESIAN_POINT('',(5.687100918268,-11.71615335105,0.));
#4130 = VECTOR('',#4131,1.);
#4131 = DIRECTION('',(5.780065307352E-02,0.998328144702,0.));
#4132 = ORIENTED_EDGE('',*,*,#4133,.T.);
#4133 = EDGE_CURVE('',#4126,#4134,#4136,.T.);
#4134 = VERTEX_POINT('',#4135);
#4135 = CARTESIAN_POINT('',(5.702780774814,-11.3541265454,0.));
#4136 = LINE('',#4137,#4138);
#4137 = CARTESIAN_POINT('',(5.697639214646,-11.53413675933,0.));
#4138 = VECTOR('',#4139,1.);
#4139 = DIRECTION('',(2.855095851751E-02,0.99959233829,0.));
#4140 = ORIENTED_EDGE('',*,*,#4141,.T.);
#4141 = EDGE_CURVE('',#4134,#4142,#4144,.T.);
#4142 = VERTEX_POINT('',#4143);
#4143 = CARTESIAN_POINT('',(5.702419628077,-11.17628117487,0.));
#4144 = LINE('',#4145,#4146);
#4145 = CARTESIAN_POINT('',(5.702780774814,-11.3541265454,0.));
#4146 = VECTOR('',#4147,1.);
#4147 = DIRECTION('',(-2.03067412486E-03,0.999997938179,0.));
#4148 = ORIENTED_EDGE('',*,*,#4149,.T.);
#4149 = EDGE_CURVE('',#4142,#4150,#4152,.T.);
#4150 = VERTEX_POINT('',#4151);
#4151 = CARTESIAN_POINT('',(5.696418777643,-11.00077604227,0.));
#4152 = LINE('',#4153,#4154);
#4153 = CARTESIAN_POINT('',(5.702419628077,-11.17628117487,0.));
#4154 = VECTOR('',#4155,1.);
#4155 = DIRECTION('',(-3.417191091091E-02,0.999415969707,0.));
#4156 = ORIENTED_EDGE('',*,*,#4157,.T.);
#4157 = EDGE_CURVE('',#4150,#4158,#4160,.T.);
#4158 = VERTEX_POINT('',#4159);
#4159 = CARTESIAN_POINT('',(5.684598248388,-10.82781005805,0.));
#4160 = LINE('',#4161,#4162);
#4161 = CARTESIAN_POINT('',(5.696418777643,-11.00077604227,0.));
#4162 = VECTOR('',#4163,1.);
#4163 = DIRECTION('',(-6.818116536719E-02,0.99767295678,0.));
#4164 = ORIENTED_EDGE('',*,*,#4165,.T.);
#4165 = EDGE_CURVE('',#4158,#4166,#4168,.T.);
#4166 = VERTEX_POINT('',#4167);
#4167 = CARTESIAN_POINT('',(5.66671614958,-10.65761610414,0.));
#4168 = LINE('',#4169,#4170);
#4169 = CARTESIAN_POINT('',(5.684598248388,-10.82781005805,0.));
#4170 = VECTOR('',#4171,1.);
#4171 = DIRECTION('',(-0.10449374745,0.994525543535,0.));
#4172 = ORIENTED_EDGE('',*,*,#4173,.T.);
#4173 = EDGE_CURVE('',#4166,#4174,#4176,.T.);
#4174 = VERTEX_POINT('',#4175);
#4175 = CARTESIAN_POINT('',(5.642436491213,-10.490478826,0.));
#4176 = LINE('',#4177,#4178);
#4177 = CARTESIAN_POINT('',(5.66671614958,-10.65761610414,0.));
#4178 = VECTOR('',#4179,1.);
#4179 = DIRECTION('',(-0.143758829861,0.989612751958,0.));
#4180 = ORIENTED_EDGE('',*,*,#4181,.T.);
#4181 = EDGE_CURVE('',#4174,#4182,#4184,.T.);
#4182 = VERTEX_POINT('',#4183);
#4183 = CARTESIAN_POINT('',(5.611268890001,-10.326767993,0.));
#4184 = LINE('',#4185,#4186);
#4185 = CARTESIAN_POINT('',(5.642436491213,-10.490478826,0.));
#4186 = VECTOR('',#4187,1.);
#4187 = DIRECTION('',(-0.187022849386,0.98235556384,0.));
#4188 = ORIENTED_EDGE('',*,*,#4189,.T.);
#4189 = EDGE_CURVE('',#4182,#4190,#4192,.T.);
#4190 = VERTEX_POINT('',#4191);
#4191 = CARTESIAN_POINT('',(5.572437761676,-10.1670109117,0.));
#4192 = LINE('',#4193,#4194);
#4193 = CARTESIAN_POINT('',(5.611268890001,-10.326767993,0.));
#4194 = VECTOR('',#4195,1.);
#4195 = DIRECTION('',(-0.236186749235,0.971707682117,0.));
#4196 = ORIENTED_EDGE('',*,*,#4197,.T.);
#4197 = EDGE_CURVE('',#4190,#4198,#4200,.T.);
#4198 = VERTEX_POINT('',#4199);
#4199 = CARTESIAN_POINT('',(5.524515791444,-10.01209538879,0.));
#4200 = LINE('',#4201,#4202);
#4201 = CARTESIAN_POINT('',(5.572437761676,-10.1670109117,0.));
#4202 = VECTOR('',#4203,1.);
#4203 = DIRECTION('',(-0.295525741292,0.955334777046,0.));
#4204 = ORIENTED_EDGE('',*,*,#4205,.T.);
#4205 = EDGE_CURVE('',#4198,#4206,#4208,.T.);
#4206 = VERTEX_POINT('',#4207);
#4207 = CARTESIAN_POINT('',(5.463236387278,-9.864481226436,0.));
#4208 = LINE('',#4209,#4210);
#4209 = CARTESIAN_POINT('',(5.524515791444,-10.01209538879,0.));
#4210 = VECTOR('',#4211,1.);
#4211 = DIRECTION('',(-0.383407564188,0.923579254706,0.));
#4212 = ORIENTED_EDGE('',*,*,#4213,.T.);
#4213 = EDGE_CURVE('',#4206,#4214,#4216,.T.);
#4214 = VERTEX_POINT('',#4215);
#4215 = CARTESIAN_POINT('',(4.905444908454,-8.857326642398,0.));
#4216 = LINE('',#4217,#4218);
#4217 = CARTESIAN_POINT('',(5.463236387278,-9.864481226436,0.));
#4218 = VECTOR('',#4219,1.);
#4219 = DIRECTION('',(-0.48448838602,0.874797693076,0.));
#4220 = ORIENTED_EDGE('',*,*,#4221,.T.);
#4221 = EDGE_CURVE('',#4214,#4222,#4224,.T.);
#4222 = VERTEX_POINT('',#4223);
#4223 = CARTESIAN_POINT('',(5.26986372534,-8.645470566507,0.));
#4224 = LINE('',#4225,#4226);
#4225 = CARTESIAN_POINT('',(4.905444908454,-8.857326642398,0.));
#4226 = VECTOR('',#4227,1.);
#4227 = DIRECTION('',(0.864522988043,0.502593278054,0.));
#4228 = ORIENTED_EDGE('',*,*,#4229,.T.);
#4229 = EDGE_CURVE('',#4222,#4230,#4232,.T.);
#4230 = VERTEX_POINT('',#4231);
#4231 = CARTESIAN_POINT('',(5.625148609323,-8.418629824563,0.));
#4232 = LINE('',#4233,#4234);
#4233 = CARTESIAN_POINT('',(5.26986372534,-8.645470566507,0.));
#4234 = VECTOR('',#4235,1.);
#4235 = DIRECTION('',(0.84285425251,0.538141904171,0.));
#4236 = ORIENTED_EDGE('',*,*,#4237,.T.);
#4237 = EDGE_CURVE('',#4230,#4238,#4240,.T.);
#4238 = VERTEX_POINT('',#4239);
#4239 = CARTESIAN_POINT('',(5.970683766815,-8.177197585768,0.));
#4240 = LINE('',#4241,#4242);
#4241 = CARTESIAN_POINT('',(5.625148609323,-8.418629824563,0.));
#4242 = VECTOR('',#4243,1.);
#4243 = DIRECTION('',(0.819724649185,0.572757801797,0.));
#4244 = ORIENTED_EDGE('',*,*,#4245,.T.);
#4245 = EDGE_CURVE('',#4238,#4246,#4248,.T.);
#4246 = VERTEX_POINT('',#4247);
#4247 = CARTESIAN_POINT('',(6.305870302833,-7.921592309873,0.));
#4248 = LINE('',#4249,#4250);
#4249 = CARTESIAN_POINT('',(5.970683766815,-8.177197585768,0.));
#4250 = VECTOR('',#4251,1.);
#4251 = DIRECTION('',(0.795174267195,0.606380973309,0.));
#4252 = ORIENTED_EDGE('',*,*,#4253,.T.);
#4253 = EDGE_CURVE('',#4246,#4254,#4256,.T.);
#4254 = VERTEX_POINT('',#4255);
#4255 = CARTESIAN_POINT('',(7.022902251441,-8.822345813711,0.));
#4256 = LINE('',#4257,#4258);
#4257 = CARTESIAN_POINT('',(6.305870302833,-7.921592309873,0.));
#4258 = VECTOR('',#4259,1.);
#4259 = DIRECTION('',(0.622802005218,-0.782379487395,0.));
#4260 = ORIENTED_EDGE('',*,*,#4261,.T.);
#4261 = EDGE_CURVE('',#4254,#4262,#4264,.T.);
#4262 = VERTEX_POINT('',#4263);
#4263 = CARTESIAN_POINT('',(7.135829342029,-8.935450095299,0.));
#4264 = LINE('',#4265,#4266);
#4265 = CARTESIAN_POINT('',(7.022902251441,-8.822345813711,0.));
#4266 = VECTOR('',#4267,1.);
#4267 = DIRECTION('',(0.706552247417,-0.707660880416,0.));
#4268 = ORIENTED_EDGE('',*,*,#4269,.T.);
#4269 = EDGE_CURVE('',#4262,#4270,#4272,.T.);
#4270 = VERTEX_POINT('',#4271);
#4271 = CARTESIAN_POINT('',(7.260613678866,-9.039007826791,0.));
#4272 = LINE('',#4273,#4274);
#4273 = CARTESIAN_POINT('',(7.135829342029,-8.935450095299,0.));
#4274 = VECTOR('',#4275,1.);
#4275 = DIRECTION('',(0.769521442179,-0.638620975248,0.));
#4276 = ORIENTED_EDGE('',*,*,#4277,.T.);
#4277 = EDGE_CURVE('',#4270,#4278,#4280,.T.);
#4278 = VERTEX_POINT('',#4279);
#4279 = CARTESIAN_POINT('',(7.393349946979,-9.136019499689,0.));
#4280 = LINE('',#4281,#4282);
#4281 = CARTESIAN_POINT('',(7.260613678866,-9.039007826791,0.));
#4282 = VECTOR('',#4283,1.);
#4283 = DIRECTION('',(0.807356083216,-0.590064534517,0.));
#4284 = ORIENTED_EDGE('',*,*,#4285,.T.);
#4285 = EDGE_CURVE('',#4278,#4286,#4288,.T.);
#4286 = VERTEX_POINT('',#4287);
#4287 = CARTESIAN_POINT('',(7.532671710225,-9.227464032013,0.));
#4288 = LINE('',#4289,#4290);
#4289 = CARTESIAN_POINT('',(7.393349946979,-9.136019499689,0.));
#4290 = VECTOR('',#4291,1.);
#4291 = DIRECTION('',(0.836007653147,-0.548717781633,0.));
#4292 = ORIENTED_EDGE('',*,*,#4293,.T.);
#4293 = EDGE_CURVE('',#4286,#4294,#4296,.T.);
#4294 = VERTEX_POINT('',#4295);
#4295 = CARTESIAN_POINT('',(7.677794997626,-9.313856178713,0.));
#4296 = LINE('',#4297,#4298);
#4297 = CARTESIAN_POINT('',(7.532671710225,-9.227464032013,0.));
#4298 = VECTOR('',#4299,1.);
#4299 = DIRECTION('',(0.859268844202,-0.511524245158,0.));
#4300 = ORIENTED_EDGE('',*,*,#4301,.T.);
#4301 = EDGE_CURVE('',#4294,#4302,#4304,.T.);
#4302 = VERTEX_POINT('',#4303);
#4303 = CARTESIAN_POINT('',(7.828190525243,-9.395507490247,0.));
#4304 = LINE('',#4305,#4306);
#4305 = CARTESIAN_POINT('',(7.677794997626,-9.313856178713,0.));
#4306 = VECTOR('',#4307,1.);
#4307 = DIRECTION('',(0.878833768297,-0.477128083119,0.));
#4308 = ORIENTED_EDGE('',*,*,#4309,.T.);
#4309 = EDGE_CURVE('',#4302,#4310,#4312,.T.);
#4310 = VERTEX_POINT('',#4311);
#4311 = CARTESIAN_POINT('',(7.983466737178,-9.472619451814,0.));
#4312 = LINE('',#4313,#4314);
#4313 = CARTESIAN_POINT('',(7.828190525243,-9.395507490247,0.));
#4314 = VECTOR('',#4315,1.);
#4315 = DIRECTION('',(0.895637822523,-0.444784094664,0.));
#4316 = ORIENTED_EDGE('',*,*,#4317,.T.);
#4317 = EDGE_CURVE('',#4310,#4318,#4320,.T.);
#4318 = VERTEX_POINT('',#4319);
#4319 = CARTESIAN_POINT('',(8.143315910997,-9.545326421249,0.));
#4320 = LINE('',#4321,#4322);
#4321 = CARTESIAN_POINT('',(7.983466737178,-9.472619451814,0.));
#4322 = VECTOR('',#4323,1.);
#4323 = DIRECTION('',(0.910262934719,-0.414030662725,0.));
#4324 = ORIENTED_EDGE('',*,*,#4325,.T.);
#4325 = EDGE_CURVE('',#4318,#4326,#4328,.T.);
#4326 = VERTEX_POINT('',#4327);
#4327 = CARTESIAN_POINT('',(8.307485403915,-9.613718554154,0.));
#4328 = LINE('',#4329,#4330);
#4329 = CARTESIAN_POINT('',(8.143315910997,-9.545326421249,0.));
#4330 = VECTOR('',#4331,1.);
#4331 = DIRECTION('',(0.923100522293,-0.384558741602,0.));
#4332 = ORIENTED_EDGE('',*,*,#4333,.T.);
#4333 = EDGE_CURVE('',#4326,#4334,#4336,.T.);
#4334 = VERTEX_POINT('',#4335);
#4335 = CARTESIAN_POINT('',(8.475760746095,-9.677855298475,0.));
#4336 = LINE('',#4337,#4338);
#4337 = CARTESIAN_POINT('',(8.307485403915,-9.613718554154,0.));
#4338 = VECTOR('',#4339,1.);
#4339 = DIRECTION('',(0.934428881004,-0.356149780775,0.));
#4340 = ORIENTED_EDGE('',*,*,#4341,.T.);
#4341 = EDGE_CURVE('',#4334,#4342,#4344,.T.);
#4342 = VERTEX_POINT('',#4343);
#4343 = CARTESIAN_POINT('',(8.647954981196,-9.737773916212,0.));
#4344 = LINE('',#4345,#4346);
#4345 = CARTESIAN_POINT('',(8.475760746095,-9.677855298475,0.));
#4346 = VECTOR('',#4347,1.);
#4347 = DIRECTION('',(0.944454291931,-0.328642800701,0.));
#4348 = ORIENTED_EDGE('',*,*,#4349,.T.);
#4349 = EDGE_CURVE('',#4342,#4350,#4352,.T.);
#4350 = VERTEX_POINT('',#4351);
#4351 = CARTESIAN_POINT('',(8.823901581666,-9.793495159654,0.));
#4352 = LINE('',#4353,#4354);
#4353 = CARTESIAN_POINT('',(8.647954981196,-9.737773916212,0.));
#4354 = VECTOR('',#4355,1.);
#4355 = DIRECTION('',(0.953334708688,-0.301915440496,0.));
#4356 = ORIENTED_EDGE('',*,*,#4357,.T.);
#4357 = EDGE_CURVE('',#4350,#4358,#4360,.T.);
#4358 = VERTEX_POINT('',#4359);
#4359 = CARTESIAN_POINT('',(9.003449541249,-9.84502721462,0.));
#4360 = LINE('',#4361,#4362);
#4361 = CARTESIAN_POINT('',(8.823901581666,-9.793495159654,0.));
#4362 = VECTOR('',#4363,1.);
#4363 = DIRECTION('',(0.961194282843,-0.275872344808,0.));
#4364 = ORIENTED_EDGE('',*,*,#4365,.T.);
#4365 = EDGE_CURVE('',#4358,#4366,#4368,.T.);
#4366 = VERTEX_POINT('',#4367);
#4367 = CARTESIAN_POINT('',(9.186459860637,-9.89236853483,0.));
#4368 = LINE('',#4369,#4370);
#4369 = CARTESIAN_POINT('',(9.003449541249,-9.84502721462,0.));
#4370 = VECTOR('',#4371,1.);
#4371 = DIRECTION('',(0.96813272065,-0.250437687273,0.));
#4372 = ORIENTED_EDGE('',*,*,#4373,.T.);
#4373 = EDGE_CURVE('',#4366,#4374,#4376,.T.);
#4374 = VERTEX_POINT('',#4375);
#4375 = CARTESIAN_POINT('',(9.42754092313,-9.6628915001,0.));
#4376 = LINE('',#4377,#4378);
#4377 = CARTESIAN_POINT('',(9.186459860637,-9.89236853483,0.));
#4378 = VECTOR('',#4379,1.);
#4379 = DIRECTION('',(0.724323926877,0.689459824032,0.));
#4380 = ORIENTED_EDGE('',*,*,#4381,.T.);
#4381 = EDGE_CURVE('',#4374,#4382,#4384,.T.);
#4382 = VERTEX_POINT('',#4383);
#4383 = CARTESIAN_POINT('',(9.6628915001,-9.42754092313,0.));
#4384 = LINE('',#4385,#4386);
#4385 = CARTESIAN_POINT('',(9.42754092313,-9.6628915001,0.));
#4386 = VECTOR('',#4387,1.);
#4387 = DIRECTION('',(0.707106781187,0.707106781187,0.));
#4388 = ORIENTED_EDGE('',*,*,#4389,.T.);
#4389 = EDGE_CURVE('',#4382,#4390,#4392,.T.);
#4390 = VERTEX_POINT('',#4391);
#4391 = CARTESIAN_POINT('',(9.89236853483,-9.186459860637,0.));
#4392 = LINE('',#4393,#4394);
#4393 = CARTESIAN_POINT('',(9.6628915001,-9.42754092313,0.));
#4394 = VECTOR('',#4395,1.);
#4395 = DIRECTION('',(0.689459824032,0.724323926877,0.));
#4396 = ORIENTED_EDGE('',*,*,#4397,.T.);
#4397 = EDGE_CURVE('',#4390,#4398,#4400,.T.);
#4398 = VERTEX_POINT('',#4399);
#4399 = CARTESIAN_POINT('',(9.84502721462,-9.003449541249,0.));
#4400 = LINE('',#4401,#4402);
#4401 = CARTESIAN_POINT('',(9.89236853483,-9.186459860637,0.));
#4402 = VECTOR('',#4403,1.);
#4403 = DIRECTION('',(-0.250437687273,0.96813272065,0.));
#4404 = ORIENTED_EDGE('',*,*,#4405,.T.);
#4405 = EDGE_CURVE('',#4398,#4406,#4408,.T.);
#4406 = VERTEX_POINT('',#4407);
#4407 = CARTESIAN_POINT('',(9.793495159654,-8.823901581666,0.));
#4408 = LINE('',#4409,#4410);
#4409 = CARTESIAN_POINT('',(9.84502721462,-9.003449541249,0.));
#4410 = VECTOR('',#4411,1.);
#4411 = DIRECTION('',(-0.275872344808,0.961194282843,0.));
#4412 = ORIENTED_EDGE('',*,*,#4413,.T.);
#4413 = EDGE_CURVE('',#4406,#4414,#4416,.T.);
#4414 = VERTEX_POINT('',#4415);
#4415 = CARTESIAN_POINT('',(9.737773916212,-8.647954981196,0.));
#4416 = LINE('',#4417,#4418);
#4417 = CARTESIAN_POINT('',(9.793495159654,-8.823901581666,0.));
#4418 = VECTOR('',#4419,1.);
#4419 = DIRECTION('',(-0.301915440496,0.953334708688,0.));
#4420 = ORIENTED_EDGE('',*,*,#4421,.T.);
#4421 = EDGE_CURVE('',#4414,#4422,#4424,.T.);
#4422 = VERTEX_POINT('',#4423);
#4423 = CARTESIAN_POINT('',(9.677855298475,-8.475760746095,0.));
#4424 = LINE('',#4425,#4426);
#4425 = CARTESIAN_POINT('',(9.737773916212,-8.647954981196,0.));
#4426 = VECTOR('',#4427,1.);
#4427 = DIRECTION('',(-0.328642800701,0.944454291931,0.));
#4428 = ORIENTED_EDGE('',*,*,#4429,.T.);
#4429 = EDGE_CURVE('',#4422,#4430,#4432,.T.);
#4430 = VERTEX_POINT('',#4431);
#4431 = CARTESIAN_POINT('',(9.613718554154,-8.307485403915,0.));
#4432 = LINE('',#4433,#4434);
#4433 = CARTESIAN_POINT('',(9.677855298475,-8.475760746095,0.));
#4434 = VECTOR('',#4435,1.);
#4435 = DIRECTION('',(-0.356149780775,0.934428881004,0.));
#4436 = ORIENTED_EDGE('',*,*,#4437,.T.);
#4437 = EDGE_CURVE('',#4430,#4438,#4440,.T.);
#4438 = VERTEX_POINT('',#4439);
#4439 = CARTESIAN_POINT('',(9.545326421249,-8.143315910997,0.));
#4440 = LINE('',#4441,#4442);
#4441 = CARTESIAN_POINT('',(9.613718554154,-8.307485403915,0.));
#4442 = VECTOR('',#4443,1.);
#4443 = DIRECTION('',(-0.384558741602,0.923100522293,0.));
#4444 = ORIENTED_EDGE('',*,*,#4445,.T.);
#4445 = EDGE_CURVE('',#4438,#4446,#4448,.T.);
#4446 = VERTEX_POINT('',#4447);
#4447 = CARTESIAN_POINT('',(9.472619451814,-7.983466737178,0.));
#4448 = LINE('',#4449,#4450);
#4449 = CARTESIAN_POINT('',(9.545326421249,-8.143315910997,0.));
#4450 = VECTOR('',#4451,1.);
#4451 = DIRECTION('',(-0.414030662725,0.910262934719,0.));
#4452 = ORIENTED_EDGE('',*,*,#4453,.T.);
#4453 = EDGE_CURVE('',#4446,#4454,#4456,.T.);
#4454 = VERTEX_POINT('',#4455);
#4455 = CARTESIAN_POINT('',(9.395507490247,-7.828190525243,0.));
#4456 = LINE('',#4457,#4458);
#4457 = CARTESIAN_POINT('',(9.472619451814,-7.983466737178,0.));
#4458 = VECTOR('',#4459,1.);
#4459 = DIRECTION('',(-0.444784094664,0.895637822523,0.));
#4460 = ORIENTED_EDGE('',*,*,#4461,.T.);
#4461 = EDGE_CURVE('',#4454,#4462,#4464,.T.);
#4462 = VERTEX_POINT('',#4463);
#4463 = CARTESIAN_POINT('',(9.313856178713,-7.677794997626,0.));
#4464 = LINE('',#4465,#4466);
#4465 = CARTESIAN_POINT('',(9.395507490247,-7.828190525243,0.));
#4466 = VECTOR('',#4467,1.);
#4467 = DIRECTION('',(-0.477128083119,0.878833768297,0.));
#4468 = ORIENTED_EDGE('',*,*,#4469,.T.);
#4469 = EDGE_CURVE('',#4462,#4470,#4472,.T.);
#4470 = VERTEX_POINT('',#4471);
#4471 = CARTESIAN_POINT('',(9.227464032013,-7.532671710225,0.));
#4472 = LINE('',#4473,#4474);
#4473 = CARTESIAN_POINT('',(9.313856178713,-7.677794997626,0.));
#4474 = VECTOR('',#4475,1.);
#4475 = DIRECTION('',(-0.511524245158,0.859268844202,0.));
#4476 = ORIENTED_EDGE('',*,*,#4477,.T.);
#4477 = EDGE_CURVE('',#4470,#4478,#4480,.T.);
#4478 = VERTEX_POINT('',#4479);
#4479 = CARTESIAN_POINT('',(9.136019499689,-7.393349946979,0.));
#4480 = LINE('',#4481,#4482);
#4481 = CARTESIAN_POINT('',(9.227464032013,-7.532671710225,0.));
#4482 = VECTOR('',#4483,1.);
#4483 = DIRECTION('',(-0.548717781633,0.836007653147,0.));
#4484 = ORIENTED_EDGE('',*,*,#4485,.T.);
#4485 = EDGE_CURVE('',#4478,#4486,#4488,.T.);
#4486 = VERTEX_POINT('',#4487);
#4487 = CARTESIAN_POINT('',(9.039007826791,-7.260613678866,0.));
#4488 = LINE('',#4489,#4490);
#4489 = CARTESIAN_POINT('',(9.136019499689,-7.393349946979,0.));
#4490 = VECTOR('',#4491,1.);
#4491 = DIRECTION('',(-0.590064534517,0.807356083216,0.));
#4492 = ORIENTED_EDGE('',*,*,#4493,.T.);
#4493 = EDGE_CURVE('',#4486,#4494,#4496,.T.);
#4494 = VERTEX_POINT('',#4495);
#4495 = CARTESIAN_POINT('',(8.935450095299,-7.135829342029,0.));
#4496 = LINE('',#4497,#4498);
#4497 = CARTESIAN_POINT('',(9.039007826791,-7.260613678866,0.));
#4498 = VECTOR('',#4499,1.);
#4499 = DIRECTION('',(-0.638620975248,0.769521442179,0.));
#4500 = ORIENTED_EDGE('',*,*,#4501,.T.);
#4501 = EDGE_CURVE('',#4494,#4502,#4504,.T.);
#4502 = VERTEX_POINT('',#4503);
#4503 = CARTESIAN_POINT('',(8.822345813711,-7.022902251441,0.));
#4504 = LINE('',#4505,#4506);
#4505 = CARTESIAN_POINT('',(8.935450095299,-7.135829342029,0.));
#4506 = VECTOR('',#4507,1.);
#4507 = DIRECTION('',(-0.707660880416,0.706552247417,0.));
#4508 = ORIENTED_EDGE('',*,*,#4509,.T.);
#4509 = EDGE_CURVE('',#4502,#4510,#4512,.T.);
#4510 = VERTEX_POINT('',#4511);
#4511 = CARTESIAN_POINT('',(7.921592309873,-6.305870302833,0.));
#4512 = LINE('',#4513,#4514);
#4513 = CARTESIAN_POINT('',(8.822345813711,-7.022902251441,0.));
#4514 = VECTOR('',#4515,1.);
#4515 = DIRECTION('',(-0.782379487395,0.622802005218,0.));
#4516 = ORIENTED_EDGE('',*,*,#4517,.T.);
#4517 = EDGE_CURVE('',#4510,#4518,#4520,.T.);
#4518 = VERTEX_POINT('',#4519);
#4519 = CARTESIAN_POINT('',(8.177197585768,-5.970683766815,0.));
#4520 = LINE('',#4521,#4522);
#4521 = CARTESIAN_POINT('',(7.921592309873,-6.305870302833,0.));
#4522 = VECTOR('',#4523,1.);
#4523 = DIRECTION('',(0.606380973309,0.795174267195,0.));
#4524 = ORIENTED_EDGE('',*,*,#4525,.T.);
#4525 = EDGE_CURVE('',#4518,#4526,#4528,.T.);
#4526 = VERTEX_POINT('',#4527);
#4527 = CARTESIAN_POINT('',(8.418629824563,-5.625148609323,0.));
#4528 = LINE('',#4529,#4530);
#4529 = CARTESIAN_POINT('',(8.177197585768,-5.970683766815,0.));
#4530 = VECTOR('',#4531,1.);
#4531 = DIRECTION('',(0.572757801797,0.819724649185,0.));
#4532 = ORIENTED_EDGE('',*,*,#4533,.T.);
#4533 = EDGE_CURVE('',#4526,#4534,#4536,.T.);
#4534 = VERTEX_POINT('',#4535);
#4535 = CARTESIAN_POINT('',(8.645470566507,-5.26986372534,0.));
#4536 = LINE('',#4537,#4538);
#4537 = CARTESIAN_POINT('',(8.418629824563,-5.625148609323,0.));
#4538 = VECTOR('',#4539,1.);
#4539 = DIRECTION('',(0.538141904171,0.84285425251,0.));
#4540 = ORIENTED_EDGE('',*,*,#4541,.T.);
#4541 = EDGE_CURVE('',#4534,#4542,#4544,.T.);
#4542 = VERTEX_POINT('',#4543);
#4543 = CARTESIAN_POINT('',(8.857326642398,-4.905444908454,0.));
#4544 = LINE('',#4545,#4546);
#4545 = CARTESIAN_POINT('',(8.645470566507,-5.26986372534,0.));
#4546 = VECTOR('',#4547,1.);
#4547 = DIRECTION('',(0.502593278054,0.864522988043,0.));
#4548 = ORIENTED_EDGE('',*,*,#4549,.T.);
#4549 = EDGE_CURVE('',#4542,#4550,#4552,.T.);
#4550 = VERTEX_POINT('',#4551);
#4551 = CARTESIAN_POINT('',(9.864481226436,-5.463236387278,0.));
#4552 = LINE('',#4553,#4554);
#4553 = CARTESIAN_POINT('',(8.857326642398,-4.905444908454,0.));
#4554 = VECTOR('',#4555,1.);
#4555 = DIRECTION('',(0.874797693076,-0.48448838602,0.));
#4556 = ORIENTED_EDGE('',*,*,#4557,.T.);
#4557 = EDGE_CURVE('',#4550,#4558,#4560,.T.);
#4558 = VERTEX_POINT('',#4559);
#4559 = CARTESIAN_POINT('',(10.01209538879,-5.524515791444,0.));
#4560 = LINE('',#4561,#4562);
#4561 = CARTESIAN_POINT('',(9.864481226436,-5.463236387278,0.));
#4562 = VECTOR('',#4563,1.);
#4563 = DIRECTION('',(0.923579254706,-0.383407564188,0.));
#4564 = ORIENTED_EDGE('',*,*,#4565,.T.);
#4565 = EDGE_CURVE('',#4558,#4566,#4568,.T.);
#4566 = VERTEX_POINT('',#4567);
#4567 = CARTESIAN_POINT('',(10.167010911707,-5.572437761676,0.));
#4568 = LINE('',#4569,#4570);
#4569 = CARTESIAN_POINT('',(10.01209538879,-5.524515791444,0.));
#4570 = VECTOR('',#4571,1.);
#4571 = DIRECTION('',(0.955334777046,-0.295525741292,0.));
#4572 = ORIENTED_EDGE('',*,*,#4573,.T.);
#4573 = EDGE_CURVE('',#4566,#4574,#4576,.T.);
#4574 = VERTEX_POINT('',#4575);
#4575 = CARTESIAN_POINT('',(10.326767993003,-5.611268890001,0.));
#4576 = LINE('',#4577,#4578);
#4577 = CARTESIAN_POINT('',(10.167010911707,-5.572437761676,0.));
#4578 = VECTOR('',#4579,1.);
#4579 = DIRECTION('',(0.971707682117,-0.236186749235,0.));
#4580 = ORIENTED_EDGE('',*,*,#4581,.T.);
#4581 = EDGE_CURVE('',#4574,#4582,#4584,.T.);
#4582 = VERTEX_POINT('',#4583);
#4583 = CARTESIAN_POINT('',(10.490478826,-5.642436491213,0.));
#4584 = LINE('',#4585,#4586);
#4585 = CARTESIAN_POINT('',(10.326767993003,-5.611268890001,0.));
#4586 = VECTOR('',#4587,1.);
#4587 = DIRECTION('',(0.98235556384,-0.187022849386,0.));
#4588 = ORIENTED_EDGE('',*,*,#4589,.T.);
#4589 = EDGE_CURVE('',#4582,#4590,#4592,.T.);
#4590 = VERTEX_POINT('',#4591);
#4591 = CARTESIAN_POINT('',(10.657616104149,-5.66671614958,0.));
#4592 = LINE('',#4593,#4594);
#4593 = CARTESIAN_POINT('',(10.490478826,-5.642436491213,0.));
#4594 = VECTOR('',#4595,1.);
#4595 = DIRECTION('',(0.989612751958,-0.143758829861,0.));
#4596 = ORIENTED_EDGE('',*,*,#4597,.T.);
#4597 = EDGE_CURVE('',#4590,#4598,#4600,.T.);
#4598 = VERTEX_POINT('',#4599);
#4599 = CARTESIAN_POINT('',(10.82781005805,-5.684598248388,0.));
#4600 = LINE('',#4601,#4602);
#4601 = CARTESIAN_POINT('',(10.657616104149,-5.66671614958,0.));
#4602 = VECTOR('',#4603,1.);
#4603 = DIRECTION('',(0.994525543535,-0.10449374745,0.));
#4604 = ORIENTED_EDGE('',*,*,#4605,.T.);
#4605 = EDGE_CURVE('',#4598,#4606,#4608,.T.);
#4606 = VERTEX_POINT('',#4607);
#4607 = CARTESIAN_POINT('',(11.000776042271,-5.696418777643,0.));
#4608 = LINE('',#4609,#4610);
#4609 = CARTESIAN_POINT('',(10.82781005805,-5.684598248388,0.));
#4610 = VECTOR('',#4611,1.);
#4611 = DIRECTION('',(0.99767295678,-6.818116536718E-02,0.));
#4612 = ORIENTED_EDGE('',*,*,#4613,.T.);
#4613 = EDGE_CURVE('',#4606,#4614,#4616,.T.);
#4614 = VERTEX_POINT('',#4615);
#4615 = CARTESIAN_POINT('',(11.176281174872,-5.702419628077,0.));
#4616 = LINE('',#4617,#4618);
#4617 = CARTESIAN_POINT('',(11.000776042271,-5.696418777643,0.));
#4618 = VECTOR('',#4619,1.);
#4619 = DIRECTION('',(0.999415969707,-3.417191091091E-02,0.));
#4620 = ORIENTED_EDGE('',*,*,#4621,.T.);
#4621 = EDGE_CURVE('',#4614,#4622,#4624,.T.);
#4622 = VERTEX_POINT('',#4623);
#4623 = CARTESIAN_POINT('',(11.354126545409,-5.702780774814,0.));
#4624 = LINE('',#4625,#4626);
#4625 = CARTESIAN_POINT('',(11.176281174872,-5.702419628077,0.));
#4626 = VECTOR('',#4627,1.);
#4627 = DIRECTION('',(0.999997938179,-2.03067412486E-03,0.));
#4628 = ORIENTED_EDGE('',*,*,#4629,.T.);
#4629 = EDGE_CURVE('',#4622,#4630,#4632,.T.);
#4630 = VERTEX_POINT('',#4631);
#4631 = CARTESIAN_POINT('',(11.534136759333,-5.697639214646,0.));
#4632 = LINE('',#4633,#4634);
#4633 = CARTESIAN_POINT('',(11.354126545409,-5.702780774814,0.));
#4634 = VECTOR('',#4635,1.);
#4635 = DIRECTION('',(0.99959233829,2.855095851751E-02,0.));
#4636 = ORIENTED_EDGE('',*,*,#4637,.T.);
#4637 = EDGE_CURVE('',#4630,#4638,#4640,.T.);
#4638 = VERTEX_POINT('',#4639);
#4639 = CARTESIAN_POINT('',(11.716153351057,-5.687100918268,0.));
#4640 = LINE('',#4641,#4642);
#4641 = CARTESIAN_POINT('',(11.534136759333,-5.697639214646,0.));
#4642 = VECTOR('',#4643,1.);
#4643 = DIRECTION('',(0.998328144702,5.780065307352E-02,0.));
#4644 = ORIENTED_EDGE('',*,*,#4645,.T.);
#4645 = EDGE_CURVE('',#4638,#4646,#4648,.T.);
#4646 = VERTEX_POINT('',#4647);
#4647 = CARTESIAN_POINT('',(11.900030410743,-5.671248785629,0.));
#4648 = LINE('',#4649,#4650);
#4649 = CARTESIAN_POINT('',(11.716153351057,-5.687100918268,0.));
#4650 = VECTOR('',#4651,1.);
#4651 = DIRECTION('',(0.996304462043,8.589190249037E-02,0.));
#4652 = ORIENTED_EDGE('',*,*,#4653,.T.);
#4653 = EDGE_CURVE('',#4646,#4654,#4656,.T.);
#4654 = VERTEX_POINT('',#4655);
#4655 = CARTESIAN_POINT('',(12.085631559377,-5.650148167032,0.));
#4656 = LINE('',#4657,#4658);
#4657 = CARTESIAN_POINT('',(11.900030410743,-5.671248785629,0.));
#4658 = VECTOR('',#4659,1.);
#4659 = DIRECTION('',(0.993599500491,0.112960314374,0.));
#4660 = ORIENTED_EDGE('',*,*,#4661,.T.);
#4661 = EDGE_CURVE('',#4654,#4662,#4664,.T.);
#4662 = VERTEX_POINT('',#4663);
#4663 = CARTESIAN_POINT('',(12.272827786609,-5.623850826635,0.));
#4664 = LINE('',#4665,#4666);
#4665 = CARTESIAN_POINT('',(12.085631559377,-5.650148167032,0.));
#4666 = VECTOR('',#4667,1.);
#4667 = DIRECTION('',(0.990276359122,0.139114099083,0.));
#4668 = ORIENTED_EDGE('',*,*,#4669,.T.);
#4669 = EDGE_CURVE('',#4662,#4670,#4672,.T.);
#4670 = VERTEX_POINT('',#4671);
#4671 = CARTESIAN_POINT('',(12.407740586622,-5.319583962594,0.));
#4672 = LINE('',#4673,#4674);
#4673 = CARTESIAN_POINT('',(12.272827786609,-5.623850826635,0.));
#4674 = VECTOR('',#4675,1.);
#4675 = DIRECTION('',(0.405343199011,0.914164586393,0.));
#4676 = ORIENTED_EDGE('',*,*,#4677,.T.);
#4677 = EDGE_CURVE('',#4670,#4678,#4680,.T.);
#4678 = VERTEX_POINT('',#4679);
#4679 = CARTESIAN_POINT('',(12.535111401046,-5.012083614962,0.));
#4680 = LINE('',#4681,#4682);
#4681 = CARTESIAN_POINT('',(12.407740586622,-5.319583962594,0.));
#4682 = VECTOR('',#4683,1.);
#4683 = DIRECTION('',(0.382683432365,0.923879532511,0.));
#4684 = ORIENTED_EDGE('',*,*,#4685,.T.);
#4685 = EDGE_CURVE('',#4678,#4686,#4688,.T.);
#4686 = VERTEX_POINT('',#4687);
#4687 = CARTESIAN_POINT('',(12.654862808141,-4.70153669635,0.));
#4688 = LINE('',#4689,#4690);
#4689 = CARTESIAN_POINT('',(12.535111401046,-5.012083614962,0.));
#4690 = VECTOR('',#4691,1.);
#4691 = DIRECTION('',(0.359791053431,0.933032902888,0.));
#4692 = ORIENTED_EDGE('',*,*,#4693,.T.);
#4693 = EDGE_CURVE('',#4686,#4694,#4696,.T.);
#4694 = VERTEX_POINT('',#4695);
#4695 = CARTESIAN_POINT('',(12.541090114175,-4.55057394694,0.));
#4696 = LINE('',#4697,#4698);
#4697 = CARTESIAN_POINT('',(12.654862808141,-4.70153669635,0.));
#4698 = VECTOR('',#4699,1.);
#4699 = DIRECTION('',(-0.601862605964,0.798599651604,0.));
#4700 = ORIENTED_EDGE('',*,*,#4701,.T.);
#4701 = EDGE_CURVE('',#4694,#4702,#4704,.T.);
#4702 = VERTEX_POINT('',#4703);
#4703 = CARTESIAN_POINT('',(12.424770673877,-4.404413725648,0.));
#4704 = LINE('',#4705,#4706);
#4705 = CARTESIAN_POINT('',(12.541090114175,-4.55057394694,0.));
#4706 = VECTOR('',#4707,1.);
#4707 = DIRECTION('',(-0.622705940282,0.78245594888,0.));
#4708 = ORIENTED_EDGE('',*,*,#4709,.T.);
#4709 = EDGE_CURVE('',#4702,#4710,#4712,.T.);
#4710 = VERTEX_POINT('',#4711);
#4711 = CARTESIAN_POINT('',(12.305959108553,-4.263183859355,0.));
#4712 = LINE('',#4713,#4714);
#4713 = CARTESIAN_POINT('',(12.424770673877,-4.404413725648,0.));
#4714 = VECTOR('',#4715,1.);
#4715 = DIRECTION('',(-0.643758894537,0.765228387937,0.));
#4716 = ORIENTED_EDGE('',*,*,#4717,.T.);
#4717 = EDGE_CURVE('',#4710,#4718,#4720,.T.);
#4718 = VERTEX_POINT('',#4719);
#4719 = CARTESIAN_POINT('',(12.184705643088,-4.127026992226,0.));
#4720 = LINE('',#4721,#4722);
#4721 = CARTESIAN_POINT('',(12.305959108553,-4.263183859355,0.));
#4722 = VECTOR('',#4723,1.);
#4723 = DIRECTION('',(-0.665053367223,0.746795834714,0.));
#4724 = ORIENTED_EDGE('',*,*,#4725,.T.);
#4725 = EDGE_CURVE('',#4718,#4726,#4728,.T.);
#4726 = VERTEX_POINT('',#4727);
#4727 = CARTESIAN_POINT('',(12.0610548322,-3.996104917217,0.));
#4728 = LINE('',#4729,#4730);
#4729 = CARTESIAN_POINT('',(12.184705643088,-4.127026992226,0.));
#4730 = VECTOR('',#4731,1.);
#4731 = DIRECTION('',(-0.68662994445,0.727007097204,0.));
#4732 = ORIENTED_EDGE('',*,*,#4733,.T.);
#4733 = EDGE_CURVE('',#4726,#4734,#4736,.T.);
#4734 = VERTEX_POINT('',#4735);
#4735 = CARTESIAN_POINT('',(11.935043795385,-3.870604619015,0.));
#4736 = LINE('',#4737,#4738);
#4737 = CARTESIAN_POINT('',(12.0610548322,-3.996104917217,0.));
#4738 = VECTOR('',#4739,1.);
#4739 = DIRECTION('',(-0.708541226703,0.705669419815,0.));
#4740 = ORIENTED_EDGE('',*,*,#4741,.T.);
#4741 = EDGE_CURVE('',#4734,#4742,#4744,.T.);
#4742 = VERTEX_POINT('',#4743);
#4743 = CARTESIAN_POINT('',(11.806699683955,-3.750746991655,0.));
#4744 = LINE('',#4745,#4746);
#4745 = CARTESIAN_POINT('',(11.935043795385,-3.870604619015,0.));
#4746 = VECTOR('',#4747,1.);
#4747 = DIRECTION('',(-0.730856999337,0.682530619474,0.));
#4748 = ORIENTED_EDGE('',*,*,#4749,.T.);
#4749 = EDGE_CURVE('',#4742,#4750,#4752,.T.);
#4750 = VERTEX_POINT('',#4751);
#4751 = CARTESIAN_POINT('',(11.676035887203,-3.636799947691,0.));
#4752 = LINE('',#4753,#4754);
#4753 = CARTESIAN_POINT('',(11.806699683955,-3.750746991655,0.));
#4754 = VECTOR('',#4755,1.);
#4755 = DIRECTION('',(-0.753672677526,0.657249948765,0.));
#4756 = ORIENTED_EDGE('',*,*,#4757,.T.);
#4757 = EDGE_CURVE('',#4750,#4758,#4760,.T.);
#4758 = VERTEX_POINT('',#4759);
#4759 = CARTESIAN_POINT('',(11.543046034954,-3.529099202099,0.));
#4760 = LINE('',#4761,#4762);
#4761 = CARTESIAN_POINT('',(11.676035887203,-3.636799947691,0.));
#4762 = VECTOR('',#4763,1.);
#4763 = DIRECTION('',(-0.77712399331,0.629347518484,0.));
#4764 = ORIENTED_EDGE('',*,*,#4765,.T.);
#4765 = EDGE_CURVE('',#4758,#4766,#4768,.T.);
#4766 = VERTEX_POINT('',#4767);
#4767 = CARTESIAN_POINT('',(11.40769382111,-3.428083610407,0.));
#4768 = LINE('',#4769,#4770);
#4769 = CARTESIAN_POINT('',(11.543046034954,-3.529099202099,0.));
#4770 = VECTOR('',#4771,1.);
#4771 = DIRECTION('',(-0.801414731108,0.598109044208,0.));
#4772 = ORIENTED_EDGE('',*,*,#4773,.T.);
#4773 = EDGE_CURVE('',#4766,#4774,#4776,.T.);
#4774 = VERTEX_POINT('',#4775);
#4775 = CARTESIAN_POINT('',(11.269893958773,-3.334361392412,0.));
#4776 = LINE('',#4777,#4778);
#4777 = CARTESIAN_POINT('',(11.40769382111,-3.428083610407,0.));
#4778 = VECTOR('',#4779,1.);
#4779 = DIRECTION('',(-0.826875405765,0.56238515569,0.));
#4780 = ORIENTED_EDGE('',*,*,#4781,.T.);
#4781 = EDGE_CURVE('',#4774,#4782,#4784,.T.);
#4782 = VERTEX_POINT('',#4783);
#4783 = CARTESIAN_POINT('',(11.129470889087,-3.248853831045,0.));
#4784 = LINE('',#4785,#4786);
#4785 = CARTESIAN_POINT('',(11.269893958773,-3.334361392412,0.));
#4786 = VECTOR('',#4787,1.);
#4787 = DIRECTION('',(-0.854110343367,0.520091839346,0.));
#4788 = ORIENTED_EDGE('',*,*,#4789,.T.);
#4789 = EDGE_CURVE('',#4782,#4790,#4792,.T.);
#4790 = VERTEX_POINT('',#4791);
#4791 = CARTESIAN_POINT('',(10.986043122202,-3.173197964398,0.));
#4792 = LINE('',#4793,#4794);
#4793 = CARTESIAN_POINT('',(11.129470889087,-3.248853831045,0.));
#4794 = VECTOR('',#4795,1.);
#4795 = DIRECTION('',(-0.884491954835,0.46655544347,0.));
#4796 = ORIENTED_EDGE('',*,*,#4797,.T.);
#4797 = EDGE_CURVE('',#4790,#4798,#4800,.T.);
#4798 = VERTEX_POINT('',#4799);
#4799 = CARTESIAN_POINT('',(10.83833306477,-3.112150071431,0.));
#4800 = LINE('',#4801,#4802);
#4801 = CARTESIAN_POINT('',(10.986043122202,-3.173197964398,0.));
#4802 = VECTOR('',#4803,1.);
#4803 = DIRECTION('',(-0.924179242562,0.38195906537,0.));
#4804 = ORIENTED_EDGE('',*,*,#4805,.T.);
#4805 = EDGE_CURVE('',#4798,#4806,#4808,.T.);
#4806 = VERTEX_POINT('',#4807);
#4807 = CARTESIAN_POINT('',(9.731749091528,-2.794402372519,0.));
#4808 = LINE('',#4809,#4810);
#4809 = CARTESIAN_POINT('',(10.83833306477,-3.112150071431,0.));
#4810 = VECTOR('',#4811,1.);
#4811 = DIRECTION('',(-0.961160404102,0.27599035778,0.));
#4812 = ORIENTED_EDGE('',*,*,#4813,.T.);
#4813 = EDGE_CURVE('',#4806,#4814,#4816,.T.);
#4814 = VERTEX_POINT('',#4815);
#4815 = CARTESIAN_POINT('',(9.839627240243,-2.386914488009,0.));
#4816 = LINE('',#4817,#4818);
#4817 = CARTESIAN_POINT('',(9.731749091528,-2.794402372519,0.));
#4818 = VECTOR('',#4819,1.);
#4819 = DIRECTION('',(0.255922952246,0.966697182428,0.));
#4820 = ORIENTED_EDGE('',*,*,#4821,.T.);
#4821 = EDGE_CURVE('',#4814,#4822,#4824,.T.);
#4822 = VERTEX_POINT('',#4823);
#4823 = CARTESIAN_POINT('',(9.930450964083,-1.975289510413,0.));
#4824 = LINE('',#4825,#4826);
#4825 = CARTESIAN_POINT('',(9.839627240243,-2.386914488009,0.));
#4826 = VECTOR('',#4827,1.);
#4827 = DIRECTION('',(0.215464167822,0.976511747182,0.));
#4828 = ORIENTED_EDGE('',*,*,#4829,.T.);
#4829 = EDGE_CURVE('',#4822,#62,#4830,.T.);
#4830 = LINE('',#4831,#4832);
#4831 = CARTESIAN_POINT('',(9.930450964083,-1.975289510413,0.));
#4832 = VECTOR('',#4833,1.);
#4833 = DIRECTION('',(0.174631932516,0.984633783772,0.));
#4834 = ORIENTED_EDGE('',*,*,#78,.T.);
#4835 = FACE_BOUND('',#4836,.F.);
#4836 = EDGE_LOOP('',(#4837));
#4837 = ORIENTED_EDGE('',*,*,#4838,.F.);
#4838 = EDGE_CURVE('',#4839,#4839,#4841,.T.);
#4839 = VERTEX_POINT('',#4840);
#4840 = CARTESIAN_POINT('',(3.006,-7.362576556474E-16,0.));
#4841 = CIRCLE('',#4842,3.006);
#4842 = AXIS2_PLACEMENT_3D('',#4843,#4844,#4845);
#4843 = CARTESIAN_POINT('',(0.,0.,0.));
#4844 = DIRECTION('',(0.,0.,1.));
#4845 = DIRECTION('',(1.,0.,-0.));
#4846 = PLANE('',#4847);
#4847 = AXIS2_PLACEMENT_3D('',#4848,#4849,#4850);
#4848 = CARTESIAN_POINT('',(-3.230273976841E-15,-9.650056941258E-16,0.)
  );
#4849 = DIRECTION('',(0.,0.,1.));
#4850 = DIRECTION('',(1.,0.,-0.));
#4851 = ADVANCED_FACE('',(#4852,#9567),#9578,.T.);
#4852 = FACE_BOUND('',#4853,.T.);
#4853 = EDGE_LOOP('',(#4854,#4855,#4856,#4864,#4872,#4880,#4888,#4896,
    #4904,#4912,#4920,#4928,#4936,#4944,#4952,#4960,#4968,#4976,#4984,
    #4992,#5000,#5008,#5016,#5024,#5032,#5040,#5048,#5056,#5064,#5072,
    #5080,#5088,#5096,#5104,#5112,#5120,#5128,#5136,#5144,#5152,#5160,
    #5168,#5176,#5184,#5192,#5200,#5208,#5216,#5224,#5232,#5240,#5248,
    #5256,#5264,#5272,#5280,#5288,#5296,#5304,#5312,#5320,#5328,#5336,
    #5344,#5352,#5360,#5368,#5376,#5384,#5392,#5400,#5408,#5416,#5424,
    #5432,#5440,#5448,#5456,#5464,#5472,#5480,#5488,#5496,#5504,#5512,
    #5520,#5528,#5536,#5544,#5552,#5560,#5568,#5576,#5584,#5592,#5600,
    #5608,#5616,#5624,#5632,#5640,#5648,#5656,#5664,#5672,#5680,#5688,
    #5696,#5704,#5712,#5720,#5728,#5736,#5744,#5752,#5760,#5768,#5776,
    #5784,#5792,#5800,#5808,#5816,#5824,#5832,#5840,#5848,#5856,#5864,
    #5872,#5880,#5888,#5896,#5904,#5912,#5920,#5928,#5936,#5944,#5952,
    #5960,#5968,#5976,#5984,#5992,#6000,#6008,#6016,#6024,#6032,#6040,
    #6048,#6056,#6064,#6072,#6080,#6088,#6096,#6104,#6112,#6120,#6128,
    #6136,#6144,#6152,#6160,#6168,#6176,#6184,#6192,#6200,#6208,#6216,
    #6224,#6232,#6240,#6248,#6256,#6264,#6272,#6280,#6288,#6296,#6304,
    #6312,#6320,#6328,#6336,#6344,#6352,#6360,#6368,#6376,#6384,#6392,
    #6400,#6408,#6416,#6424,#6432,#6440,#6448,#6456,#6464,#6472,#6480,
    #6488,#6496,#6504,#6512,#6520,#6528,#6536,#6544,#6552,#6560,#6568,
    #6576,#6584,#6592,#6600,#6608,#6616,#6624,#6632,#6640,#6648,#6656,
    #6664,#6672,#6680,#6688,#6696,#6704,#6712,#6720,#6728,#6736,#6744,
    #6752,#6760,#6768,#6776,#6784,#6792,#6800,#6808,#6816,#6824,#6832,
    #6840,#6848,#6856,#6864,#6872,#6880,#6888,#6896,#6904,#6912,#6920,
    #6928,#6936,#6944,#6952,#6960,#6968,#6976,#6984,#6992,#7000,#7008,
    #7016,#7024,#7032,#7040,#7048,#7056,#7064,#7072,#7080,#7088,#7096,
    #7104,#7112,#7120,#7128,#7136,#7144,#7152,#7160,#7168,#7176,#7184,
    #7192,#7200,#7208,#7216,#7224,#7232,#7240,#7248,#7256,#7264,#7272,
    #7280,#7288,#7296,#7304,#7312,#7320,#7328,#7336,#7344,#7352,#7360,
    #7368,#7376,#7384,#7392,#7400,#7408,#7416,#7424,#7432,#7440,#7448,
    #7456,#7464,#7472,#7480,#7488,#7496,#7504,#7512,#7520,#7528,#7536,
    #7544,#7552,#7560,#7568,#7576,#7584,#7592,#7600,#7608,#7616,#7624,
    #7632,#7640,#7648,#7656,#7664,#7672,#7680,#7688,#7696,#7704,#7712,
    #7720,#7728,#7736,#7744,#7752,#7760,#7768,#7776,#7784,#7792,#7800,
    #7808,#7816,#7824,#7832,#7840,#7848,#7856,#7864,#7872,#7880,#7888,
    #7896,#7904,#7912,#7920,#7928,#7936,#7944,#7952,#7960,#7968,#7976,
    #7984,#7992,#8000,#8008,#8016,#8024,#8032,#8040,#8048,#8056,#8064,
    #8072,#8080,#8088,#8096,#8104,#8112,#8120,#8128,#8136,#8144,#8152,
    #8160,#8168,#8176,#8184,#8192,#8200,#8208,#8216,#8224,#8232,#8240,
    #8248,#8256,#8264,#8272,#8280,#8288,#8296,#8304,#8312,#8320,#8328,
    #8336,#8344,#8352,#8360,#8368,#8376,#8384,#8392,#8400,#8408,#8416,
    #8424,#8432,#8440,#8448,#8456,#8464,#8472,#8480,#8488,#8496,#8504,
    #8512,#8520,#8528,#8536,#8544,#8552,#8560,#8568,#8576,#8584,#8592,
    #8600,#8608,#8616,#8624,#8632,#8640,#8648,#8656,#8664,#8672,#8680,
    #8688,#8696,#8704,#8712,#8720,#8728,#8736,#8744,#8752,#8760,#8768,
    #8776,#8784,#8792,#8800,#8808,#8816,#8824,#8832,#8840,#8848,#8856,
    #8864,#8872,#8880,#8888,#8896,#8904,#8912,#8920,#8928,#8936,#8944,
    #8952,#8960,#8968,#8976,#8984,#8992,#9000,#9008,#9016,#9024,#9032,
    #9040,#9048,#9056,#9064,#9072,#9080,#9088,#9096,#9104,#9112,#9120,
    #9128,#9136,#9144,#9152,#9160,#9168,#9176,#9184,#9192,#9200,#9208,
    #9216,#9224,#9232,#9240,#9248,#9256,#9264,#9272,#9280,#9288,#9296,
    #9304,#9312,#9320,#9328,#9336,#9344,#9352,#9360,#9368,#9376,#9384,
    #9392,#9400,#9408,#9416,#9424,#9432,#9440,#9448,#9456,#9464,#9472,
    #9480,#9488,#9496,#9504,#9512,#9520,#9528,#9536,#9544,#9552,#9560,
    #9566));
#4854 = ORIENTED_EDGE('',*,*,#31,.T.);
#4855 = ORIENTED_EDGE('',*,*,#93,.T.);
#4856 = ORIENTED_EDGE('',*,*,#4857,.T.);
#4857 = EDGE_CURVE('',#94,#4858,#4860,.T.);
#4858 = VERTEX_POINT('',#4859);
#4859 = CARTESIAN_POINT('',(11.525572897424,-1.25751456162,8.));
#4860 = LINE('',#4861,#4862);
#4861 = CARTESIAN_POINT('',(11.364110672478,-1.272524038201,8.));
#4862 = VECTOR('',#4863,1.);
#4863 = DIRECTION('',(0.995707052239,9.256060782807E-02,0.));
#4864 = ORIENTED_EDGE('',*,*,#4865,.T.);
#4865 = EDGE_CURVE('',#4858,#4866,#4868,.T.);
#4866 = VERTEX_POINT('',#4867);
#4867 = CARTESIAN_POINT('',(11.688029224477,-1.232253458089,8.));
#4868 = LINE('',#4869,#4870);
#4869 = CARTESIAN_POINT('',(11.525572897424,-1.25751456162,8.));
#4870 = VECTOR('',#4871,1.);
#4871 = DIRECTION('',(0.988125594969,0.15364832758,0.));
#4872 = ORIENTED_EDGE('',*,*,#4873,.T.);
#4873 = EDGE_CURVE('',#4866,#4874,#4876,.T.);
#4874 = VERTEX_POINT('',#4875);
#4875 = CARTESIAN_POINT('',(11.851205636944,-1.19839914344,8.));
#4876 = LINE('',#4877,#4878);
#4877 = CARTESIAN_POINT('',(11.688029224477,-1.232253458089,8.));
#4878 = VECTOR('',#4879,1.);
#4879 = DIRECTION('',(0.979148745014,0.203144616314,0.));
#4880 = ORIENTED_EDGE('',*,*,#4881,.T.);
#4881 = EDGE_CURVE('',#4874,#4882,#4884,.T.);
#4882 = VERTEX_POINT('',#4883);
#4883 = CARTESIAN_POINT('',(12.014911770345,-1.156869955583,8.));
#4884 = LINE('',#4885,#4886);
#4885 = CARTESIAN_POINT('',(11.851205636944,-1.19839914344,8.));
#4886 = VECTOR('',#4887,1.);
#4887 = DIRECTION('',(0.96929708909,0.245892564105,0.));
#4888 = ORIENTED_EDGE('',*,*,#4889,.T.);
#4889 = EDGE_CURVE('',#4882,#4890,#4892,.T.);
#4890 = VERTEX_POINT('',#4891);
#4891 = CARTESIAN_POINT('',(12.178993663862,-1.108260454223,8.));
#4892 = LINE('',#4893,#4894);
#4893 = CARTESIAN_POINT('',(12.014911770345,-1.156869955583,8.));
#4894 = VECTOR('',#4895,1.);
#4895 = DIRECTION('',(0.958809820167,0.284048814031,0.));
#4896 = ORIENTED_EDGE('',*,*,#4897,.T.);
#4897 = EDGE_CURVE('',#4890,#4898,#4900,.T.);
#4898 = VERTEX_POINT('',#4899);
#4899 = CARTESIAN_POINT('',(12.343316917213,-1.052989982741,8.));
#4900 = LINE('',#4901,#4902);
#4901 = CARTESIAN_POINT('',(12.178993663862,-1.108260454223,8.));
#4902 = VECTOR('',#4903,1.);
#4903 = DIRECTION('',(0.947821427294,0.318801728293,0.));
#4904 = ORIENTED_EDGE('',*,*,#4905,.T.);
#4905 = EDGE_CURVE('',#4898,#4906,#4908,.T.);
#4906 = VERTEX_POINT('',#4907);
#4907 = CARTESIAN_POINT('',(12.507758943115,-0.991371139094,8.));
#4908 = LINE('',#4909,#4910);
#4909 = CARTESIAN_POINT('',(12.343316917213,-1.052989982741,8.));
#4910 = VECTOR('',#4911,1.);
#4911 = DIRECTION('',(0.936416983035,0.35088920457,0.));
#4912 = ORIENTED_EDGE('',*,*,#4913,.T.);
#4913 = EDGE_CURVE('',#4906,#4914,#4916,.T.);
#4914 = VERTEX_POINT('',#4915);
#4915 = CARTESIAN_POINT('',(12.672204845778,-0.923646318345,8.));
#4916 = LINE('',#4917,#4918);
#4917 = CARTESIAN_POINT('',(12.507758943115,-0.991371139094,8.));
#4918 = VECTOR('',#4919,1.);
#4919 = DIRECTION('',(0.924654732981,0.380806545079,0.));
#4920 = ORIENTED_EDGE('',*,*,#4921,.T.);
#4921 = EDGE_CURVE('',#4914,#4922,#4924,.T.);
#4922 = VERTEX_POINT('',#4923);
#4923 = CARTESIAN_POINT('',(12.836545008172,-0.850009209616,8.));
#4924 = LINE('',#4925,#4926);
#4925 = CARTESIAN_POINT('',(12.672204845778,-0.923646318345,8.));
#4926 = VECTOR('',#4927,1.);
#4927 = DIRECTION('',(0.912576923398,0.408905073191,0.));
#4928 = ORIENTED_EDGE('',*,*,#4929,.T.);
#4929 = EDGE_CURVE('',#4922,#4930,#4932,.T.);
#4930 = VERTEX_POINT('',#4931);
#4931 = CARTESIAN_POINT('',(13.000673580415,-0.770618359216,8.));
#4932 = LINE('',#4933,#4934);
#4933 = CARTESIAN_POINT('',(12.836545008172,-0.850009209616,8.));
#4934 = VECTOR('',#4935,1.);
#4935 = DIRECTION('',(0.900215587309,0.435444481382,0.));
#4936 = ORIENTED_EDGE('',*,*,#4937,.T.);
#4937 = EDGE_CURVE('',#4930,#4938,#4940,.T.);
#4938 = VERTEX_POINT('',#4939);
#4939 = CARTESIAN_POINT('',(13.164487483828,-0.68560619399,8.));
#4940 = LINE('',#4941,#4942);
#4941 = CARTESIAN_POINT('',(13.000673580415,-0.770618359216,8.));
#4942 = VECTOR('',#4943,1.);
#4943 = DIRECTION('',(0.887595892574,0.460622981935,0.));
#4944 = ORIENTED_EDGE('',*,*,#4945,.T.);
#4945 = EDGE_CURVE('',#4938,#4946,#4948,.T.);
#4946 = VERTEX_POINT('',#4947);
#4947 = CARTESIAN_POINT('',(13.327885729112,-0.595085279735,8.));
#4948 = LINE('',#4949,#4950);
#4949 = CARTESIAN_POINT('',(13.164487483828,-0.68560619399,8.));
#4950 = VECTOR('',#4951,1.);
#4951 = DIRECTION('',(0.874738201192,0.48459578968,0.));
#4952 = ORIENTED_EDGE('',*,*,#4953,.T.);
#4953 = EDGE_CURVE('',#4946,#4954,#4956,.T.);
#4954 = VERTEX_POINT('',#4955);
#4955 = CARTESIAN_POINT('',(13.49076893553,-0.49915281042,8.));
#4956 = LINE('',#4957,#4958);
#4957 = CARTESIAN_POINT('',(13.327885729112,-0.595085279735,8.));
#4958 = VECTOR('',#4959,1.);
#4959 = DIRECTION('',(0.861659398796,0.507487024925,0.));
#4960 = ORIENTED_EDGE('',*,*,#4961,.T.);
#4961 = EDGE_CURVE('',#4954,#4962,#4964,.T.);
#4962 = VERTEX_POINT('',#4963);
#4963 = CARTESIAN_POINT('',(13.49897422225,-0.166417988932,8.));
#4964 = LINE('',#4965,#4966);
#4965 = CARTESIAN_POINT('',(13.49076893553,-0.49915281042,8.));
#4966 = VECTOR('',#4967,1.);
#4967 = DIRECTION('',(2.465264354143E-02,0.999696077399,0.));
#4968 = ORIENTED_EDGE('',*,*,#4969,.T.);
#4969 = EDGE_CURVE('',#4962,#4970,#4972,.T.);
#4970 = VERTEX_POINT('',#4971);
#4971 = CARTESIAN_POINT('',(13.49897422225,0.166417988932,8.));
#4972 = LINE('',#4973,#4974);
#4973 = CARTESIAN_POINT('',(13.49897422225,-0.166417988932,8.));
#4974 = VECTOR('',#4975,1.);
#4975 = DIRECTION('',(0.,1.,0.));
#4976 = ORIENTED_EDGE('',*,*,#4977,.T.);
#4977 = EDGE_CURVE('',#4970,#4978,#4980,.T.);
#4978 = VERTEX_POINT('',#4979);
#4979 = CARTESIAN_POINT('',(13.49076893553,0.49915281042,8.));
#4980 = LINE('',#4981,#4982);
#4981 = CARTESIAN_POINT('',(13.49897422225,0.166417988932,8.));
#4982 = VECTOR('',#4983,1.);
#4983 = DIRECTION('',(-2.465264354143E-02,0.999696077399,0.));
#4984 = ORIENTED_EDGE('',*,*,#4985,.T.);
#4985 = EDGE_CURVE('',#4978,#4986,#4988,.T.);
#4986 = VERTEX_POINT('',#4987);
#4987 = CARTESIAN_POINT('',(13.327885729112,0.595085279735,8.));
#4988 = LINE('',#4989,#4990);
#4989 = CARTESIAN_POINT('',(13.49076893553,0.49915281042,8.));
#4990 = VECTOR('',#4991,1.);
#4991 = DIRECTION('',(-0.861659398796,0.507487024925,0.));
#4992 = ORIENTED_EDGE('',*,*,#4993,.T.);
#4993 = EDGE_CURVE('',#4986,#4994,#4996,.T.);
#4994 = VERTEX_POINT('',#4995);
#4995 = CARTESIAN_POINT('',(13.164487483828,0.68560619399,8.));
#4996 = LINE('',#4997,#4998);
#4997 = CARTESIAN_POINT('',(13.327885729112,0.595085279735,8.));
#4998 = VECTOR('',#4999,1.);
#4999 = DIRECTION('',(-0.874738201192,0.48459578968,0.));
#5000 = ORIENTED_EDGE('',*,*,#5001,.T.);
#5001 = EDGE_CURVE('',#4994,#5002,#5004,.T.);
#5002 = VERTEX_POINT('',#5003);
#5003 = CARTESIAN_POINT('',(13.000673580415,0.770618359216,8.));
#5004 = LINE('',#5005,#5006);
#5005 = CARTESIAN_POINT('',(13.164487483828,0.68560619399,8.));
#5006 = VECTOR('',#5007,1.);
#5007 = DIRECTION('',(-0.887595892574,0.460622981935,0.));
#5008 = ORIENTED_EDGE('',*,*,#5009,.T.);
#5009 = EDGE_CURVE('',#5002,#5010,#5012,.T.);
#5010 = VERTEX_POINT('',#5011);
#5011 = CARTESIAN_POINT('',(12.836545008172,0.850009209616,8.));
#5012 = LINE('',#5013,#5014);
#5013 = CARTESIAN_POINT('',(13.000673580415,0.770618359216,8.));
#5014 = VECTOR('',#5015,1.);
#5015 = DIRECTION('',(-0.900215587309,0.435444481382,0.));
#5016 = ORIENTED_EDGE('',*,*,#5017,.T.);
#5017 = EDGE_CURVE('',#5010,#5018,#5020,.T.);
#5018 = VERTEX_POINT('',#5019);
#5019 = CARTESIAN_POINT('',(12.672204845778,0.923646318345,8.));
#5020 = LINE('',#5021,#5022);
#5021 = CARTESIAN_POINT('',(12.836545008172,0.850009209616,8.));
#5022 = VECTOR('',#5023,1.);
#5023 = DIRECTION('',(-0.912576923398,0.408905073191,0.));
#5024 = ORIENTED_EDGE('',*,*,#5025,.T.);
#5025 = EDGE_CURVE('',#5018,#5026,#5028,.T.);
#5026 = VERTEX_POINT('',#5027);
#5027 = CARTESIAN_POINT('',(12.507758943115,0.991371139094,8.));
#5028 = LINE('',#5029,#5030);
#5029 = CARTESIAN_POINT('',(12.672204845778,0.923646318345,8.));
#5030 = VECTOR('',#5031,1.);
#5031 = DIRECTION('',(-0.924654732981,0.380806545079,0.));
#5032 = ORIENTED_EDGE('',*,*,#5033,.T.);
#5033 = EDGE_CURVE('',#5026,#5034,#5036,.T.);
#5034 = VERTEX_POINT('',#5035);
#5035 = CARTESIAN_POINT('',(12.343316917213,1.052989982741,8.));
#5036 = LINE('',#5037,#5038);
#5037 = CARTESIAN_POINT('',(12.507758943115,0.991371139094,8.));
#5038 = VECTOR('',#5039,1.);
#5039 = DIRECTION('',(-0.936416983035,0.35088920457,0.));
#5040 = ORIENTED_EDGE('',*,*,#5041,.T.);
#5041 = EDGE_CURVE('',#5034,#5042,#5044,.T.);
#5042 = VERTEX_POINT('',#5043);
#5043 = CARTESIAN_POINT('',(12.178993663862,1.108260454223,8.));
#5044 = LINE('',#5045,#5046);
#5045 = CARTESIAN_POINT('',(12.343316917213,1.052989982741,8.));
#5046 = VECTOR('',#5047,1.);
#5047 = DIRECTION('',(-0.947821427294,0.318801728293,0.));
#5048 = ORIENTED_EDGE('',*,*,#5049,.T.);
#5049 = EDGE_CURVE('',#5042,#5050,#5052,.T.);
#5050 = VERTEX_POINT('',#5051);
#5051 = CARTESIAN_POINT('',(12.014911770345,1.156869955583,8.));
#5052 = LINE('',#5053,#5054);
#5053 = CARTESIAN_POINT('',(12.178993663862,1.108260454223,8.));
#5054 = VECTOR('',#5055,1.);
#5055 = DIRECTION('',(-0.958809820167,0.284048814031,0.));
#5056 = ORIENTED_EDGE('',*,*,#5057,.T.);
#5057 = EDGE_CURVE('',#5050,#5058,#5060,.T.);
#5058 = VERTEX_POINT('',#5059);
#5059 = CARTESIAN_POINT('',(11.851205636944,1.19839914344,8.));
#5060 = LINE('',#5061,#5062);
#5061 = CARTESIAN_POINT('',(12.014911770345,1.156869955583,8.));
#5062 = VECTOR('',#5063,1.);
#5063 = DIRECTION('',(-0.96929708909,0.245892564105,0.));
#5064 = ORIENTED_EDGE('',*,*,#5065,.T.);
#5065 = EDGE_CURVE('',#5058,#5066,#5068,.T.);
#5066 = VERTEX_POINT('',#5067);
#5067 = CARTESIAN_POINT('',(11.688029224477,1.232253458089,8.));
#5068 = LINE('',#5069,#5070);
#5069 = CARTESIAN_POINT('',(11.851205636944,1.19839914344,8.));
#5070 = VECTOR('',#5071,1.);
#5071 = DIRECTION('',(-0.979148745014,0.203144616314,0.));
#5072 = ORIENTED_EDGE('',*,*,#5073,.T.);
#5073 = EDGE_CURVE('',#5066,#5074,#5076,.T.);
#5074 = VERTEX_POINT('',#5075);
#5075 = CARTESIAN_POINT('',(11.525572897424,1.25751456162,8.));
#5076 = LINE('',#5077,#5078);
#5077 = CARTESIAN_POINT('',(11.688029224477,1.232253458089,8.));
#5078 = VECTOR('',#5079,1.);
#5079 = DIRECTION('',(-0.988125594969,0.15364832758,0.));
#5080 = ORIENTED_EDGE('',*,*,#5081,.T.);
#5081 = EDGE_CURVE('',#5074,#5082,#5084,.T.);
#5082 = VERTEX_POINT('',#5083);
#5083 = CARTESIAN_POINT('',(11.364110672478,1.272524038201,8.));
#5084 = LINE('',#5085,#5086);
#5085 = CARTESIAN_POINT('',(11.525572897424,1.25751456162,8.));
#5086 = VECTOR('',#5087,1.);
#5087 = DIRECTION('',(-0.995707052239,9.256060782807E-02,0.));
#5088 = ORIENTED_EDGE('',*,*,#5089,.T.);
#5089 = EDGE_CURVE('',#5082,#5090,#5092,.T.);
#5090 = VERTEX_POINT('',#5091);
#5091 = CARTESIAN_POINT('',(11.204282356452,1.272398745244,8.));
#5092 = LINE('',#5093,#5094);
#5093 = CARTESIAN_POINT('',(11.364110672478,1.272524038201,8.));
#5094 = VECTOR('',#5095,1.);
#5095 = DIRECTION('',(-0.999999692733,-7.839219114714E-04,0.));
#5096 = ORIENTED_EDGE('',*,*,#5097,.T.);
#5097 = EDGE_CURVE('',#5090,#5098,#5100,.T.);
#5098 = VERTEX_POINT('',#5099);
#5099 = CARTESIAN_POINT('',(10.060335292523,1.14248798769,8.));
#5100 = LINE('',#5101,#5102);
#5101 = CARTESIAN_POINT('',(11.204282356452,1.272398745244,8.));
#5102 = VECTOR('',#5103,1.);
#5103 = DIRECTION('',(-0.993613362224,-0.112838319772,0.));
#5104 = ORIENTED_EDGE('',*,*,#5105,.T.);
#5105 = EDGE_CURVE('',#5098,#5106,#5108,.T.);
#5106 = VERTEX_POINT('',#5107);
#5107 = CARTESIAN_POINT('',(10.004062843834,1.560240884163,8.));
#5108 = LINE('',#5109,#5110);
#5109 = CARTESIAN_POINT('',(10.060335292523,1.14248798769,8.));
#5110 = VECTOR('',#5111,1.);
#5111 = DIRECTION('',(-0.133497018349,0.991049214768,0.));
#5112 = ORIENTED_EDGE('',*,*,#5113,.T.);
#5113 = EDGE_CURVE('',#5106,#5114,#5116,.T.);
#5114 = VERTEX_POINT('',#5115);
#5115 = CARTESIAN_POINT('',(9.930450964083,1.975289510413,8.));
#5116 = LINE('',#5117,#5118);
#5117 = CARTESIAN_POINT('',(10.004062843834,1.560240884163,8.));
#5118 = VECTOR('',#5119,1.);
#5119 = DIRECTION('',(-0.174631932517,0.984633783772,0.));
#5120 = ORIENTED_EDGE('',*,*,#5121,.T.);
#5121 = EDGE_CURVE('',#5114,#5122,#5124,.T.);
#5122 = VERTEX_POINT('',#5123);
#5123 = CARTESIAN_POINT('',(9.839627240243,2.386914488009,8.));
#5124 = LINE('',#5125,#5126);
#5125 = CARTESIAN_POINT('',(9.930450964083,1.975289510413,8.));
#5126 = VECTOR('',#5127,1.);
#5127 = DIRECTION('',(-0.215464167822,0.976511747182,0.));
#5128 = ORIENTED_EDGE('',*,*,#5129,.T.);
#5129 = EDGE_CURVE('',#5122,#5130,#5132,.T.);
#5130 = VERTEX_POINT('',#5131);
#5131 = CARTESIAN_POINT('',(9.731749091528,2.794402372519,8.));
#5132 = LINE('',#5133,#5134);
#5133 = CARTESIAN_POINT('',(9.839627240243,2.386914488009,8.));
#5134 = VECTOR('',#5135,1.);
#5135 = DIRECTION('',(-0.255922952246,0.966697182428,0.));
#5136 = ORIENTED_EDGE('',*,*,#5137,.T.);
#5137 = EDGE_CURVE('',#5130,#5138,#5140,.T.);
#5138 = VERTEX_POINT('',#5139);
#5139 = CARTESIAN_POINT('',(10.83833306477,3.112150071431,8.));
#5140 = LINE('',#5141,#5142);
#5141 = CARTESIAN_POINT('',(9.731749091528,2.794402372519,8.));
#5142 = VECTOR('',#5143,1.);
#5143 = DIRECTION('',(0.961160404102,0.27599035778,0.));
#5144 = ORIENTED_EDGE('',*,*,#5145,.T.);
#5145 = EDGE_CURVE('',#5138,#5146,#5148,.T.);
#5146 = VERTEX_POINT('',#5147);
#5147 = CARTESIAN_POINT('',(10.986043122202,3.173197964398,8.));
#5148 = LINE('',#5149,#5150);
#5149 = CARTESIAN_POINT('',(10.83833306477,3.112150071431,8.));
#5150 = VECTOR('',#5151,1.);
#5151 = DIRECTION('',(0.924179242562,0.38195906537,0.));
#5152 = ORIENTED_EDGE('',*,*,#5153,.T.);
#5153 = EDGE_CURVE('',#5146,#5154,#5156,.T.);
#5154 = VERTEX_POINT('',#5155);
#5155 = CARTESIAN_POINT('',(11.129470889087,3.248853831045,8.));
#5156 = LINE('',#5157,#5158);
#5157 = CARTESIAN_POINT('',(10.986043122202,3.173197964398,8.));
#5158 = VECTOR('',#5159,1.);
#5159 = DIRECTION('',(0.884491954835,0.46655544347,0.));
#5160 = ORIENTED_EDGE('',*,*,#5161,.T.);
#5161 = EDGE_CURVE('',#5154,#5162,#5164,.T.);
#5162 = VERTEX_POINT('',#5163);
#5163 = CARTESIAN_POINT('',(11.269893958773,3.334361392412,8.));
#5164 = LINE('',#5165,#5166);
#5165 = CARTESIAN_POINT('',(11.129470889087,3.248853831045,8.));
#5166 = VECTOR('',#5167,1.);
#5167 = DIRECTION('',(0.854110343367,0.520091839346,0.));
#5168 = ORIENTED_EDGE('',*,*,#5169,.T.);
#5169 = EDGE_CURVE('',#5162,#5170,#5172,.T.);
#5170 = VERTEX_POINT('',#5171);
#5171 = CARTESIAN_POINT('',(11.40769382111,3.428083610407,8.));
#5172 = LINE('',#5173,#5174);
#5173 = CARTESIAN_POINT('',(11.269893958773,3.334361392412,8.));
#5174 = VECTOR('',#5175,1.);
#5175 = DIRECTION('',(0.826875405765,0.56238515569,0.));
#5176 = ORIENTED_EDGE('',*,*,#5177,.T.);
#5177 = EDGE_CURVE('',#5170,#5178,#5180,.T.);
#5178 = VERTEX_POINT('',#5179);
#5179 = CARTESIAN_POINT('',(11.543046034954,3.529099202099,8.));
#5180 = LINE('',#5181,#5182);
#5181 = CARTESIAN_POINT('',(11.40769382111,3.428083610407,8.));
#5182 = VECTOR('',#5183,1.);
#5183 = DIRECTION('',(0.801414731108,0.598109044208,0.));
#5184 = ORIENTED_EDGE('',*,*,#5185,.T.);
#5185 = EDGE_CURVE('',#5178,#5186,#5188,.T.);
#5186 = VERTEX_POINT('',#5187);
#5187 = CARTESIAN_POINT('',(11.676035887203,3.636799947691,8.));
#5188 = LINE('',#5189,#5190);
#5189 = CARTESIAN_POINT('',(11.543046034954,3.529099202099,8.));
#5190 = VECTOR('',#5191,1.);
#5191 = DIRECTION('',(0.77712399331,0.629347518484,0.));
#5192 = ORIENTED_EDGE('',*,*,#5193,.T.);
#5193 = EDGE_CURVE('',#5186,#5194,#5196,.T.);
#5194 = VERTEX_POINT('',#5195);
#5195 = CARTESIAN_POINT('',(11.806699683955,3.750746991655,8.));
#5196 = LINE('',#5197,#5198);
#5197 = CARTESIAN_POINT('',(11.676035887203,3.636799947691,8.));
#5198 = VECTOR('',#5199,1.);
#5199 = DIRECTION('',(0.753672677526,0.657249948765,0.));
#5200 = ORIENTED_EDGE('',*,*,#5201,.T.);
#5201 = EDGE_CURVE('',#5194,#5202,#5204,.T.);
#5202 = VERTEX_POINT('',#5203);
#5203 = CARTESIAN_POINT('',(11.935043795385,3.870604619015,8.));
#5204 = LINE('',#5205,#5206);
#5205 = CARTESIAN_POINT('',(11.806699683955,3.750746991655,8.));
#5206 = VECTOR('',#5207,1.);
#5207 = DIRECTION('',(0.730856999337,0.682530619474,0.));
#5208 = ORIENTED_EDGE('',*,*,#5209,.T.);
#5209 = EDGE_CURVE('',#5202,#5210,#5212,.T.);
#5210 = VERTEX_POINT('',#5211);
#5211 = CARTESIAN_POINT('',(12.0610548322,3.996104917217,8.));
#5212 = LINE('',#5213,#5214);
#5213 = CARTESIAN_POINT('',(11.935043795385,3.870604619015,8.));
#5214 = VECTOR('',#5215,1.);
#5215 = DIRECTION('',(0.708541226703,0.705669419815,0.));
#5216 = ORIENTED_EDGE('',*,*,#5217,.T.);
#5217 = EDGE_CURVE('',#5210,#5218,#5220,.T.);
#5218 = VERTEX_POINT('',#5219);
#5219 = CARTESIAN_POINT('',(12.184705643088,4.127026992226,8.));
#5220 = LINE('',#5221,#5222);
#5221 = CARTESIAN_POINT('',(12.0610548322,3.996104917217,8.));
#5222 = VECTOR('',#5223,1.);
#5223 = DIRECTION('',(0.68662994445,0.727007097204,0.));
#5224 = ORIENTED_EDGE('',*,*,#5225,.T.);
#5225 = EDGE_CURVE('',#5218,#5226,#5228,.T.);
#5226 = VERTEX_POINT('',#5227);
#5227 = CARTESIAN_POINT('',(12.305959108553,4.263183859355,8.));
#5228 = LINE('',#5229,#5230);
#5229 = CARTESIAN_POINT('',(12.184705643088,4.127026992226,8.));
#5230 = VECTOR('',#5231,1.);
#5231 = DIRECTION('',(0.665053367223,0.746795834713,0.));
#5232 = ORIENTED_EDGE('',*,*,#5233,.T.);
#5233 = EDGE_CURVE('',#5226,#5234,#5236,.T.);
#5234 = VERTEX_POINT('',#5235);
#5235 = CARTESIAN_POINT('',(12.424770673877,4.404413725648,8.));
#5236 = LINE('',#5237,#5238);
#5237 = CARTESIAN_POINT('',(12.305959108553,4.263183859355,8.));
#5238 = VECTOR('',#5239,1.);
#5239 = DIRECTION('',(0.643758894537,0.765228387937,0.));
#5240 = ORIENTED_EDGE('',*,*,#5241,.T.);
#5241 = EDGE_CURVE('',#5234,#5242,#5244,.T.);
#5242 = VERTEX_POINT('',#5243);
#5243 = CARTESIAN_POINT('',(12.541090114175,4.55057394694,8.));
#5244 = LINE('',#5245,#5246);
#5245 = CARTESIAN_POINT('',(12.424770673877,4.404413725648,8.));
#5246 = VECTOR('',#5247,1.);
#5247 = DIRECTION('',(0.622705940282,0.78245594888,0.));
#5248 = ORIENTED_EDGE('',*,*,#5249,.T.);
#5249 = EDGE_CURVE('',#5242,#5250,#5252,.T.);
#5250 = VERTEX_POINT('',#5251);
#5251 = CARTESIAN_POINT('',(12.654862808141,4.70153669635,8.));
#5252 = LINE('',#5253,#5254);
#5253 = CARTESIAN_POINT('',(12.541090114175,4.55057394694,8.));
#5254 = VECTOR('',#5255,1.);
#5255 = DIRECTION('',(0.601862605964,0.798599651604,0.));
#5256 = ORIENTED_EDGE('',*,*,#5257,.T.);
#5257 = EDGE_CURVE('',#5250,#5258,#5260,.T.);
#5258 = VERTEX_POINT('',#5259);
#5259 = CARTESIAN_POINT('',(12.535111401046,5.012083614962,8.));
#5260 = LINE('',#5261,#5262);
#5261 = CARTESIAN_POINT('',(12.654862808141,4.70153669635,8.));
#5262 = VECTOR('',#5263,1.);
#5263 = DIRECTION('',(-0.359791053431,0.933032902888,0.));
#5264 = ORIENTED_EDGE('',*,*,#5265,.T.);
#5265 = EDGE_CURVE('',#5258,#5266,#5268,.T.);
#5266 = VERTEX_POINT('',#5267);
#5267 = CARTESIAN_POINT('',(12.407740586622,5.319583962594,8.));
#5268 = LINE('',#5269,#5270);
#5269 = CARTESIAN_POINT('',(12.535111401046,5.012083614962,8.));
#5270 = VECTOR('',#5271,1.);
#5271 = DIRECTION('',(-0.382683432365,0.923879532511,0.));
#5272 = ORIENTED_EDGE('',*,*,#5273,.T.);
#5273 = EDGE_CURVE('',#5266,#5274,#5276,.T.);
#5274 = VERTEX_POINT('',#5275);
#5275 = CARTESIAN_POINT('',(12.272827786609,5.623850826635,8.));
#5276 = LINE('',#5277,#5278);
#5277 = CARTESIAN_POINT('',(12.407740586622,5.319583962594,8.));
#5278 = VECTOR('',#5279,1.);
#5279 = DIRECTION('',(-0.405343199011,0.914164586393,0.));
#5280 = ORIENTED_EDGE('',*,*,#5281,.T.);
#5281 = EDGE_CURVE('',#5274,#5282,#5284,.T.);
#5282 = VERTEX_POINT('',#5283);
#5283 = CARTESIAN_POINT('',(12.085631559377,5.650148167032,8.));
#5284 = LINE('',#5285,#5286);
#5285 = CARTESIAN_POINT('',(12.272827786609,5.623850826635,8.));
#5286 = VECTOR('',#5287,1.);
#5287 = DIRECTION('',(-0.990276359122,0.139114099083,0.));
#5288 = ORIENTED_EDGE('',*,*,#5289,.T.);
#5289 = EDGE_CURVE('',#5282,#5290,#5292,.T.);
#5290 = VERTEX_POINT('',#5291);
#5291 = CARTESIAN_POINT('',(11.900030410743,5.671248785629,8.));
#5292 = LINE('',#5293,#5294);
#5293 = CARTESIAN_POINT('',(12.085631559377,5.650148167032,8.));
#5294 = VECTOR('',#5295,1.);
#5295 = DIRECTION('',(-0.993599500491,0.112960314374,0.));
#5296 = ORIENTED_EDGE('',*,*,#5297,.T.);
#5297 = EDGE_CURVE('',#5290,#5298,#5300,.T.);
#5298 = VERTEX_POINT('',#5299);
#5299 = CARTESIAN_POINT('',(11.716153351057,5.687100918268,8.));
#5300 = LINE('',#5301,#5302);
#5301 = CARTESIAN_POINT('',(11.900030410743,5.671248785629,8.));
#5302 = VECTOR('',#5303,1.);
#5303 = DIRECTION('',(-0.996304462043,8.589190249035E-02,0.));
#5304 = ORIENTED_EDGE('',*,*,#5305,.T.);
#5305 = EDGE_CURVE('',#5298,#5306,#5308,.T.);
#5306 = VERTEX_POINT('',#5307);
#5307 = CARTESIAN_POINT('',(11.534136759333,5.697639214646,8.));
#5308 = LINE('',#5309,#5310);
#5309 = CARTESIAN_POINT('',(11.716153351057,5.687100918268,8.));
#5310 = VECTOR('',#5311,1.);
#5311 = DIRECTION('',(-0.998328144702,5.780065307349E-02,0.));
#5312 = ORIENTED_EDGE('',*,*,#5313,.T.);
#5313 = EDGE_CURVE('',#5306,#5314,#5316,.T.);
#5314 = VERTEX_POINT('',#5315);
#5315 = CARTESIAN_POINT('',(11.354126545409,5.702780774814,8.));
#5316 = LINE('',#5317,#5318);
#5317 = CARTESIAN_POINT('',(11.534136759333,5.697639214646,8.));
#5318 = VECTOR('',#5319,1.);
#5319 = DIRECTION('',(-0.99959233829,2.855095851752E-02,0.));
#5320 = ORIENTED_EDGE('',*,*,#5321,.T.);
#5321 = EDGE_CURVE('',#5314,#5322,#5324,.T.);
#5322 = VERTEX_POINT('',#5323);
#5323 = CARTESIAN_POINT('',(11.176281174872,5.702419628077,8.));
#5324 = LINE('',#5325,#5326);
#5325 = CARTESIAN_POINT('',(11.354126545409,5.702780774814,8.));
#5326 = VECTOR('',#5327,1.);
#5327 = DIRECTION('',(-0.999997938179,-2.030674124855E-03,0.));
#5328 = ORIENTED_EDGE('',*,*,#5329,.T.);
#5329 = EDGE_CURVE('',#5322,#5330,#5332,.T.);
#5330 = VERTEX_POINT('',#5331);
#5331 = CARTESIAN_POINT('',(11.000776042271,5.696418777643,8.));
#5332 = LINE('',#5333,#5334);
#5333 = CARTESIAN_POINT('',(11.176281174872,5.702419628077,8.));
#5334 = VECTOR('',#5335,1.);
#5335 = DIRECTION('',(-0.999415969707,-3.417191091091E-02,0.));
#5336 = ORIENTED_EDGE('',*,*,#5337,.T.);
#5337 = EDGE_CURVE('',#5330,#5338,#5340,.T.);
#5338 = VERTEX_POINT('',#5339);
#5339 = CARTESIAN_POINT('',(10.82781005805,5.684598248388,8.));
#5340 = LINE('',#5341,#5342);
#5341 = CARTESIAN_POINT('',(11.000776042271,5.696418777643,8.));
#5342 = VECTOR('',#5343,1.);
#5343 = DIRECTION('',(-0.99767295678,-6.818116536717E-02,0.));
#5344 = ORIENTED_EDGE('',*,*,#5345,.T.);
#5345 = EDGE_CURVE('',#5338,#5346,#5348,.T.);
#5346 = VERTEX_POINT('',#5347);
#5347 = CARTESIAN_POINT('',(10.657616104149,5.66671614958,8.));
#5348 = LINE('',#5349,#5350);
#5349 = CARTESIAN_POINT('',(10.82781005805,5.684598248388,8.));
#5350 = VECTOR('',#5351,1.);
#5351 = DIRECTION('',(-0.994525543535,-0.10449374745,0.));
#5352 = ORIENTED_EDGE('',*,*,#5353,.T.);
#5353 = EDGE_CURVE('',#5346,#5354,#5356,.T.);
#5354 = VERTEX_POINT('',#5355);
#5355 = CARTESIAN_POINT('',(10.490478826,5.642436491213,8.));
#5356 = LINE('',#5357,#5358);
#5357 = CARTESIAN_POINT('',(10.657616104149,5.66671614958,8.));
#5358 = VECTOR('',#5359,1.);
#5359 = DIRECTION('',(-0.989612751958,-0.143758829861,0.));
#5360 = ORIENTED_EDGE('',*,*,#5361,.T.);
#5361 = EDGE_CURVE('',#5354,#5362,#5364,.T.);
#5362 = VERTEX_POINT('',#5363);
#5363 = CARTESIAN_POINT('',(10.326767993003,5.611268890001,8.));
#5364 = LINE('',#5365,#5366);
#5365 = CARTESIAN_POINT('',(10.490478826,5.642436491213,8.));
#5366 = VECTOR('',#5367,1.);
#5367 = DIRECTION('',(-0.98235556384,-0.187022849386,0.));
#5368 = ORIENTED_EDGE('',*,*,#5369,.T.);
#5369 = EDGE_CURVE('',#5362,#5370,#5372,.T.);
#5370 = VERTEX_POINT('',#5371);
#5371 = CARTESIAN_POINT('',(10.167010911707,5.572437761676,8.));
#5372 = LINE('',#5373,#5374);
#5373 = CARTESIAN_POINT('',(10.326767993003,5.611268890001,8.));
#5374 = VECTOR('',#5375,1.);
#5375 = DIRECTION('',(-0.971707682117,-0.236186749235,0.));
#5376 = ORIENTED_EDGE('',*,*,#5377,.T.);
#5377 = EDGE_CURVE('',#5370,#5378,#5380,.T.);
#5378 = VERTEX_POINT('',#5379);
#5379 = CARTESIAN_POINT('',(10.01209538879,5.524515791444,8.));
#5380 = LINE('',#5381,#5382);
#5381 = CARTESIAN_POINT('',(10.167010911707,5.572437761676,8.));
#5382 = VECTOR('',#5383,1.);
#5383 = DIRECTION('',(-0.955334777046,-0.295525741292,0.));
#5384 = ORIENTED_EDGE('',*,*,#5385,.T.);
#5385 = EDGE_CURVE('',#5378,#5386,#5388,.T.);
#5386 = VERTEX_POINT('',#5387);
#5387 = CARTESIAN_POINT('',(9.864481226436,5.463236387278,8.));
#5388 = LINE('',#5389,#5390);
#5389 = CARTESIAN_POINT('',(10.01209538879,5.524515791444,8.));
#5390 = VECTOR('',#5391,1.);
#5391 = DIRECTION('',(-0.923579254706,-0.383407564188,0.));
#5392 = ORIENTED_EDGE('',*,*,#5393,.T.);
#5393 = EDGE_CURVE('',#5386,#5394,#5396,.T.);
#5394 = VERTEX_POINT('',#5395);
#5395 = CARTESIAN_POINT('',(8.857326642398,4.905444908454,8.));
#5396 = LINE('',#5397,#5398);
#5397 = CARTESIAN_POINT('',(9.864481226436,5.463236387278,8.));
#5398 = VECTOR('',#5399,1.);
#5399 = DIRECTION('',(-0.874797693076,-0.48448838602,0.));
#5400 = ORIENTED_EDGE('',*,*,#5401,.T.);
#5401 = EDGE_CURVE('',#5394,#5402,#5404,.T.);
#5402 = VERTEX_POINT('',#5403);
#5403 = CARTESIAN_POINT('',(8.645470566507,5.26986372534,8.));
#5404 = LINE('',#5405,#5406);
#5405 = CARTESIAN_POINT('',(8.857326642398,4.905444908454,8.));
#5406 = VECTOR('',#5407,1.);
#5407 = DIRECTION('',(-0.502593278054,0.864522988043,0.));
#5408 = ORIENTED_EDGE('',*,*,#5409,.T.);
#5409 = EDGE_CURVE('',#5402,#5410,#5412,.T.);
#5410 = VERTEX_POINT('',#5411);
#5411 = CARTESIAN_POINT('',(8.418629824563,5.625148609323,8.));
#5412 = LINE('',#5413,#5414);
#5413 = CARTESIAN_POINT('',(8.645470566507,5.26986372534,8.));
#5414 = VECTOR('',#5415,1.);
#5415 = DIRECTION('',(-0.538141904171,0.84285425251,0.));
#5416 = ORIENTED_EDGE('',*,*,#5417,.T.);
#5417 = EDGE_CURVE('',#5410,#5418,#5420,.T.);
#5418 = VERTEX_POINT('',#5419);
#5419 = CARTESIAN_POINT('',(8.177197585768,5.970683766815,8.));
#5420 = LINE('',#5421,#5422);
#5421 = CARTESIAN_POINT('',(8.418629824563,5.625148609323,8.));
#5422 = VECTOR('',#5423,1.);
#5423 = DIRECTION('',(-0.572757801797,0.819724649185,0.));
#5424 = ORIENTED_EDGE('',*,*,#5425,.T.);
#5425 = EDGE_CURVE('',#5418,#5426,#5428,.T.);
#5426 = VERTEX_POINT('',#5427);
#5427 = CARTESIAN_POINT('',(7.921592309873,6.305870302833,8.));
#5428 = LINE('',#5429,#5430);
#5429 = CARTESIAN_POINT('',(8.177197585768,5.970683766815,8.));
#5430 = VECTOR('',#5431,1.);
#5431 = DIRECTION('',(-0.606380973309,0.795174267195,0.));
#5432 = ORIENTED_EDGE('',*,*,#5433,.T.);
#5433 = EDGE_CURVE('',#5426,#5434,#5436,.T.);
#5434 = VERTEX_POINT('',#5435);
#5435 = CARTESIAN_POINT('',(8.822345813711,7.022902251441,8.));
#5436 = LINE('',#5437,#5438);
#5437 = CARTESIAN_POINT('',(7.921592309873,6.305870302833,8.));
#5438 = VECTOR('',#5439,1.);
#5439 = DIRECTION('',(0.782379487395,0.622802005218,0.));
#5440 = ORIENTED_EDGE('',*,*,#5441,.T.);
#5441 = EDGE_CURVE('',#5434,#5442,#5444,.T.);
#5442 = VERTEX_POINT('',#5443);
#5443 = CARTESIAN_POINT('',(8.935450095299,7.135829342029,8.));
#5444 = LINE('',#5445,#5446);
#5445 = CARTESIAN_POINT('',(8.822345813711,7.022902251441,8.));
#5446 = VECTOR('',#5447,1.);
#5447 = DIRECTION('',(0.707660880416,0.706552247417,0.));
#5448 = ORIENTED_EDGE('',*,*,#5449,.T.);
#5449 = EDGE_CURVE('',#5442,#5450,#5452,.T.);
#5450 = VERTEX_POINT('',#5451);
#5451 = CARTESIAN_POINT('',(9.039007826791,7.260613678866,8.));
#5452 = LINE('',#5453,#5454);
#5453 = CARTESIAN_POINT('',(8.935450095299,7.135829342029,8.));
#5454 = VECTOR('',#5455,1.);
#5455 = DIRECTION('',(0.638620975247,0.769521442179,0.));
#5456 = ORIENTED_EDGE('',*,*,#5457,.T.);
#5457 = EDGE_CURVE('',#5450,#5458,#5460,.T.);
#5458 = VERTEX_POINT('',#5459);
#5459 = CARTESIAN_POINT('',(9.136019499689,7.393349946979,8.));
#5460 = LINE('',#5461,#5462);
#5461 = CARTESIAN_POINT('',(9.039007826791,7.260613678866,8.));
#5462 = VECTOR('',#5463,1.);
#5463 = DIRECTION('',(0.590064534517,0.807356083216,0.));
#5464 = ORIENTED_EDGE('',*,*,#5465,.T.);
#5465 = EDGE_CURVE('',#5458,#5466,#5468,.T.);
#5466 = VERTEX_POINT('',#5467);
#5467 = CARTESIAN_POINT('',(9.227464032013,7.532671710225,8.));
#5468 = LINE('',#5469,#5470);
#5469 = CARTESIAN_POINT('',(9.136019499689,7.393349946979,8.));
#5470 = VECTOR('',#5471,1.);
#5471 = DIRECTION('',(0.548717781633,0.836007653147,0.));
#5472 = ORIENTED_EDGE('',*,*,#5473,.T.);
#5473 = EDGE_CURVE('',#5466,#5474,#5476,.T.);
#5474 = VERTEX_POINT('',#5475);
#5475 = CARTESIAN_POINT('',(9.313856178713,7.677794997626,8.));
#5476 = LINE('',#5477,#5478);
#5477 = CARTESIAN_POINT('',(9.227464032013,7.532671710225,8.));
#5478 = VECTOR('',#5479,1.);
#5479 = DIRECTION('',(0.511524245158,0.859268844202,0.));
#5480 = ORIENTED_EDGE('',*,*,#5481,.T.);
#5481 = EDGE_CURVE('',#5474,#5482,#5484,.T.);
#5482 = VERTEX_POINT('',#5483);
#5483 = CARTESIAN_POINT('',(9.395507490247,7.828190525243,8.));
#5484 = LINE('',#5485,#5486);
#5485 = CARTESIAN_POINT('',(9.313856178713,7.677794997626,8.));
#5486 = VECTOR('',#5487,1.);
#5487 = DIRECTION('',(0.477128083119,0.878833768297,0.));
#5488 = ORIENTED_EDGE('',*,*,#5489,.T.);
#5489 = EDGE_CURVE('',#5482,#5490,#5492,.T.);
#5490 = VERTEX_POINT('',#5491);
#5491 = CARTESIAN_POINT('',(9.472619451814,7.983466737178,8.));
#5492 = LINE('',#5493,#5494);
#5493 = CARTESIAN_POINT('',(9.395507490247,7.828190525243,8.));
#5494 = VECTOR('',#5495,1.);
#5495 = DIRECTION('',(0.444784094664,0.895637822523,0.));
#5496 = ORIENTED_EDGE('',*,*,#5497,.T.);
#5497 = EDGE_CURVE('',#5490,#5498,#5500,.T.);
#5498 = VERTEX_POINT('',#5499);
#5499 = CARTESIAN_POINT('',(9.545326421249,8.143315910997,8.));
#5500 = LINE('',#5501,#5502);
#5501 = CARTESIAN_POINT('',(9.472619451814,7.983466737178,8.));
#5502 = VECTOR('',#5503,1.);
#5503 = DIRECTION('',(0.414030662725,0.910262934719,0.));
#5504 = ORIENTED_EDGE('',*,*,#5505,.T.);
#5505 = EDGE_CURVE('',#5498,#5506,#5508,.T.);
#5506 = VERTEX_POINT('',#5507);
#5507 = CARTESIAN_POINT('',(9.613718554154,8.307485403915,8.));
#5508 = LINE('',#5509,#5510);
#5509 = CARTESIAN_POINT('',(9.545326421249,8.143315910997,8.));
#5510 = VECTOR('',#5511,1.);
#5511 = DIRECTION('',(0.384558741602,0.923100522293,0.));
#5512 = ORIENTED_EDGE('',*,*,#5513,.T.);
#5513 = EDGE_CURVE('',#5506,#5514,#5516,.T.);
#5514 = VERTEX_POINT('',#5515);
#5515 = CARTESIAN_POINT('',(9.677855298475,8.475760746095,8.));
#5516 = LINE('',#5517,#5518);
#5517 = CARTESIAN_POINT('',(9.613718554154,8.307485403915,8.));
#5518 = VECTOR('',#5519,1.);
#5519 = DIRECTION('',(0.356149780775,0.934428881004,0.));
#5520 = ORIENTED_EDGE('',*,*,#5521,.T.);
#5521 = EDGE_CURVE('',#5514,#5522,#5524,.T.);
#5522 = VERTEX_POINT('',#5523);
#5523 = CARTESIAN_POINT('',(9.737773916212,8.647954981196,8.));
#5524 = LINE('',#5525,#5526);
#5525 = CARTESIAN_POINT('',(9.677855298475,8.475760746095,8.));
#5526 = VECTOR('',#5527,1.);
#5527 = DIRECTION('',(0.328642800701,0.944454291931,0.));
#5528 = ORIENTED_EDGE('',*,*,#5529,.T.);
#5529 = EDGE_CURVE('',#5522,#5530,#5532,.T.);
#5530 = VERTEX_POINT('',#5531);
#5531 = CARTESIAN_POINT('',(9.793495159654,8.823901581666,8.));
#5532 = LINE('',#5533,#5534);
#5533 = CARTESIAN_POINT('',(9.737773916212,8.647954981196,8.));
#5534 = VECTOR('',#5535,1.);
#5535 = DIRECTION('',(0.301915440496,0.953334708688,0.));
#5536 = ORIENTED_EDGE('',*,*,#5537,.T.);
#5537 = EDGE_CURVE('',#5530,#5538,#5540,.T.);
#5538 = VERTEX_POINT('',#5539);
#5539 = CARTESIAN_POINT('',(9.84502721462,9.003449541249,8.));
#5540 = LINE('',#5541,#5542);
#5541 = CARTESIAN_POINT('',(9.793495159654,8.823901581666,8.));
#5542 = VECTOR('',#5543,1.);
#5543 = DIRECTION('',(0.275872344808,0.961194282843,0.));
#5544 = ORIENTED_EDGE('',*,*,#5545,.T.);
#5545 = EDGE_CURVE('',#5538,#5546,#5548,.T.);
#5546 = VERTEX_POINT('',#5547);
#5547 = CARTESIAN_POINT('',(9.89236853483,9.186459860637,8.));
#5548 = LINE('',#5549,#5550);
#5549 = CARTESIAN_POINT('',(9.84502721462,9.003449541249,8.));
#5550 = VECTOR('',#5551,1.);
#5551 = DIRECTION('',(0.250437687273,0.96813272065,0.));
#5552 = ORIENTED_EDGE('',*,*,#5553,.T.);
#5553 = EDGE_CURVE('',#5546,#5554,#5556,.T.);
#5554 = VERTEX_POINT('',#5555);
#5555 = CARTESIAN_POINT('',(9.6628915001,9.42754092313,8.));
#5556 = LINE('',#5557,#5558);
#5557 = CARTESIAN_POINT('',(9.89236853483,9.186459860637,8.));
#5558 = VECTOR('',#5559,1.);
#5559 = DIRECTION('',(-0.689459824032,0.724323926877,0.));
#5560 = ORIENTED_EDGE('',*,*,#5561,.T.);
#5561 = EDGE_CURVE('',#5554,#5562,#5564,.T.);
#5562 = VERTEX_POINT('',#5563);
#5563 = CARTESIAN_POINT('',(9.42754092313,9.6628915001,8.));
#5564 = LINE('',#5565,#5566);
#5565 = CARTESIAN_POINT('',(9.6628915001,9.42754092313,8.));
#5566 = VECTOR('',#5567,1.);
#5567 = DIRECTION('',(-0.707106781187,0.707106781187,0.));
#5568 = ORIENTED_EDGE('',*,*,#5569,.T.);
#5569 = EDGE_CURVE('',#5562,#5570,#5572,.T.);
#5570 = VERTEX_POINT('',#5571);
#5571 = CARTESIAN_POINT('',(9.186459860637,9.89236853483,8.));
#5572 = LINE('',#5573,#5574);
#5573 = CARTESIAN_POINT('',(9.42754092313,9.6628915001,8.));
#5574 = VECTOR('',#5575,1.);
#5575 = DIRECTION('',(-0.724323926877,0.689459824032,0.));
#5576 = ORIENTED_EDGE('',*,*,#5577,.T.);
#5577 = EDGE_CURVE('',#5570,#5578,#5580,.T.);
#5578 = VERTEX_POINT('',#5579);
#5579 = CARTESIAN_POINT('',(9.003449541249,9.84502721462,8.));
#5580 = LINE('',#5581,#5582);
#5581 = CARTESIAN_POINT('',(9.186459860637,9.89236853483,8.));
#5582 = VECTOR('',#5583,1.);
#5583 = DIRECTION('',(-0.96813272065,-0.250437687273,0.));
#5584 = ORIENTED_EDGE('',*,*,#5585,.T.);
#5585 = EDGE_CURVE('',#5578,#5586,#5588,.T.);
#5586 = VERTEX_POINT('',#5587);
#5587 = CARTESIAN_POINT('',(8.823901581666,9.793495159654,8.));
#5588 = LINE('',#5589,#5590);
#5589 = CARTESIAN_POINT('',(9.003449541249,9.84502721462,8.));
#5590 = VECTOR('',#5591,1.);
#5591 = DIRECTION('',(-0.961194282843,-0.275872344808,0.));
#5592 = ORIENTED_EDGE('',*,*,#5593,.T.);
#5593 = EDGE_CURVE('',#5586,#5594,#5596,.T.);
#5594 = VERTEX_POINT('',#5595);
#5595 = CARTESIAN_POINT('',(8.647954981196,9.737773916212,8.));
#5596 = LINE('',#5597,#5598);
#5597 = CARTESIAN_POINT('',(8.823901581666,9.793495159654,8.));
#5598 = VECTOR('',#5599,1.);
#5599 = DIRECTION('',(-0.953334708688,-0.301915440496,0.));
#5600 = ORIENTED_EDGE('',*,*,#5601,.T.);
#5601 = EDGE_CURVE('',#5594,#5602,#5604,.T.);
#5602 = VERTEX_POINT('',#5603);
#5603 = CARTESIAN_POINT('',(8.475760746095,9.677855298475,8.));
#5604 = LINE('',#5605,#5606);
#5605 = CARTESIAN_POINT('',(8.647954981196,9.737773916212,8.));
#5606 = VECTOR('',#5607,1.);
#5607 = DIRECTION('',(-0.944454291931,-0.328642800701,0.));
#5608 = ORIENTED_EDGE('',*,*,#5609,.T.);
#5609 = EDGE_CURVE('',#5602,#5610,#5612,.T.);
#5610 = VERTEX_POINT('',#5611);
#5611 = CARTESIAN_POINT('',(8.307485403915,9.613718554154,8.));
#5612 = LINE('',#5613,#5614);
#5613 = CARTESIAN_POINT('',(8.475760746095,9.677855298475,8.));
#5614 = VECTOR('',#5615,1.);
#5615 = DIRECTION('',(-0.934428881004,-0.356149780775,0.));
#5616 = ORIENTED_EDGE('',*,*,#5617,.T.);
#5617 = EDGE_CURVE('',#5610,#5618,#5620,.T.);
#5618 = VERTEX_POINT('',#5619);
#5619 = CARTESIAN_POINT('',(8.143315910997,9.545326421249,8.));
#5620 = LINE('',#5621,#5622);
#5621 = CARTESIAN_POINT('',(8.307485403915,9.613718554154,8.));
#5622 = VECTOR('',#5623,1.);
#5623 = DIRECTION('',(-0.923100522293,-0.384558741602,0.));
#5624 = ORIENTED_EDGE('',*,*,#5625,.T.);
#5625 = EDGE_CURVE('',#5618,#5626,#5628,.T.);
#5626 = VERTEX_POINT('',#5627);
#5627 = CARTESIAN_POINT('',(7.983466737178,9.472619451814,8.));
#5628 = LINE('',#5629,#5630);
#5629 = CARTESIAN_POINT('',(8.143315910997,9.545326421249,8.));
#5630 = VECTOR('',#5631,1.);
#5631 = DIRECTION('',(-0.910262934719,-0.414030662725,0.));
#5632 = ORIENTED_EDGE('',*,*,#5633,.T.);
#5633 = EDGE_CURVE('',#5626,#5634,#5636,.T.);
#5634 = VERTEX_POINT('',#5635);
#5635 = CARTESIAN_POINT('',(7.828190525243,9.395507490247,8.));
#5636 = LINE('',#5637,#5638);
#5637 = CARTESIAN_POINT('',(7.983466737178,9.472619451814,8.));
#5638 = VECTOR('',#5639,1.);
#5639 = DIRECTION('',(-0.895637822523,-0.444784094664,0.));
#5640 = ORIENTED_EDGE('',*,*,#5641,.T.);
#5641 = EDGE_CURVE('',#5634,#5642,#5644,.T.);
#5642 = VERTEX_POINT('',#5643);
#5643 = CARTESIAN_POINT('',(7.677794997626,9.313856178713,8.));
#5644 = LINE('',#5645,#5646);
#5645 = CARTESIAN_POINT('',(7.828190525243,9.395507490247,8.));
#5646 = VECTOR('',#5647,1.);
#5647 = DIRECTION('',(-0.878833768297,-0.477128083119,0.));
#5648 = ORIENTED_EDGE('',*,*,#5649,.T.);
#5649 = EDGE_CURVE('',#5642,#5650,#5652,.T.);
#5650 = VERTEX_POINT('',#5651);
#5651 = CARTESIAN_POINT('',(7.532671710225,9.227464032013,8.));
#5652 = LINE('',#5653,#5654);
#5653 = CARTESIAN_POINT('',(7.677794997626,9.313856178713,8.));
#5654 = VECTOR('',#5655,1.);
#5655 = DIRECTION('',(-0.859268844202,-0.511524245158,0.));
#5656 = ORIENTED_EDGE('',*,*,#5657,.T.);
#5657 = EDGE_CURVE('',#5650,#5658,#5660,.T.);
#5658 = VERTEX_POINT('',#5659);
#5659 = CARTESIAN_POINT('',(7.393349946979,9.136019499689,8.));
#5660 = LINE('',#5661,#5662);
#5661 = CARTESIAN_POINT('',(7.532671710225,9.227464032013,8.));
#5662 = VECTOR('',#5663,1.);
#5663 = DIRECTION('',(-0.836007653147,-0.548717781633,0.));
#5664 = ORIENTED_EDGE('',*,*,#5665,.T.);
#5665 = EDGE_CURVE('',#5658,#5666,#5668,.T.);
#5666 = VERTEX_POINT('',#5667);
#5667 = CARTESIAN_POINT('',(7.260613678866,9.039007826791,8.));
#5668 = LINE('',#5669,#5670);
#5669 = CARTESIAN_POINT('',(7.393349946979,9.136019499689,8.));
#5670 = VECTOR('',#5671,1.);
#5671 = DIRECTION('',(-0.807356083216,-0.590064534517,0.));
#5672 = ORIENTED_EDGE('',*,*,#5673,.T.);
#5673 = EDGE_CURVE('',#5666,#5674,#5676,.T.);
#5674 = VERTEX_POINT('',#5675);
#5675 = CARTESIAN_POINT('',(7.135829342029,8.935450095299,8.));
#5676 = LINE('',#5677,#5678);
#5677 = CARTESIAN_POINT('',(7.260613678866,9.039007826791,8.));
#5678 = VECTOR('',#5679,1.);
#5679 = DIRECTION('',(-0.769521442179,-0.638620975248,0.));
#5680 = ORIENTED_EDGE('',*,*,#5681,.T.);
#5681 = EDGE_CURVE('',#5674,#5682,#5684,.T.);
#5682 = VERTEX_POINT('',#5683);
#5683 = CARTESIAN_POINT('',(7.022902251441,8.822345813711,8.));
#5684 = LINE('',#5685,#5686);
#5685 = CARTESIAN_POINT('',(7.135829342029,8.935450095299,8.));
#5686 = VECTOR('',#5687,1.);
#5687 = DIRECTION('',(-0.706552247417,-0.707660880416,0.));
#5688 = ORIENTED_EDGE('',*,*,#5689,.T.);
#5689 = EDGE_CURVE('',#5682,#5690,#5692,.T.);
#5690 = VERTEX_POINT('',#5691);
#5691 = CARTESIAN_POINT('',(6.305870302833,7.921592309873,8.));
#5692 = LINE('',#5693,#5694);
#5693 = CARTESIAN_POINT('',(7.022902251441,8.822345813711,8.));
#5694 = VECTOR('',#5695,1.);
#5695 = DIRECTION('',(-0.622802005218,-0.782379487395,0.));
#5696 = ORIENTED_EDGE('',*,*,#5697,.T.);
#5697 = EDGE_CURVE('',#5690,#5698,#5700,.T.);
#5698 = VERTEX_POINT('',#5699);
#5699 = CARTESIAN_POINT('',(5.970683766815,8.177197585768,8.));
#5700 = LINE('',#5701,#5702);
#5701 = CARTESIAN_POINT('',(6.305870302833,7.921592309873,8.));
#5702 = VECTOR('',#5703,1.);
#5703 = DIRECTION('',(-0.795174267195,0.606380973309,0.));
#5704 = ORIENTED_EDGE('',*,*,#5705,.T.);
#5705 = EDGE_CURVE('',#5698,#5706,#5708,.T.);
#5706 = VERTEX_POINT('',#5707);
#5707 = CARTESIAN_POINT('',(5.625148609323,8.418629824563,8.));
#5708 = LINE('',#5709,#5710);
#5709 = CARTESIAN_POINT('',(5.970683766815,8.177197585768,8.));
#5710 = VECTOR('',#5711,1.);
#5711 = DIRECTION('',(-0.819724649185,0.572757801797,0.));
#5712 = ORIENTED_EDGE('',*,*,#5713,.T.);
#5713 = EDGE_CURVE('',#5706,#5714,#5716,.T.);
#5714 = VERTEX_POINT('',#5715);
#5715 = CARTESIAN_POINT('',(5.26986372534,8.645470566507,8.));
#5716 = LINE('',#5717,#5718);
#5717 = CARTESIAN_POINT('',(5.625148609323,8.418629824563,8.));
#5718 = VECTOR('',#5719,1.);
#5719 = DIRECTION('',(-0.84285425251,0.538141904171,0.));
#5720 = ORIENTED_EDGE('',*,*,#5721,.T.);
#5721 = EDGE_CURVE('',#5714,#5722,#5724,.T.);
#5722 = VERTEX_POINT('',#5723);
#5723 = CARTESIAN_POINT('',(4.905444908454,8.857326642398,8.));
#5724 = LINE('',#5725,#5726);
#5725 = CARTESIAN_POINT('',(5.26986372534,8.645470566507,8.));
#5726 = VECTOR('',#5727,1.);
#5727 = DIRECTION('',(-0.864522988043,0.502593278054,0.));
#5728 = ORIENTED_EDGE('',*,*,#5729,.T.);
#5729 = EDGE_CURVE('',#5722,#5730,#5732,.T.);
#5730 = VERTEX_POINT('',#5731);
#5731 = CARTESIAN_POINT('',(5.463236387278,9.864481226436,8.));
#5732 = LINE('',#5733,#5734);
#5733 = CARTESIAN_POINT('',(4.905444908454,8.857326642398,8.));
#5734 = VECTOR('',#5735,1.);
#5735 = DIRECTION('',(0.48448838602,0.874797693076,0.));
#5736 = ORIENTED_EDGE('',*,*,#5737,.T.);
#5737 = EDGE_CURVE('',#5730,#5738,#5740,.T.);
#5738 = VERTEX_POINT('',#5739);
#5739 = CARTESIAN_POINT('',(5.524515791444,10.01209538879,8.));
#5740 = LINE('',#5741,#5742);
#5741 = CARTESIAN_POINT('',(5.463236387278,9.864481226436,8.));
#5742 = VECTOR('',#5743,1.);
#5743 = DIRECTION('',(0.383407564188,0.923579254706,0.));
#5744 = ORIENTED_EDGE('',*,*,#5745,.T.);
#5745 = EDGE_CURVE('',#5738,#5746,#5748,.T.);
#5746 = VERTEX_POINT('',#5747);
#5747 = CARTESIAN_POINT('',(5.572437761676,10.167010911707,8.));
#5748 = LINE('',#5749,#5750);
#5749 = CARTESIAN_POINT('',(5.524515791444,10.01209538879,8.));
#5750 = VECTOR('',#5751,1.);
#5751 = DIRECTION('',(0.295525741292,0.955334777046,0.));
#5752 = ORIENTED_EDGE('',*,*,#5753,.T.);
#5753 = EDGE_CURVE('',#5746,#5754,#5756,.T.);
#5754 = VERTEX_POINT('',#5755);
#5755 = CARTESIAN_POINT('',(5.611268890001,10.326767993003,8.));
#5756 = LINE('',#5757,#5758);
#5757 = CARTESIAN_POINT('',(5.572437761676,10.167010911707,8.));
#5758 = VECTOR('',#5759,1.);
#5759 = DIRECTION('',(0.236186749235,0.971707682117,0.));
#5760 = ORIENTED_EDGE('',*,*,#5761,.T.);
#5761 = EDGE_CURVE('',#5754,#5762,#5764,.T.);
#5762 = VERTEX_POINT('',#5763);
#5763 = CARTESIAN_POINT('',(5.642436491213,10.490478826,8.));
#5764 = LINE('',#5765,#5766);
#5765 = CARTESIAN_POINT('',(5.611268890001,10.326767993003,8.));
#5766 = VECTOR('',#5767,1.);
#5767 = DIRECTION('',(0.187022849386,0.98235556384,0.));
#5768 = ORIENTED_EDGE('',*,*,#5769,.T.);
#5769 = EDGE_CURVE('',#5762,#5770,#5772,.T.);
#5770 = VERTEX_POINT('',#5771);
#5771 = CARTESIAN_POINT('',(5.66671614958,10.657616104149,8.));
#5772 = LINE('',#5773,#5774);
#5773 = CARTESIAN_POINT('',(5.642436491213,10.490478826,8.));
#5774 = VECTOR('',#5775,1.);
#5775 = DIRECTION('',(0.143758829861,0.989612751958,0.));
#5776 = ORIENTED_EDGE('',*,*,#5777,.T.);
#5777 = EDGE_CURVE('',#5770,#5778,#5780,.T.);
#5778 = VERTEX_POINT('',#5779);
#5779 = CARTESIAN_POINT('',(5.684598248388,10.82781005805,8.));
#5780 = LINE('',#5781,#5782);
#5781 = CARTESIAN_POINT('',(5.66671614958,10.657616104149,8.));
#5782 = VECTOR('',#5783,1.);
#5783 = DIRECTION('',(0.10449374745,0.994525543535,0.));
#5784 = ORIENTED_EDGE('',*,*,#5785,.T.);
#5785 = EDGE_CURVE('',#5778,#5786,#5788,.T.);
#5786 = VERTEX_POINT('',#5787);
#5787 = CARTESIAN_POINT('',(5.696418777643,11.000776042271,8.));
#5788 = LINE('',#5789,#5790);
#5789 = CARTESIAN_POINT('',(5.684598248388,10.82781005805,8.));
#5790 = VECTOR('',#5791,1.);
#5791 = DIRECTION('',(6.818116536717E-02,0.99767295678,0.));
#5792 = ORIENTED_EDGE('',*,*,#5793,.T.);
#5793 = EDGE_CURVE('',#5786,#5794,#5796,.T.);
#5794 = VERTEX_POINT('',#5795);
#5795 = CARTESIAN_POINT('',(5.702419628077,11.176281174872,8.));
#5796 = LINE('',#5797,#5798);
#5797 = CARTESIAN_POINT('',(5.696418777643,11.000776042271,8.));
#5798 = VECTOR('',#5799,1.);
#5799 = DIRECTION('',(3.417191091089E-02,0.999415969707,0.));
#5800 = ORIENTED_EDGE('',*,*,#5801,.T.);
#5801 = EDGE_CURVE('',#5794,#5802,#5804,.T.);
#5802 = VERTEX_POINT('',#5803);
#5803 = CARTESIAN_POINT('',(5.702780774814,11.354126545409,8.));
#5804 = LINE('',#5805,#5806);
#5805 = CARTESIAN_POINT('',(5.702419628077,11.176281174872,8.));
#5806 = VECTOR('',#5807,1.);
#5807 = DIRECTION('',(2.03067412486E-03,0.999997938179,0.));
#5808 = ORIENTED_EDGE('',*,*,#5809,.T.);
#5809 = EDGE_CURVE('',#5802,#5810,#5812,.T.);
#5810 = VERTEX_POINT('',#5811);
#5811 = CARTESIAN_POINT('',(5.697639214646,11.534136759333,8.));
#5812 = LINE('',#5813,#5814);
#5813 = CARTESIAN_POINT('',(5.702780774814,11.354126545409,8.));
#5814 = VECTOR('',#5815,1.);
#5815 = DIRECTION('',(-2.855095851752E-02,0.99959233829,0.));
#5816 = ORIENTED_EDGE('',*,*,#5817,.T.);
#5817 = EDGE_CURVE('',#5810,#5818,#5820,.T.);
#5818 = VERTEX_POINT('',#5819);
#5819 = CARTESIAN_POINT('',(5.687100918268,11.716153351057,8.));
#5820 = LINE('',#5821,#5822);
#5821 = CARTESIAN_POINT('',(5.697639214646,11.534136759333,8.));
#5822 = VECTOR('',#5823,1.);
#5823 = DIRECTION('',(-5.780065307348E-02,0.998328144702,0.));
#5824 = ORIENTED_EDGE('',*,*,#5825,.T.);
#5825 = EDGE_CURVE('',#5818,#5826,#5828,.T.);
#5826 = VERTEX_POINT('',#5827);
#5827 = CARTESIAN_POINT('',(5.671248785629,11.900030410743,8.));
#5828 = LINE('',#5829,#5830);
#5829 = CARTESIAN_POINT('',(5.687100918268,11.716153351057,8.));
#5830 = VECTOR('',#5831,1.);
#5831 = DIRECTION('',(-8.589190249036E-02,0.996304462043,0.));
#5832 = ORIENTED_EDGE('',*,*,#5833,.T.);
#5833 = EDGE_CURVE('',#5826,#5834,#5836,.T.);
#5834 = VERTEX_POINT('',#5835);
#5835 = CARTESIAN_POINT('',(5.650148167032,12.085631559377,8.));
#5836 = LINE('',#5837,#5838);
#5837 = CARTESIAN_POINT('',(5.671248785629,11.900030410743,8.));
#5838 = VECTOR('',#5839,1.);
#5839 = DIRECTION('',(-0.112960314374,0.993599500491,0.));
#5840 = ORIENTED_EDGE('',*,*,#5841,.T.);
#5841 = EDGE_CURVE('',#5834,#5842,#5844,.T.);
#5842 = VERTEX_POINT('',#5843);
#5843 = CARTESIAN_POINT('',(5.623850826635,12.272827786609,8.));
#5844 = LINE('',#5845,#5846);
#5845 = CARTESIAN_POINT('',(5.650148167032,12.085631559377,8.));
#5846 = VECTOR('',#5847,1.);
#5847 = DIRECTION('',(-0.139114099083,0.990276359122,0.));
#5848 = ORIENTED_EDGE('',*,*,#5849,.T.);
#5849 = EDGE_CURVE('',#5842,#5850,#5852,.T.);
#5850 = VERTEX_POINT('',#5851);
#5851 = CARTESIAN_POINT('',(5.319583962594,12.407740586622,8.));
#5852 = LINE('',#5853,#5854);
#5853 = CARTESIAN_POINT('',(5.623850826635,12.272827786609,8.));
#5854 = VECTOR('',#5855,1.);
#5855 = DIRECTION('',(-0.914164586393,0.405343199011,0.));
#5856 = ORIENTED_EDGE('',*,*,#5857,.T.);
#5857 = EDGE_CURVE('',#5850,#5858,#5860,.T.);
#5858 = VERTEX_POINT('',#5859);
#5859 = CARTESIAN_POINT('',(5.012083614962,12.535111401046,8.));
#5860 = LINE('',#5861,#5862);
#5861 = CARTESIAN_POINT('',(5.319583962594,12.407740586622,8.));
#5862 = VECTOR('',#5863,1.);
#5863 = DIRECTION('',(-0.923879532511,0.382683432365,0.));
#5864 = ORIENTED_EDGE('',*,*,#5865,.T.);
#5865 = EDGE_CURVE('',#5858,#5866,#5868,.T.);
#5866 = VERTEX_POINT('',#5867);
#5867 = CARTESIAN_POINT('',(4.70153669635,12.654862808141,8.));
#5868 = LINE('',#5869,#5870);
#5869 = CARTESIAN_POINT('',(5.012083614962,12.535111401046,8.));
#5870 = VECTOR('',#5871,1.);
#5871 = DIRECTION('',(-0.933032902888,0.359791053431,0.));
#5872 = ORIENTED_EDGE('',*,*,#5873,.T.);
#5873 = EDGE_CURVE('',#5866,#5874,#5876,.T.);
#5874 = VERTEX_POINT('',#5875);
#5875 = CARTESIAN_POINT('',(4.55057394694,12.541090114175,8.));
#5876 = LINE('',#5877,#5878);
#5877 = CARTESIAN_POINT('',(4.70153669635,12.654862808141,8.));
#5878 = VECTOR('',#5879,1.);
#5879 = DIRECTION('',(-0.798599651604,-0.601862605964,0.));
#5880 = ORIENTED_EDGE('',*,*,#5881,.T.);
#5881 = EDGE_CURVE('',#5874,#5882,#5884,.T.);
#5882 = VERTEX_POINT('',#5883);
#5883 = CARTESIAN_POINT('',(4.404413725648,12.424770673877,8.));
#5884 = LINE('',#5885,#5886);
#5885 = CARTESIAN_POINT('',(4.55057394694,12.541090114175,8.));
#5886 = VECTOR('',#5887,1.);
#5887 = DIRECTION('',(-0.78245594888,-0.622705940282,0.));
#5888 = ORIENTED_EDGE('',*,*,#5889,.T.);
#5889 = EDGE_CURVE('',#5882,#5890,#5892,.T.);
#5890 = VERTEX_POINT('',#5891);
#5891 = CARTESIAN_POINT('',(4.263183859355,12.305959108553,8.));
#5892 = LINE('',#5893,#5894);
#5893 = CARTESIAN_POINT('',(4.404413725648,12.424770673877,8.));
#5894 = VECTOR('',#5895,1.);
#5895 = DIRECTION('',(-0.765228387937,-0.643758894537,0.));
#5896 = ORIENTED_EDGE('',*,*,#5897,.T.);
#5897 = EDGE_CURVE('',#5890,#5898,#5900,.T.);
#5898 = VERTEX_POINT('',#5899);
#5899 = CARTESIAN_POINT('',(4.127026992226,12.184705643088,8.));
#5900 = LINE('',#5901,#5902);
#5901 = CARTESIAN_POINT('',(4.263183859355,12.305959108553,8.));
#5902 = VECTOR('',#5903,1.);
#5903 = DIRECTION('',(-0.746795834713,-0.665053367223,0.));
#5904 = ORIENTED_EDGE('',*,*,#5905,.T.);
#5905 = EDGE_CURVE('',#5898,#5906,#5908,.T.);
#5906 = VERTEX_POINT('',#5907);
#5907 = CARTESIAN_POINT('',(3.996104917217,12.0610548322,8.));
#5908 = LINE('',#5909,#5910);
#5909 = CARTESIAN_POINT('',(4.127026992226,12.184705643088,8.));
#5910 = VECTOR('',#5911,1.);
#5911 = DIRECTION('',(-0.727007097204,-0.68662994445,0.));
#5912 = ORIENTED_EDGE('',*,*,#5913,.T.);
#5913 = EDGE_CURVE('',#5906,#5914,#5916,.T.);
#5914 = VERTEX_POINT('',#5915);
#5915 = CARTESIAN_POINT('',(3.870604619015,11.935043795385,8.));
#5916 = LINE('',#5917,#5918);
#5917 = CARTESIAN_POINT('',(3.996104917217,12.0610548322,8.));
#5918 = VECTOR('',#5919,1.);
#5919 = DIRECTION('',(-0.705669419815,-0.708541226703,0.));
#5920 = ORIENTED_EDGE('',*,*,#5921,.T.);
#5921 = EDGE_CURVE('',#5914,#5922,#5924,.T.);
#5922 = VERTEX_POINT('',#5923);
#5923 = CARTESIAN_POINT('',(3.750746991655,11.806699683955,8.));
#5924 = LINE('',#5925,#5926);
#5925 = CARTESIAN_POINT('',(3.870604619015,11.935043795385,8.));
#5926 = VECTOR('',#5927,1.);
#5927 = DIRECTION('',(-0.682530619475,-0.730856999337,0.));
#5928 = ORIENTED_EDGE('',*,*,#5929,.T.);
#5929 = EDGE_CURVE('',#5922,#5930,#5932,.T.);
#5930 = VERTEX_POINT('',#5931);
#5931 = CARTESIAN_POINT('',(3.636799947691,11.676035887203,8.));
#5932 = LINE('',#5933,#5934);
#5933 = CARTESIAN_POINT('',(3.750746991655,11.806699683955,8.));
#5934 = VECTOR('',#5935,1.);
#5935 = DIRECTION('',(-0.657249948765,-0.753672677526,0.));
#5936 = ORIENTED_EDGE('',*,*,#5937,.T.);
#5937 = EDGE_CURVE('',#5930,#5938,#5940,.T.);
#5938 = VERTEX_POINT('',#5939);
#5939 = CARTESIAN_POINT('',(3.529099202099,11.543046034954,8.));
#5940 = LINE('',#5941,#5942);
#5941 = CARTESIAN_POINT('',(3.636799947691,11.676035887203,8.));
#5942 = VECTOR('',#5943,1.);
#5943 = DIRECTION('',(-0.629347518484,-0.77712399331,0.));
#5944 = ORIENTED_EDGE('',*,*,#5945,.T.);
#5945 = EDGE_CURVE('',#5938,#5946,#5948,.T.);
#5946 = VERTEX_POINT('',#5947);
#5947 = CARTESIAN_POINT('',(3.428083610407,11.40769382111,8.));
#5948 = LINE('',#5949,#5950);
#5949 = CARTESIAN_POINT('',(3.529099202099,11.543046034954,8.));
#5950 = VECTOR('',#5951,1.);
#5951 = DIRECTION('',(-0.598109044208,-0.801414731108,0.));
#5952 = ORIENTED_EDGE('',*,*,#5953,.T.);
#5953 = EDGE_CURVE('',#5946,#5954,#5956,.T.);
#5954 = VERTEX_POINT('',#5955);
#5955 = CARTESIAN_POINT('',(3.334361392412,11.269893958773,8.));
#5956 = LINE('',#5957,#5958);
#5957 = CARTESIAN_POINT('',(3.428083610407,11.40769382111,8.));
#5958 = VECTOR('',#5959,1.);
#5959 = DIRECTION('',(-0.56238515569,-0.826875405765,0.));
#5960 = ORIENTED_EDGE('',*,*,#5961,.T.);
#5961 = EDGE_CURVE('',#5954,#5962,#5964,.T.);
#5962 = VERTEX_POINT('',#5963);
#5963 = CARTESIAN_POINT('',(3.248853831045,11.129470889087,8.));
#5964 = LINE('',#5965,#5966);
#5965 = CARTESIAN_POINT('',(3.334361392412,11.269893958773,8.));
#5966 = VECTOR('',#5967,1.);
#5967 = DIRECTION('',(-0.520091839346,-0.854110343367,0.));
#5968 = ORIENTED_EDGE('',*,*,#5969,.T.);
#5969 = EDGE_CURVE('',#5962,#5970,#5972,.T.);
#5970 = VERTEX_POINT('',#5971);
#5971 = CARTESIAN_POINT('',(3.173197964398,10.986043122202,8.));
#5972 = LINE('',#5973,#5974);
#5973 = CARTESIAN_POINT('',(3.248853831045,11.129470889087,8.));
#5974 = VECTOR('',#5975,1.);
#5975 = DIRECTION('',(-0.46655544347,-0.884491954835,0.));
#5976 = ORIENTED_EDGE('',*,*,#5977,.T.);
#5977 = EDGE_CURVE('',#5970,#5978,#5980,.T.);
#5978 = VERTEX_POINT('',#5979);
#5979 = CARTESIAN_POINT('',(3.112150071431,10.83833306477,8.));
#5980 = LINE('',#5981,#5982);
#5981 = CARTESIAN_POINT('',(3.173197964398,10.986043122202,8.));
#5982 = VECTOR('',#5983,1.);
#5983 = DIRECTION('',(-0.38195906537,-0.924179242562,0.));
#5984 = ORIENTED_EDGE('',*,*,#5985,.T.);
#5985 = EDGE_CURVE('',#5978,#5986,#5988,.T.);
#5986 = VERTEX_POINT('',#5987);
#5987 = CARTESIAN_POINT('',(2.794402372519,9.731749091528,8.));
#5988 = LINE('',#5989,#5990);
#5989 = CARTESIAN_POINT('',(3.112150071431,10.83833306477,8.));
#5990 = VECTOR('',#5991,1.);
#5991 = DIRECTION('',(-0.27599035778,-0.961160404102,0.));
#5992 = ORIENTED_EDGE('',*,*,#5993,.T.);
#5993 = EDGE_CURVE('',#5986,#5994,#5996,.T.);
#5994 = VERTEX_POINT('',#5995);
#5995 = CARTESIAN_POINT('',(2.386914488009,9.839627240243,8.));
#5996 = LINE('',#5997,#5998);
#5997 = CARTESIAN_POINT('',(2.794402372519,9.731749091528,8.));
#5998 = VECTOR('',#5999,1.);
#5999 = DIRECTION('',(-0.966697182428,0.255922952246,0.));
#6000 = ORIENTED_EDGE('',*,*,#6001,.T.);
#6001 = EDGE_CURVE('',#5994,#6002,#6004,.T.);
#6002 = VERTEX_POINT('',#6003);
#6003 = CARTESIAN_POINT('',(1.975289510413,9.930450964083,8.));
#6004 = LINE('',#6005,#6006);
#6005 = CARTESIAN_POINT('',(2.386914488009,9.839627240243,8.));
#6006 = VECTOR('',#6007,1.);
#6007 = DIRECTION('',(-0.976511747182,0.215464167822,0.));
#6008 = ORIENTED_EDGE('',*,*,#6009,.T.);
#6009 = EDGE_CURVE('',#6002,#6010,#6012,.T.);
#6010 = VERTEX_POINT('',#6011);
#6011 = CARTESIAN_POINT('',(1.560240884163,10.004062843834,8.));
#6012 = LINE('',#6013,#6014);
#6013 = CARTESIAN_POINT('',(1.975289510413,9.930450964083,8.));
#6014 = VECTOR('',#6015,1.);
#6015 = DIRECTION('',(-0.984633783772,0.174631932517,0.));
#6016 = ORIENTED_EDGE('',*,*,#6017,.T.);
#6017 = EDGE_CURVE('',#6010,#6018,#6020,.T.);
#6018 = VERTEX_POINT('',#6019);
#6019 = CARTESIAN_POINT('',(1.14248798769,10.060335292523,8.));
#6020 = LINE('',#6021,#6022);
#6021 = CARTESIAN_POINT('',(1.560240884163,10.004062843834,8.));
#6022 = VECTOR('',#6023,1.);
#6023 = DIRECTION('',(-0.991049214768,0.133497018349,0.));
#6024 = ORIENTED_EDGE('',*,*,#6025,.T.);
#6025 = EDGE_CURVE('',#6018,#6026,#6028,.T.);
#6026 = VERTEX_POINT('',#6027);
#6027 = CARTESIAN_POINT('',(1.272398745244,11.204282356452,8.));
#6028 = LINE('',#6029,#6030);
#6029 = CARTESIAN_POINT('',(1.14248798769,10.060335292523,8.));
#6030 = VECTOR('',#6031,1.);
#6031 = DIRECTION('',(0.112838319772,0.993613362224,0.));
#6032 = ORIENTED_EDGE('',*,*,#6033,.T.);
#6033 = EDGE_CURVE('',#6026,#6034,#6036,.T.);
#6034 = VERTEX_POINT('',#6035);
#6035 = CARTESIAN_POINT('',(1.272524038201,11.364110672478,8.));
#6036 = LINE('',#6037,#6038);
#6037 = CARTESIAN_POINT('',(1.272398745244,11.204282356452,8.));
#6038 = VECTOR('',#6039,1.);
#6039 = DIRECTION('',(7.839219114686E-04,0.999999692733,0.));
#6040 = ORIENTED_EDGE('',*,*,#6041,.T.);
#6041 = EDGE_CURVE('',#6034,#6042,#6044,.T.);
#6042 = VERTEX_POINT('',#6043);
#6043 = CARTESIAN_POINT('',(1.25751456162,11.525572897424,8.));
#6044 = LINE('',#6045,#6046);
#6045 = CARTESIAN_POINT('',(1.272524038201,11.364110672478,8.));
#6046 = VECTOR('',#6047,1.);
#6047 = DIRECTION('',(-9.256060782806E-02,0.995707052239,0.));
#6048 = ORIENTED_EDGE('',*,*,#6049,.T.);
#6049 = EDGE_CURVE('',#6042,#6050,#6052,.T.);
#6050 = VERTEX_POINT('',#6051);
#6051 = CARTESIAN_POINT('',(1.232253458089,11.688029224477,8.));
#6052 = LINE('',#6053,#6054);
#6053 = CARTESIAN_POINT('',(1.25751456162,11.525572897424,8.));
#6054 = VECTOR('',#6055,1.);
#6055 = DIRECTION('',(-0.15364832758,0.988125594969,0.));
#6056 = ORIENTED_EDGE('',*,*,#6057,.T.);
#6057 = EDGE_CURVE('',#6050,#6058,#6060,.T.);
#6058 = VERTEX_POINT('',#6059);
#6059 = CARTESIAN_POINT('',(1.19839914344,11.851205636944,8.));
#6060 = LINE('',#6061,#6062);
#6061 = CARTESIAN_POINT('',(1.232253458089,11.688029224477,8.));
#6062 = VECTOR('',#6063,1.);
#6063 = DIRECTION('',(-0.203144616314,0.979148745014,0.));
#6064 = ORIENTED_EDGE('',*,*,#6065,.T.);
#6065 = EDGE_CURVE('',#6058,#6066,#6068,.T.);
#6066 = VERTEX_POINT('',#6067);
#6067 = CARTESIAN_POINT('',(1.156869955583,12.014911770345,8.));
#6068 = LINE('',#6069,#6070);
#6069 = CARTESIAN_POINT('',(1.19839914344,11.851205636944,8.));
#6070 = VECTOR('',#6071,1.);
#6071 = DIRECTION('',(-0.245892564105,0.96929708909,0.));
#6072 = ORIENTED_EDGE('',*,*,#6073,.T.);
#6073 = EDGE_CURVE('',#6066,#6074,#6076,.T.);
#6074 = VERTEX_POINT('',#6075);
#6075 = CARTESIAN_POINT('',(1.108260454223,12.178993663862,8.));
#6076 = LINE('',#6077,#6078);
#6077 = CARTESIAN_POINT('',(1.156869955583,12.014911770345,8.));
#6078 = VECTOR('',#6079,1.);
#6079 = DIRECTION('',(-0.284048814031,0.958809820167,0.));
#6080 = ORIENTED_EDGE('',*,*,#6081,.T.);
#6081 = EDGE_CURVE('',#6074,#6082,#6084,.T.);
#6082 = VERTEX_POINT('',#6083);
#6083 = CARTESIAN_POINT('',(1.052989982741,12.343316917213,8.));
#6084 = LINE('',#6085,#6086);
#6085 = CARTESIAN_POINT('',(1.108260454223,12.178993663862,8.));
#6086 = VECTOR('',#6087,1.);
#6087 = DIRECTION('',(-0.318801728293,0.947821427294,0.));
#6088 = ORIENTED_EDGE('',*,*,#6089,.T.);
#6089 = EDGE_CURVE('',#6082,#6090,#6092,.T.);
#6090 = VERTEX_POINT('',#6091);
#6091 = CARTESIAN_POINT('',(0.991371139094,12.507758943115,8.));
#6092 = LINE('',#6093,#6094);
#6093 = CARTESIAN_POINT('',(1.052989982741,12.343316917213,8.));
#6094 = VECTOR('',#6095,1.);
#6095 = DIRECTION('',(-0.35088920457,0.936416983035,0.));
#6096 = ORIENTED_EDGE('',*,*,#6097,.T.);
#6097 = EDGE_CURVE('',#6090,#6098,#6100,.T.);
#6098 = VERTEX_POINT('',#6099);
#6099 = CARTESIAN_POINT('',(0.923646318345,12.672204845778,8.));
#6100 = LINE('',#6101,#6102);
#6101 = CARTESIAN_POINT('',(0.991371139094,12.507758943115,8.));
#6102 = VECTOR('',#6103,1.);
#6103 = DIRECTION('',(-0.380806545079,0.924654732981,0.));
#6104 = ORIENTED_EDGE('',*,*,#6105,.T.);
#6105 = EDGE_CURVE('',#6098,#6106,#6108,.T.);
#6106 = VERTEX_POINT('',#6107);
#6107 = CARTESIAN_POINT('',(0.850009209616,12.836545008172,8.));
#6108 = LINE('',#6109,#6110);
#6109 = CARTESIAN_POINT('',(0.923646318345,12.672204845778,8.));
#6110 = VECTOR('',#6111,1.);
#6111 = DIRECTION('',(-0.408905073191,0.912576923398,0.));
#6112 = ORIENTED_EDGE('',*,*,#6113,.T.);
#6113 = EDGE_CURVE('',#6106,#6114,#6116,.T.);
#6114 = VERTEX_POINT('',#6115);
#6115 = CARTESIAN_POINT('',(0.770618359216,13.000673580415,8.));
#6116 = LINE('',#6117,#6118);
#6117 = CARTESIAN_POINT('',(0.850009209616,12.836545008172,8.));
#6118 = VECTOR('',#6119,1.);
#6119 = DIRECTION('',(-0.435444481382,0.900215587309,0.));
#6120 = ORIENTED_EDGE('',*,*,#6121,.T.);
#6121 = EDGE_CURVE('',#6114,#6122,#6124,.T.);
#6122 = VERTEX_POINT('',#6123);
#6123 = CARTESIAN_POINT('',(0.68560619399,13.164487483828,8.));
#6124 = LINE('',#6125,#6126);
#6125 = CARTESIAN_POINT('',(0.770618359216,13.000673580415,8.));
#6126 = VECTOR('',#6127,1.);
#6127 = DIRECTION('',(-0.460622981935,0.887595892574,0.));
#6128 = ORIENTED_EDGE('',*,*,#6129,.T.);
#6129 = EDGE_CURVE('',#6122,#6130,#6132,.T.);
#6130 = VERTEX_POINT('',#6131);
#6131 = CARTESIAN_POINT('',(0.595085279735,13.327885729112,8.));
#6132 = LINE('',#6133,#6134);
#6133 = CARTESIAN_POINT('',(0.68560619399,13.164487483828,8.));
#6134 = VECTOR('',#6135,1.);
#6135 = DIRECTION('',(-0.48459578968,0.874738201192,0.));
#6136 = ORIENTED_EDGE('',*,*,#6137,.T.);
#6137 = EDGE_CURVE('',#6130,#6138,#6140,.T.);
#6138 = VERTEX_POINT('',#6139);
#6139 = CARTESIAN_POINT('',(0.49915281042,13.49076893553,8.));
#6140 = LINE('',#6141,#6142);
#6141 = CARTESIAN_POINT('',(0.595085279735,13.327885729112,8.));
#6142 = VECTOR('',#6143,1.);
#6143 = DIRECTION('',(-0.507487024925,0.861659398796,0.));
#6144 = ORIENTED_EDGE('',*,*,#6145,.T.);
#6145 = EDGE_CURVE('',#6138,#6146,#6148,.T.);
#6146 = VERTEX_POINT('',#6147);
#6147 = CARTESIAN_POINT('',(0.166417988932,13.49897422225,8.));
#6148 = LINE('',#6149,#6150);
#6149 = CARTESIAN_POINT('',(0.49915281042,13.49076893553,8.));
#6150 = VECTOR('',#6151,1.);
#6151 = DIRECTION('',(-0.999696077399,2.465264354143E-02,0.));
#6152 = ORIENTED_EDGE('',*,*,#6153,.T.);
#6153 = EDGE_CURVE('',#6146,#6154,#6156,.T.);
#6154 = VERTEX_POINT('',#6155);
#6155 = CARTESIAN_POINT('',(-0.166417988932,13.49897422225,8.));
#6156 = LINE('',#6157,#6158);
#6157 = CARTESIAN_POINT('',(0.166417988932,13.49897422225,8.));
#6158 = VECTOR('',#6159,1.);
#6159 = DIRECTION('',(-1.,0.,0.));
#6160 = ORIENTED_EDGE('',*,*,#6161,.T.);
#6161 = EDGE_CURVE('',#6154,#6162,#6164,.T.);
#6162 = VERTEX_POINT('',#6163);
#6163 = CARTESIAN_POINT('',(-0.49915281042,13.49076893553,8.));
#6164 = LINE('',#6165,#6166);
#6165 = CARTESIAN_POINT('',(-0.166417988932,13.49897422225,8.));
#6166 = VECTOR('',#6167,1.);
#6167 = DIRECTION('',(-0.999696077399,-2.465264354143E-02,0.));
#6168 = ORIENTED_EDGE('',*,*,#6169,.T.);
#6169 = EDGE_CURVE('',#6162,#6170,#6172,.T.);
#6170 = VERTEX_POINT('',#6171);
#6171 = CARTESIAN_POINT('',(-0.595085279735,13.327885729112,8.));
#6172 = LINE('',#6173,#6174);
#6173 = CARTESIAN_POINT('',(-0.49915281042,13.49076893553,8.));
#6174 = VECTOR('',#6175,1.);
#6175 = DIRECTION('',(-0.507487024925,-0.861659398796,0.));
#6176 = ORIENTED_EDGE('',*,*,#6177,.T.);
#6177 = EDGE_CURVE('',#6170,#6178,#6180,.T.);
#6178 = VERTEX_POINT('',#6179);
#6179 = CARTESIAN_POINT('',(-0.68560619399,13.164487483828,8.));
#6180 = LINE('',#6181,#6182);
#6181 = CARTESIAN_POINT('',(-0.595085279735,13.327885729112,8.));
#6182 = VECTOR('',#6183,1.);
#6183 = DIRECTION('',(-0.48459578968,-0.874738201192,0.));
#6184 = ORIENTED_EDGE('',*,*,#6185,.T.);
#6185 = EDGE_CURVE('',#6178,#6186,#6188,.T.);
#6186 = VERTEX_POINT('',#6187);
#6187 = CARTESIAN_POINT('',(-0.770618359216,13.000673580415,8.));
#6188 = LINE('',#6189,#6190);
#6189 = CARTESIAN_POINT('',(-0.68560619399,13.164487483828,8.));
#6190 = VECTOR('',#6191,1.);
#6191 = DIRECTION('',(-0.460622981935,-0.887595892574,0.));
#6192 = ORIENTED_EDGE('',*,*,#6193,.T.);
#6193 = EDGE_CURVE('',#6186,#6194,#6196,.T.);
#6194 = VERTEX_POINT('',#6195);
#6195 = CARTESIAN_POINT('',(-0.850009209616,12.836545008172,8.));
#6196 = LINE('',#6197,#6198);
#6197 = CARTESIAN_POINT('',(-0.770618359216,13.000673580415,8.));
#6198 = VECTOR('',#6199,1.);
#6199 = DIRECTION('',(-0.435444481382,-0.900215587309,0.));
#6200 = ORIENTED_EDGE('',*,*,#6201,.T.);
#6201 = EDGE_CURVE('',#6194,#6202,#6204,.T.);
#6202 = VERTEX_POINT('',#6203);
#6203 = CARTESIAN_POINT('',(-0.923646318345,12.672204845778,8.));
#6204 = LINE('',#6205,#6206);
#6205 = CARTESIAN_POINT('',(-0.850009209616,12.836545008172,8.));
#6206 = VECTOR('',#6207,1.);
#6207 = DIRECTION('',(-0.408905073191,-0.912576923398,0.));
#6208 = ORIENTED_EDGE('',*,*,#6209,.T.);
#6209 = EDGE_CURVE('',#6202,#6210,#6212,.T.);
#6210 = VERTEX_POINT('',#6211);
#6211 = CARTESIAN_POINT('',(-0.991371139094,12.507758943115,8.));
#6212 = LINE('',#6213,#6214);
#6213 = CARTESIAN_POINT('',(-0.923646318345,12.672204845778,8.));
#6214 = VECTOR('',#6215,1.);
#6215 = DIRECTION('',(-0.380806545079,-0.924654732981,0.));
#6216 = ORIENTED_EDGE('',*,*,#6217,.T.);
#6217 = EDGE_CURVE('',#6210,#6218,#6220,.T.);
#6218 = VERTEX_POINT('',#6219);
#6219 = CARTESIAN_POINT('',(-1.052989982741,12.343316917213,8.));
#6220 = LINE('',#6221,#6222);
#6221 = CARTESIAN_POINT('',(-0.991371139094,12.507758943115,8.));
#6222 = VECTOR('',#6223,1.);
#6223 = DIRECTION('',(-0.35088920457,-0.936416983035,0.));
#6224 = ORIENTED_EDGE('',*,*,#6225,.T.);
#6225 = EDGE_CURVE('',#6218,#6226,#6228,.T.);
#6226 = VERTEX_POINT('',#6227);
#6227 = CARTESIAN_POINT('',(-1.108260454223,12.178993663862,8.));
#6228 = LINE('',#6229,#6230);
#6229 = CARTESIAN_POINT('',(-1.052989982741,12.343316917213,8.));
#6230 = VECTOR('',#6231,1.);
#6231 = DIRECTION('',(-0.318801728293,-0.947821427294,0.));
#6232 = ORIENTED_EDGE('',*,*,#6233,.T.);
#6233 = EDGE_CURVE('',#6226,#6234,#6236,.T.);
#6234 = VERTEX_POINT('',#6235);
#6235 = CARTESIAN_POINT('',(-1.156869955583,12.014911770345,8.));
#6236 = LINE('',#6237,#6238);
#6237 = CARTESIAN_POINT('',(-1.108260454223,12.178993663862,8.));
#6238 = VECTOR('',#6239,1.);
#6239 = DIRECTION('',(-0.284048814031,-0.958809820167,0.));
#6240 = ORIENTED_EDGE('',*,*,#6241,.T.);
#6241 = EDGE_CURVE('',#6234,#6242,#6244,.T.);
#6242 = VERTEX_POINT('',#6243);
#6243 = CARTESIAN_POINT('',(-1.19839914344,11.851205636944,8.));
#6244 = LINE('',#6245,#6246);
#6245 = CARTESIAN_POINT('',(-1.156869955583,12.014911770345,8.));
#6246 = VECTOR('',#6247,1.);
#6247 = DIRECTION('',(-0.245892564105,-0.96929708909,0.));
#6248 = ORIENTED_EDGE('',*,*,#6249,.T.);
#6249 = EDGE_CURVE('',#6242,#6250,#6252,.T.);
#6250 = VERTEX_POINT('',#6251);
#6251 = CARTESIAN_POINT('',(-1.232253458089,11.688029224477,8.));
#6252 = LINE('',#6253,#6254);
#6253 = CARTESIAN_POINT('',(-1.19839914344,11.851205636944,8.));
#6254 = VECTOR('',#6255,1.);
#6255 = DIRECTION('',(-0.203144616314,-0.979148745014,0.));
#6256 = ORIENTED_EDGE('',*,*,#6257,.T.);
#6257 = EDGE_CURVE('',#6250,#6258,#6260,.T.);
#6258 = VERTEX_POINT('',#6259);
#6259 = CARTESIAN_POINT('',(-1.25751456162,11.525572897424,8.));
#6260 = LINE('',#6261,#6262);
#6261 = CARTESIAN_POINT('',(-1.232253458089,11.688029224477,8.));
#6262 = VECTOR('',#6263,1.);
#6263 = DIRECTION('',(-0.15364832758,-0.988125594969,0.));
#6264 = ORIENTED_EDGE('',*,*,#6265,.T.);
#6265 = EDGE_CURVE('',#6258,#6266,#6268,.T.);
#6266 = VERTEX_POINT('',#6267);
#6267 = CARTESIAN_POINT('',(-1.272524038201,11.364110672478,8.));
#6268 = LINE('',#6269,#6270);
#6269 = CARTESIAN_POINT('',(-1.25751456162,11.525572897424,8.));
#6270 = VECTOR('',#6271,1.);
#6271 = DIRECTION('',(-9.256060782806E-02,-0.995707052239,0.));
#6272 = ORIENTED_EDGE('',*,*,#6273,.T.);
#6273 = EDGE_CURVE('',#6266,#6274,#6276,.T.);
#6274 = VERTEX_POINT('',#6275);
#6275 = CARTESIAN_POINT('',(-1.272398745244,11.204282356452,8.));
#6276 = LINE('',#6277,#6278);
#6277 = CARTESIAN_POINT('',(-1.272524038201,11.364110672478,8.));
#6278 = VECTOR('',#6279,1.);
#6279 = DIRECTION('',(7.839219114672E-04,-0.999999692733,0.));
#6280 = ORIENTED_EDGE('',*,*,#6281,.T.);
#6281 = EDGE_CURVE('',#6274,#6282,#6284,.T.);
#6282 = VERTEX_POINT('',#6283);
#6283 = CARTESIAN_POINT('',(-1.14248798769,10.060335292523,8.));
#6284 = LINE('',#6285,#6286);
#6285 = CARTESIAN_POINT('',(-1.272398745244,11.204282356452,8.));
#6286 = VECTOR('',#6287,1.);
#6287 = DIRECTION('',(0.112838319772,-0.993613362224,0.));
#6288 = ORIENTED_EDGE('',*,*,#6289,.T.);
#6289 = EDGE_CURVE('',#6282,#6290,#6292,.T.);
#6290 = VERTEX_POINT('',#6291);
#6291 = CARTESIAN_POINT('',(-1.560240884163,10.004062843834,8.));
#6292 = LINE('',#6293,#6294);
#6293 = CARTESIAN_POINT('',(-1.14248798769,10.060335292523,8.));
#6294 = VECTOR('',#6295,1.);
#6295 = DIRECTION('',(-0.991049214768,-0.133497018349,0.));
#6296 = ORIENTED_EDGE('',*,*,#6297,.T.);
#6297 = EDGE_CURVE('',#6290,#6298,#6300,.T.);
#6298 = VERTEX_POINT('',#6299);
#6299 = CARTESIAN_POINT('',(-1.975289510413,9.930450964083,8.));
#6300 = LINE('',#6301,#6302);
#6301 = CARTESIAN_POINT('',(-1.560240884163,10.004062843834,8.));
#6302 = VECTOR('',#6303,1.);
#6303 = DIRECTION('',(-0.984633783772,-0.174631932517,0.));
#6304 = ORIENTED_EDGE('',*,*,#6305,.T.);
#6305 = EDGE_CURVE('',#6298,#6306,#6308,.T.);
#6306 = VERTEX_POINT('',#6307);
#6307 = CARTESIAN_POINT('',(-2.386914488009,9.839627240243,8.));
#6308 = LINE('',#6309,#6310);
#6309 = CARTESIAN_POINT('',(-1.975289510413,9.930450964083,8.));
#6310 = VECTOR('',#6311,1.);
#6311 = DIRECTION('',(-0.976511747182,-0.215464167822,0.));
#6312 = ORIENTED_EDGE('',*,*,#6313,.T.);
#6313 = EDGE_CURVE('',#6306,#6314,#6316,.T.);
#6314 = VERTEX_POINT('',#6315);
#6315 = CARTESIAN_POINT('',(-2.794402372519,9.731749091528,8.));
#6316 = LINE('',#6317,#6318);
#6317 = CARTESIAN_POINT('',(-2.386914488009,9.839627240243,8.));
#6318 = VECTOR('',#6319,1.);
#6319 = DIRECTION('',(-0.966697182428,-0.255922952246,0.));
#6320 = ORIENTED_EDGE('',*,*,#6321,.T.);
#6321 = EDGE_CURVE('',#6314,#6322,#6324,.T.);
#6322 = VERTEX_POINT('',#6323);
#6323 = CARTESIAN_POINT('',(-3.112150071431,10.83833306477,8.));
#6324 = LINE('',#6325,#6326);
#6325 = CARTESIAN_POINT('',(-2.794402372519,9.731749091528,8.));
#6326 = VECTOR('',#6327,1.);
#6327 = DIRECTION('',(-0.27599035778,0.961160404102,0.));
#6328 = ORIENTED_EDGE('',*,*,#6329,.T.);
#6329 = EDGE_CURVE('',#6322,#6330,#6332,.T.);
#6330 = VERTEX_POINT('',#6331);
#6331 = CARTESIAN_POINT('',(-3.173197964398,10.986043122202,8.));
#6332 = LINE('',#6333,#6334);
#6333 = CARTESIAN_POINT('',(-3.112150071431,10.83833306477,8.));
#6334 = VECTOR('',#6335,1.);
#6335 = DIRECTION('',(-0.38195906537,0.924179242562,0.));
#6336 = ORIENTED_EDGE('',*,*,#6337,.T.);
#6337 = EDGE_CURVE('',#6330,#6338,#6340,.T.);
#6338 = VERTEX_POINT('',#6339);
#6339 = CARTESIAN_POINT('',(-3.248853831045,11.129470889087,8.));
#6340 = LINE('',#6341,#6342);
#6341 = CARTESIAN_POINT('',(-3.173197964398,10.986043122202,8.));
#6342 = VECTOR('',#6343,1.);
#6343 = DIRECTION('',(-0.46655544347,0.884491954835,0.));
#6344 = ORIENTED_EDGE('',*,*,#6345,.T.);
#6345 = EDGE_CURVE('',#6338,#6346,#6348,.T.);
#6346 = VERTEX_POINT('',#6347);
#6347 = CARTESIAN_POINT('',(-3.334361392412,11.269893958773,8.));
#6348 = LINE('',#6349,#6350);
#6349 = CARTESIAN_POINT('',(-3.248853831045,11.129470889087,8.));
#6350 = VECTOR('',#6351,1.);
#6351 = DIRECTION('',(-0.520091839346,0.854110343367,0.));
#6352 = ORIENTED_EDGE('',*,*,#6353,.T.);
#6353 = EDGE_CURVE('',#6346,#6354,#6356,.T.);
#6354 = VERTEX_POINT('',#6355);
#6355 = CARTESIAN_POINT('',(-3.428083610407,11.40769382111,8.));
#6356 = LINE('',#6357,#6358);
#6357 = CARTESIAN_POINT('',(-3.334361392412,11.269893958773,8.));
#6358 = VECTOR('',#6359,1.);
#6359 = DIRECTION('',(-0.56238515569,0.826875405765,0.));
#6360 = ORIENTED_EDGE('',*,*,#6361,.T.);
#6361 = EDGE_CURVE('',#6354,#6362,#6364,.T.);
#6362 = VERTEX_POINT('',#6363);
#6363 = CARTESIAN_POINT('',(-3.529099202099,11.543046034954,8.));
#6364 = LINE('',#6365,#6366);
#6365 = CARTESIAN_POINT('',(-3.428083610407,11.40769382111,8.));
#6366 = VECTOR('',#6367,1.);
#6367 = DIRECTION('',(-0.598109044208,0.801414731108,0.));
#6368 = ORIENTED_EDGE('',*,*,#6369,.T.);
#6369 = EDGE_CURVE('',#6362,#6370,#6372,.T.);
#6370 = VERTEX_POINT('',#6371);
#6371 = CARTESIAN_POINT('',(-3.636799947691,11.676035887203,8.));
#6372 = LINE('',#6373,#6374);
#6373 = CARTESIAN_POINT('',(-3.529099202099,11.543046034954,8.));
#6374 = VECTOR('',#6375,1.);
#6375 = DIRECTION('',(-0.629347518484,0.77712399331,0.));
#6376 = ORIENTED_EDGE('',*,*,#6377,.T.);
#6377 = EDGE_CURVE('',#6370,#6378,#6380,.T.);
#6378 = VERTEX_POINT('',#6379);
#6379 = CARTESIAN_POINT('',(-3.750746991655,11.806699683955,8.));
#6380 = LINE('',#6381,#6382);
#6381 = CARTESIAN_POINT('',(-3.636799947691,11.676035887203,8.));
#6382 = VECTOR('',#6383,1.);
#6383 = DIRECTION('',(-0.657249948765,0.753672677526,0.));
#6384 = ORIENTED_EDGE('',*,*,#6385,.T.);
#6385 = EDGE_CURVE('',#6378,#6386,#6388,.T.);
#6386 = VERTEX_POINT('',#6387);
#6387 = CARTESIAN_POINT('',(-3.870604619015,11.935043795385,8.));
#6388 = LINE('',#6389,#6390);
#6389 = CARTESIAN_POINT('',(-3.750746991655,11.806699683955,8.));
#6390 = VECTOR('',#6391,1.);
#6391 = DIRECTION('',(-0.682530619475,0.730856999337,0.));
#6392 = ORIENTED_EDGE('',*,*,#6393,.T.);
#6393 = EDGE_CURVE('',#6386,#6394,#6396,.T.);
#6394 = VERTEX_POINT('',#6395);
#6395 = CARTESIAN_POINT('',(-3.996104917217,12.0610548322,8.));
#6396 = LINE('',#6397,#6398);
#6397 = CARTESIAN_POINT('',(-3.870604619015,11.935043795385,8.));
#6398 = VECTOR('',#6399,1.);
#6399 = DIRECTION('',(-0.705669419815,0.708541226703,0.));
#6400 = ORIENTED_EDGE('',*,*,#6401,.T.);
#6401 = EDGE_CURVE('',#6394,#6402,#6404,.T.);
#6402 = VERTEX_POINT('',#6403);
#6403 = CARTESIAN_POINT('',(-4.127026992226,12.184705643088,8.));
#6404 = LINE('',#6405,#6406);
#6405 = CARTESIAN_POINT('',(-3.996104917217,12.0610548322,8.));
#6406 = VECTOR('',#6407,1.);
#6407 = DIRECTION('',(-0.727007097204,0.68662994445,0.));
#6408 = ORIENTED_EDGE('',*,*,#6409,.T.);
#6409 = EDGE_CURVE('',#6402,#6410,#6412,.T.);
#6410 = VERTEX_POINT('',#6411);
#6411 = CARTESIAN_POINT('',(-4.263183859355,12.305959108553,8.));
#6412 = LINE('',#6413,#6414);
#6413 = CARTESIAN_POINT('',(-4.127026992226,12.184705643088,8.));
#6414 = VECTOR('',#6415,1.);
#6415 = DIRECTION('',(-0.746795834713,0.665053367223,0.));
#6416 = ORIENTED_EDGE('',*,*,#6417,.T.);
#6417 = EDGE_CURVE('',#6410,#6418,#6420,.T.);
#6418 = VERTEX_POINT('',#6419);
#6419 = CARTESIAN_POINT('',(-4.404413725648,12.424770673877,8.));
#6420 = LINE('',#6421,#6422);
#6421 = CARTESIAN_POINT('',(-4.263183859355,12.305959108553,8.));
#6422 = VECTOR('',#6423,1.);
#6423 = DIRECTION('',(-0.765228387937,0.643758894537,0.));
#6424 = ORIENTED_EDGE('',*,*,#6425,.T.);
#6425 = EDGE_CURVE('',#6418,#6426,#6428,.T.);
#6426 = VERTEX_POINT('',#6427);
#6427 = CARTESIAN_POINT('',(-4.55057394694,12.541090114175,8.));
#6428 = LINE('',#6429,#6430);
#6429 = CARTESIAN_POINT('',(-4.404413725648,12.424770673877,8.));
#6430 = VECTOR('',#6431,1.);
#6431 = DIRECTION('',(-0.78245594888,0.622705940282,0.));
#6432 = ORIENTED_EDGE('',*,*,#6433,.T.);
#6433 = EDGE_CURVE('',#6426,#6434,#6436,.T.);
#6434 = VERTEX_POINT('',#6435);
#6435 = CARTESIAN_POINT('',(-4.70153669635,12.654862808141,8.));
#6436 = LINE('',#6437,#6438);
#6437 = CARTESIAN_POINT('',(-4.55057394694,12.541090114175,8.));
#6438 = VECTOR('',#6439,1.);
#6439 = DIRECTION('',(-0.798599651604,0.601862605964,0.));
#6440 = ORIENTED_EDGE('',*,*,#6441,.T.);
#6441 = EDGE_CURVE('',#6434,#6442,#6444,.T.);
#6442 = VERTEX_POINT('',#6443);
#6443 = CARTESIAN_POINT('',(-5.012083614962,12.535111401046,8.));
#6444 = LINE('',#6445,#6446);
#6445 = CARTESIAN_POINT('',(-4.70153669635,12.654862808141,8.));
#6446 = VECTOR('',#6447,1.);
#6447 = DIRECTION('',(-0.933032902888,-0.359791053431,0.));
#6448 = ORIENTED_EDGE('',*,*,#6449,.T.);
#6449 = EDGE_CURVE('',#6442,#6450,#6452,.T.);
#6450 = VERTEX_POINT('',#6451);
#6451 = CARTESIAN_POINT('',(-5.319583962594,12.407740586622,8.));
#6452 = LINE('',#6453,#6454);
#6453 = CARTESIAN_POINT('',(-5.012083614962,12.535111401046,8.));
#6454 = VECTOR('',#6455,1.);
#6455 = DIRECTION('',(-0.923879532511,-0.382683432365,0.));
#6456 = ORIENTED_EDGE('',*,*,#6457,.T.);
#6457 = EDGE_CURVE('',#6450,#6458,#6460,.T.);
#6458 = VERTEX_POINT('',#6459);
#6459 = CARTESIAN_POINT('',(-5.623850826635,12.272827786609,8.));
#6460 = LINE('',#6461,#6462);
#6461 = CARTESIAN_POINT('',(-5.319583962594,12.407740586622,8.));
#6462 = VECTOR('',#6463,1.);
#6463 = DIRECTION('',(-0.914164586393,-0.405343199011,0.));
#6464 = ORIENTED_EDGE('',*,*,#6465,.T.);
#6465 = EDGE_CURVE('',#6458,#6466,#6468,.T.);
#6466 = VERTEX_POINT('',#6467);
#6467 = CARTESIAN_POINT('',(-5.650148167032,12.085631559377,8.));
#6468 = LINE('',#6469,#6470);
#6469 = CARTESIAN_POINT('',(-5.623850826635,12.272827786609,8.));
#6470 = VECTOR('',#6471,1.);
#6471 = DIRECTION('',(-0.139114099083,-0.990276359122,0.));
#6472 = ORIENTED_EDGE('',*,*,#6473,.T.);
#6473 = EDGE_CURVE('',#6466,#6474,#6476,.T.);
#6474 = VERTEX_POINT('',#6475);
#6475 = CARTESIAN_POINT('',(-5.671248785629,11.900030410743,8.));
#6476 = LINE('',#6477,#6478);
#6477 = CARTESIAN_POINT('',(-5.650148167032,12.085631559377,8.));
#6478 = VECTOR('',#6479,1.);
#6479 = DIRECTION('',(-0.112960314374,-0.993599500491,0.));
#6480 = ORIENTED_EDGE('',*,*,#6481,.T.);
#6481 = EDGE_CURVE('',#6474,#6482,#6484,.T.);
#6482 = VERTEX_POINT('',#6483);
#6483 = CARTESIAN_POINT('',(-5.687100918268,11.716153351057,8.));
#6484 = LINE('',#6485,#6486);
#6485 = CARTESIAN_POINT('',(-5.671248785629,11.900030410743,8.));
#6486 = VECTOR('',#6487,1.);
#6487 = DIRECTION('',(-8.589190249035E-02,-0.996304462043,0.));
#6488 = ORIENTED_EDGE('',*,*,#6489,.T.);
#6489 = EDGE_CURVE('',#6482,#6490,#6492,.T.);
#6490 = VERTEX_POINT('',#6491);
#6491 = CARTESIAN_POINT('',(-5.697639214646,11.534136759333,8.));
#6492 = LINE('',#6493,#6494);
#6493 = CARTESIAN_POINT('',(-5.687100918268,11.716153351057,8.));
#6494 = VECTOR('',#6495,1.);
#6495 = DIRECTION('',(-5.780065307349E-02,-0.998328144702,0.));
#6496 = ORIENTED_EDGE('',*,*,#6497,.T.);
#6497 = EDGE_CURVE('',#6490,#6498,#6500,.T.);
#6498 = VERTEX_POINT('',#6499);
#6499 = CARTESIAN_POINT('',(-5.702780774814,11.354126545409,8.));
#6500 = LINE('',#6501,#6502);
#6501 = CARTESIAN_POINT('',(-5.697639214646,11.534136759333,8.));
#6502 = VECTOR('',#6503,1.);
#6503 = DIRECTION('',(-2.855095851751E-02,-0.99959233829,0.));
#6504 = ORIENTED_EDGE('',*,*,#6505,.T.);
#6505 = EDGE_CURVE('',#6498,#6506,#6508,.T.);
#6506 = VERTEX_POINT('',#6507);
#6507 = CARTESIAN_POINT('',(-5.702419628077,11.176281174872,8.));
#6508 = LINE('',#6509,#6510);
#6509 = CARTESIAN_POINT('',(-5.702780774814,11.354126545409,8.));
#6510 = VECTOR('',#6511,1.);
#6511 = DIRECTION('',(2.030674124855E-03,-0.999997938179,0.));
#6512 = ORIENTED_EDGE('',*,*,#6513,.T.);
#6513 = EDGE_CURVE('',#6506,#6514,#6516,.T.);
#6514 = VERTEX_POINT('',#6515);
#6515 = CARTESIAN_POINT('',(-5.696418777643,11.000776042271,8.));
#6516 = LINE('',#6517,#6518);
#6517 = CARTESIAN_POINT('',(-5.702419628077,11.176281174872,8.));
#6518 = VECTOR('',#6519,1.);
#6519 = DIRECTION('',(3.417191091091E-02,-0.999415969707,0.));
#6520 = ORIENTED_EDGE('',*,*,#6521,.T.);
#6521 = EDGE_CURVE('',#6514,#6522,#6524,.T.);
#6522 = VERTEX_POINT('',#6523);
#6523 = CARTESIAN_POINT('',(-5.684598248388,10.82781005805,8.));
#6524 = LINE('',#6525,#6526);
#6525 = CARTESIAN_POINT('',(-5.696418777643,11.000776042271,8.));
#6526 = VECTOR('',#6527,1.);
#6527 = DIRECTION('',(6.818116536716E-02,-0.99767295678,0.));
#6528 = ORIENTED_EDGE('',*,*,#6529,.T.);
#6529 = EDGE_CURVE('',#6522,#6530,#6532,.T.);
#6530 = VERTEX_POINT('',#6531);
#6531 = CARTESIAN_POINT('',(-5.66671614958,10.657616104149,8.));
#6532 = LINE('',#6533,#6534);
#6533 = CARTESIAN_POINT('',(-5.684598248388,10.82781005805,8.));
#6534 = VECTOR('',#6535,1.);
#6535 = DIRECTION('',(0.10449374745,-0.994525543535,0.));
#6536 = ORIENTED_EDGE('',*,*,#6537,.T.);
#6537 = EDGE_CURVE('',#6530,#6538,#6540,.T.);
#6538 = VERTEX_POINT('',#6539);
#6539 = CARTESIAN_POINT('',(-5.642436491213,10.490478826,8.));
#6540 = LINE('',#6541,#6542);
#6541 = CARTESIAN_POINT('',(-5.66671614958,10.657616104149,8.));
#6542 = VECTOR('',#6543,1.);
#6543 = DIRECTION('',(0.143758829861,-0.989612751958,0.));
#6544 = ORIENTED_EDGE('',*,*,#6545,.T.);
#6545 = EDGE_CURVE('',#6538,#6546,#6548,.T.);
#6546 = VERTEX_POINT('',#6547);
#6547 = CARTESIAN_POINT('',(-5.611268890001,10.326767993003,8.));
#6548 = LINE('',#6549,#6550);
#6549 = CARTESIAN_POINT('',(-5.642436491213,10.490478826,8.));
#6550 = VECTOR('',#6551,1.);
#6551 = DIRECTION('',(0.187022849386,-0.98235556384,0.));
#6552 = ORIENTED_EDGE('',*,*,#6553,.T.);
#6553 = EDGE_CURVE('',#6546,#6554,#6556,.T.);
#6554 = VERTEX_POINT('',#6555);
#6555 = CARTESIAN_POINT('',(-5.572437761676,10.167010911707,8.));
#6556 = LINE('',#6557,#6558);
#6557 = CARTESIAN_POINT('',(-5.611268890001,10.326767993003,8.));
#6558 = VECTOR('',#6559,1.);
#6559 = DIRECTION('',(0.236186749235,-0.971707682117,0.));
#6560 = ORIENTED_EDGE('',*,*,#6561,.T.);
#6561 = EDGE_CURVE('',#6554,#6562,#6564,.T.);
#6562 = VERTEX_POINT('',#6563);
#6563 = CARTESIAN_POINT('',(-5.524515791443,10.01209538879,8.));
#6564 = LINE('',#6565,#6566);
#6565 = CARTESIAN_POINT('',(-5.572437761676,10.167010911707,8.));
#6566 = VECTOR('',#6567,1.);
#6567 = DIRECTION('',(0.295525741292,-0.955334777046,0.));
#6568 = ORIENTED_EDGE('',*,*,#6569,.T.);
#6569 = EDGE_CURVE('',#6562,#6570,#6572,.T.);
#6570 = VERTEX_POINT('',#6571);
#6571 = CARTESIAN_POINT('',(-5.463236387278,9.864481226436,8.));
#6572 = LINE('',#6573,#6574);
#6573 = CARTESIAN_POINT('',(-5.524515791443,10.01209538879,8.));
#6574 = VECTOR('',#6575,1.);
#6575 = DIRECTION('',(0.383407564188,-0.923579254706,0.));
#6576 = ORIENTED_EDGE('',*,*,#6577,.T.);
#6577 = EDGE_CURVE('',#6570,#6578,#6580,.T.);
#6578 = VERTEX_POINT('',#6579);
#6579 = CARTESIAN_POINT('',(-4.905444908454,8.857326642398,8.));
#6580 = LINE('',#6581,#6582);
#6581 = CARTESIAN_POINT('',(-5.463236387278,9.864481226436,8.));
#6582 = VECTOR('',#6583,1.);
#6583 = DIRECTION('',(0.48448838602,-0.874797693076,0.));
#6584 = ORIENTED_EDGE('',*,*,#6585,.T.);
#6585 = EDGE_CURVE('',#6578,#6586,#6588,.T.);
#6586 = VERTEX_POINT('',#6587);
#6587 = CARTESIAN_POINT('',(-5.26986372534,8.645470566507,8.));
#6588 = LINE('',#6589,#6590);
#6589 = CARTESIAN_POINT('',(-4.905444908454,8.857326642398,8.));
#6590 = VECTOR('',#6591,1.);
#6591 = DIRECTION('',(-0.864522988043,-0.502593278054,0.));
#6592 = ORIENTED_EDGE('',*,*,#6593,.T.);
#6593 = EDGE_CURVE('',#6586,#6594,#6596,.T.);
#6594 = VERTEX_POINT('',#6595);
#6595 = CARTESIAN_POINT('',(-5.625148609323,8.418629824563,8.));
#6596 = LINE('',#6597,#6598);
#6597 = CARTESIAN_POINT('',(-5.26986372534,8.645470566507,8.));
#6598 = VECTOR('',#6599,1.);
#6599 = DIRECTION('',(-0.84285425251,-0.538141904171,0.));
#6600 = ORIENTED_EDGE('',*,*,#6601,.T.);
#6601 = EDGE_CURVE('',#6594,#6602,#6604,.T.);
#6602 = VERTEX_POINT('',#6603);
#6603 = CARTESIAN_POINT('',(-5.970683766815,8.177197585768,8.));
#6604 = LINE('',#6605,#6606);
#6605 = CARTESIAN_POINT('',(-5.625148609323,8.418629824563,8.));
#6606 = VECTOR('',#6607,1.);
#6607 = DIRECTION('',(-0.819724649185,-0.572757801797,0.));
#6608 = ORIENTED_EDGE('',*,*,#6609,.T.);
#6609 = EDGE_CURVE('',#6602,#6610,#6612,.T.);
#6610 = VERTEX_POINT('',#6611);
#6611 = CARTESIAN_POINT('',(-6.305870302833,7.921592309873,8.));
#6612 = LINE('',#6613,#6614);
#6613 = CARTESIAN_POINT('',(-5.970683766815,8.177197585768,8.));
#6614 = VECTOR('',#6615,1.);
#6615 = DIRECTION('',(-0.795174267195,-0.606380973309,0.));
#6616 = ORIENTED_EDGE('',*,*,#6617,.T.);
#6617 = EDGE_CURVE('',#6610,#6618,#6620,.T.);
#6618 = VERTEX_POINT('',#6619);
#6619 = CARTESIAN_POINT('',(-7.022902251441,8.822345813711,8.));
#6620 = LINE('',#6621,#6622);
#6621 = CARTESIAN_POINT('',(-6.305870302833,7.921592309873,8.));
#6622 = VECTOR('',#6623,1.);
#6623 = DIRECTION('',(-0.622802005218,0.782379487395,0.));
#6624 = ORIENTED_EDGE('',*,*,#6625,.T.);
#6625 = EDGE_CURVE('',#6618,#6626,#6628,.T.);
#6626 = VERTEX_POINT('',#6627);
#6627 = CARTESIAN_POINT('',(-7.135829342029,8.935450095299,8.));
#6628 = LINE('',#6629,#6630);
#6629 = CARTESIAN_POINT('',(-7.022902251441,8.822345813711,8.));
#6630 = VECTOR('',#6631,1.);
#6631 = DIRECTION('',(-0.706552247417,0.707660880416,0.));
#6632 = ORIENTED_EDGE('',*,*,#6633,.T.);
#6633 = EDGE_CURVE('',#6626,#6634,#6636,.T.);
#6634 = VERTEX_POINT('',#6635);
#6635 = CARTESIAN_POINT('',(-7.260613678866,9.039007826791,8.));
#6636 = LINE('',#6637,#6638);
#6637 = CARTESIAN_POINT('',(-7.135829342029,8.935450095299,8.));
#6638 = VECTOR('',#6639,1.);
#6639 = DIRECTION('',(-0.769521442179,0.638620975248,0.));
#6640 = ORIENTED_EDGE('',*,*,#6641,.T.);
#6641 = EDGE_CURVE('',#6634,#6642,#6644,.T.);
#6642 = VERTEX_POINT('',#6643);
#6643 = CARTESIAN_POINT('',(-7.393349946979,9.136019499689,8.));
#6644 = LINE('',#6645,#6646);
#6645 = CARTESIAN_POINT('',(-7.260613678866,9.039007826791,8.));
#6646 = VECTOR('',#6647,1.);
#6647 = DIRECTION('',(-0.807356083216,0.590064534517,0.));
#6648 = ORIENTED_EDGE('',*,*,#6649,.T.);
#6649 = EDGE_CURVE('',#6642,#6650,#6652,.T.);
#6650 = VERTEX_POINT('',#6651);
#6651 = CARTESIAN_POINT('',(-7.532671710225,9.227464032013,8.));
#6652 = LINE('',#6653,#6654);
#6653 = CARTESIAN_POINT('',(-7.393349946979,9.136019499689,8.));
#6654 = VECTOR('',#6655,1.);
#6655 = DIRECTION('',(-0.836007653147,0.548717781633,0.));
#6656 = ORIENTED_EDGE('',*,*,#6657,.T.);
#6657 = EDGE_CURVE('',#6650,#6658,#6660,.T.);
#6658 = VERTEX_POINT('',#6659);
#6659 = CARTESIAN_POINT('',(-7.677794997626,9.313856178713,8.));
#6660 = LINE('',#6661,#6662);
#6661 = CARTESIAN_POINT('',(-7.532671710225,9.227464032013,8.));
#6662 = VECTOR('',#6663,1.);
#6663 = DIRECTION('',(-0.859268844202,0.511524245158,0.));
#6664 = ORIENTED_EDGE('',*,*,#6665,.T.);
#6665 = EDGE_CURVE('',#6658,#6666,#6668,.T.);
#6666 = VERTEX_POINT('',#6667);
#6667 = CARTESIAN_POINT('',(-7.828190525243,9.395507490247,8.));
#6668 = LINE('',#6669,#6670);
#6669 = CARTESIAN_POINT('',(-7.677794997626,9.313856178713,8.));
#6670 = VECTOR('',#6671,1.);
#6671 = DIRECTION('',(-0.878833768297,0.477128083119,0.));
#6672 = ORIENTED_EDGE('',*,*,#6673,.T.);
#6673 = EDGE_CURVE('',#6666,#6674,#6676,.T.);
#6674 = VERTEX_POINT('',#6675);
#6675 = CARTESIAN_POINT('',(-7.983466737178,9.472619451814,8.));
#6676 = LINE('',#6677,#6678);
#6677 = CARTESIAN_POINT('',(-7.828190525243,9.395507490247,8.));
#6678 = VECTOR('',#6679,1.);
#6679 = DIRECTION('',(-0.895637822523,0.444784094664,0.));
#6680 = ORIENTED_EDGE('',*,*,#6681,.T.);
#6681 = EDGE_CURVE('',#6674,#6682,#6684,.T.);
#6682 = VERTEX_POINT('',#6683);
#6683 = CARTESIAN_POINT('',(-8.143315910997,9.545326421249,8.));
#6684 = LINE('',#6685,#6686);
#6685 = CARTESIAN_POINT('',(-7.983466737178,9.472619451814,8.));
#6686 = VECTOR('',#6687,1.);
#6687 = DIRECTION('',(-0.910262934719,0.414030662725,0.));
#6688 = ORIENTED_EDGE('',*,*,#6689,.T.);
#6689 = EDGE_CURVE('',#6682,#6690,#6692,.T.);
#6690 = VERTEX_POINT('',#6691);
#6691 = CARTESIAN_POINT('',(-8.307485403915,9.613718554154,8.));
#6692 = LINE('',#6693,#6694);
#6693 = CARTESIAN_POINT('',(-8.143315910997,9.545326421249,8.));
#6694 = VECTOR('',#6695,1.);
#6695 = DIRECTION('',(-0.923100522293,0.384558741602,0.));
#6696 = ORIENTED_EDGE('',*,*,#6697,.T.);
#6697 = EDGE_CURVE('',#6690,#6698,#6700,.T.);
#6698 = VERTEX_POINT('',#6699);
#6699 = CARTESIAN_POINT('',(-8.475760746095,9.677855298475,8.));
#6700 = LINE('',#6701,#6702);
#6701 = CARTESIAN_POINT('',(-8.307485403915,9.613718554154,8.));
#6702 = VECTOR('',#6703,1.);
#6703 = DIRECTION('',(-0.934428881004,0.356149780775,0.));
#6704 = ORIENTED_EDGE('',*,*,#6705,.T.);
#6705 = EDGE_CURVE('',#6698,#6706,#6708,.T.);
#6706 = VERTEX_POINT('',#6707);
#6707 = CARTESIAN_POINT('',(-8.647954981196,9.737773916212,8.));
#6708 = LINE('',#6709,#6710);
#6709 = CARTESIAN_POINT('',(-8.475760746095,9.677855298475,8.));
#6710 = VECTOR('',#6711,1.);
#6711 = DIRECTION('',(-0.944454291931,0.328642800701,0.));
#6712 = ORIENTED_EDGE('',*,*,#6713,.T.);
#6713 = EDGE_CURVE('',#6706,#6714,#6716,.T.);
#6714 = VERTEX_POINT('',#6715);
#6715 = CARTESIAN_POINT('',(-8.823901581666,9.793495159654,8.));
#6716 = LINE('',#6717,#6718);
#6717 = CARTESIAN_POINT('',(-8.647954981196,9.737773916212,8.));
#6718 = VECTOR('',#6719,1.);
#6719 = DIRECTION('',(-0.953334708688,0.301915440496,0.));
#6720 = ORIENTED_EDGE('',*,*,#6721,.T.);
#6721 = EDGE_CURVE('',#6714,#6722,#6724,.T.);
#6722 = VERTEX_POINT('',#6723);
#6723 = CARTESIAN_POINT('',(-9.003449541249,9.84502721462,8.));
#6724 = LINE('',#6725,#6726);
#6725 = CARTESIAN_POINT('',(-8.823901581666,9.793495159654,8.));
#6726 = VECTOR('',#6727,1.);
#6727 = DIRECTION('',(-0.961194282843,0.275872344808,0.));
#6728 = ORIENTED_EDGE('',*,*,#6729,.T.);
#6729 = EDGE_CURVE('',#6722,#6730,#6732,.T.);
#6730 = VERTEX_POINT('',#6731);
#6731 = CARTESIAN_POINT('',(-9.186459860637,9.89236853483,8.));
#6732 = LINE('',#6733,#6734);
#6733 = CARTESIAN_POINT('',(-9.003449541249,9.84502721462,8.));
#6734 = VECTOR('',#6735,1.);
#6735 = DIRECTION('',(-0.96813272065,0.250437687273,0.));
#6736 = ORIENTED_EDGE('',*,*,#6737,.T.);
#6737 = EDGE_CURVE('',#6730,#6738,#6740,.T.);
#6738 = VERTEX_POINT('',#6739);
#6739 = CARTESIAN_POINT('',(-9.42754092313,9.6628915001,8.));
#6740 = LINE('',#6741,#6742);
#6741 = CARTESIAN_POINT('',(-9.186459860637,9.89236853483,8.));
#6742 = VECTOR('',#6743,1.);
#6743 = DIRECTION('',(-0.724323926877,-0.689459824032,0.));
#6744 = ORIENTED_EDGE('',*,*,#6745,.T.);
#6745 = EDGE_CURVE('',#6738,#6746,#6748,.T.);
#6746 = VERTEX_POINT('',#6747);
#6747 = CARTESIAN_POINT('',(-9.6628915001,9.42754092313,8.));
#6748 = LINE('',#6749,#6750);
#6749 = CARTESIAN_POINT('',(-9.42754092313,9.6628915001,8.));
#6750 = VECTOR('',#6751,1.);
#6751 = DIRECTION('',(-0.707106781187,-0.707106781187,0.));
#6752 = ORIENTED_EDGE('',*,*,#6753,.T.);
#6753 = EDGE_CURVE('',#6746,#6754,#6756,.T.);
#6754 = VERTEX_POINT('',#6755);
#6755 = CARTESIAN_POINT('',(-9.89236853483,9.186459860637,8.));
#6756 = LINE('',#6757,#6758);
#6757 = CARTESIAN_POINT('',(-9.6628915001,9.42754092313,8.));
#6758 = VECTOR('',#6759,1.);
#6759 = DIRECTION('',(-0.689459824032,-0.724323926877,0.));
#6760 = ORIENTED_EDGE('',*,*,#6761,.T.);
#6761 = EDGE_CURVE('',#6754,#6762,#6764,.T.);
#6762 = VERTEX_POINT('',#6763);
#6763 = CARTESIAN_POINT('',(-9.84502721462,9.003449541249,8.));
#6764 = LINE('',#6765,#6766);
#6765 = CARTESIAN_POINT('',(-9.89236853483,9.186459860637,8.));
#6766 = VECTOR('',#6767,1.);
#6767 = DIRECTION('',(0.250437687273,-0.96813272065,0.));
#6768 = ORIENTED_EDGE('',*,*,#6769,.T.);
#6769 = EDGE_CURVE('',#6762,#6770,#6772,.T.);
#6770 = VERTEX_POINT('',#6771);
#6771 = CARTESIAN_POINT('',(-9.793495159654,8.823901581666,8.));
#6772 = LINE('',#6773,#6774);
#6773 = CARTESIAN_POINT('',(-9.84502721462,9.003449541249,8.));
#6774 = VECTOR('',#6775,1.);
#6775 = DIRECTION('',(0.275872344808,-0.961194282843,0.));
#6776 = ORIENTED_EDGE('',*,*,#6777,.T.);
#6777 = EDGE_CURVE('',#6770,#6778,#6780,.T.);
#6778 = VERTEX_POINT('',#6779);
#6779 = CARTESIAN_POINT('',(-9.737773916212,8.647954981196,8.));
#6780 = LINE('',#6781,#6782);
#6781 = CARTESIAN_POINT('',(-9.793495159654,8.823901581666,8.));
#6782 = VECTOR('',#6783,1.);
#6783 = DIRECTION('',(0.301915440496,-0.953334708688,0.));
#6784 = ORIENTED_EDGE('',*,*,#6785,.T.);
#6785 = EDGE_CURVE('',#6778,#6786,#6788,.T.);
#6786 = VERTEX_POINT('',#6787);
#6787 = CARTESIAN_POINT('',(-9.677855298475,8.475760746095,8.));
#6788 = LINE('',#6789,#6790);
#6789 = CARTESIAN_POINT('',(-9.737773916212,8.647954981196,8.));
#6790 = VECTOR('',#6791,1.);
#6791 = DIRECTION('',(0.328642800701,-0.944454291931,0.));
#6792 = ORIENTED_EDGE('',*,*,#6793,.T.);
#6793 = EDGE_CURVE('',#6786,#6794,#6796,.T.);
#6794 = VERTEX_POINT('',#6795);
#6795 = CARTESIAN_POINT('',(-9.613718554154,8.307485403915,8.));
#6796 = LINE('',#6797,#6798);
#6797 = CARTESIAN_POINT('',(-9.677855298475,8.475760746095,8.));
#6798 = VECTOR('',#6799,1.);
#6799 = DIRECTION('',(0.356149780775,-0.934428881004,0.));
#6800 = ORIENTED_EDGE('',*,*,#6801,.T.);
#6801 = EDGE_CURVE('',#6794,#6802,#6804,.T.);
#6802 = VERTEX_POINT('',#6803);
#6803 = CARTESIAN_POINT('',(-9.545326421249,8.143315910997,8.));
#6804 = LINE('',#6805,#6806);
#6805 = CARTESIAN_POINT('',(-9.613718554154,8.307485403915,8.));
#6806 = VECTOR('',#6807,1.);
#6807 = DIRECTION('',(0.384558741602,-0.923100522293,0.));
#6808 = ORIENTED_EDGE('',*,*,#6809,.T.);
#6809 = EDGE_CURVE('',#6802,#6810,#6812,.T.);
#6810 = VERTEX_POINT('',#6811);
#6811 = CARTESIAN_POINT('',(-9.472619451814,7.983466737178,8.));
#6812 = LINE('',#6813,#6814);
#6813 = CARTESIAN_POINT('',(-9.545326421249,8.143315910997,8.));
#6814 = VECTOR('',#6815,1.);
#6815 = DIRECTION('',(0.414030662725,-0.910262934719,0.));
#6816 = ORIENTED_EDGE('',*,*,#6817,.T.);
#6817 = EDGE_CURVE('',#6810,#6818,#6820,.T.);
#6818 = VERTEX_POINT('',#6819);
#6819 = CARTESIAN_POINT('',(-9.395507490247,7.828190525243,8.));
#6820 = LINE('',#6821,#6822);
#6821 = CARTESIAN_POINT('',(-9.472619451814,7.983466737178,8.));
#6822 = VECTOR('',#6823,1.);
#6823 = DIRECTION('',(0.444784094664,-0.895637822523,0.));
#6824 = ORIENTED_EDGE('',*,*,#6825,.T.);
#6825 = EDGE_CURVE('',#6818,#6826,#6828,.T.);
#6826 = VERTEX_POINT('',#6827);
#6827 = CARTESIAN_POINT('',(-9.313856178713,7.677794997626,8.));
#6828 = LINE('',#6829,#6830);
#6829 = CARTESIAN_POINT('',(-9.395507490247,7.828190525243,8.));
#6830 = VECTOR('',#6831,1.);
#6831 = DIRECTION('',(0.477128083119,-0.878833768297,0.));
#6832 = ORIENTED_EDGE('',*,*,#6833,.T.);
#6833 = EDGE_CURVE('',#6826,#6834,#6836,.T.);
#6834 = VERTEX_POINT('',#6835);
#6835 = CARTESIAN_POINT('',(-9.227464032013,7.532671710225,8.));
#6836 = LINE('',#6837,#6838);
#6837 = CARTESIAN_POINT('',(-9.313856178713,7.677794997626,8.));
#6838 = VECTOR('',#6839,1.);
#6839 = DIRECTION('',(0.511524245158,-0.859268844202,0.));
#6840 = ORIENTED_EDGE('',*,*,#6841,.T.);
#6841 = EDGE_CURVE('',#6834,#6842,#6844,.T.);
#6842 = VERTEX_POINT('',#6843);
#6843 = CARTESIAN_POINT('',(-9.136019499689,7.393349946979,8.));
#6844 = LINE('',#6845,#6846);
#6845 = CARTESIAN_POINT('',(-9.227464032013,7.532671710225,8.));
#6846 = VECTOR('',#6847,1.);
#6847 = DIRECTION('',(0.548717781633,-0.836007653147,0.));
#6848 = ORIENTED_EDGE('',*,*,#6849,.T.);
#6849 = EDGE_CURVE('',#6842,#6850,#6852,.T.);
#6850 = VERTEX_POINT('',#6851);
#6851 = CARTESIAN_POINT('',(-9.039007826791,7.260613678866,8.));
#6852 = LINE('',#6853,#6854);
#6853 = CARTESIAN_POINT('',(-9.136019499689,7.393349946979,8.));
#6854 = VECTOR('',#6855,1.);
#6855 = DIRECTION('',(0.590064534517,-0.807356083216,0.));
#6856 = ORIENTED_EDGE('',*,*,#6857,.T.);
#6857 = EDGE_CURVE('',#6850,#6858,#6860,.T.);
#6858 = VERTEX_POINT('',#6859);
#6859 = CARTESIAN_POINT('',(-8.935450095299,7.135829342029,8.));
#6860 = LINE('',#6861,#6862);
#6861 = CARTESIAN_POINT('',(-9.039007826791,7.260613678866,8.));
#6862 = VECTOR('',#6863,1.);
#6863 = DIRECTION('',(0.638620975248,-0.769521442179,0.));
#6864 = ORIENTED_EDGE('',*,*,#6865,.T.);
#6865 = EDGE_CURVE('',#6858,#6866,#6868,.T.);
#6866 = VERTEX_POINT('',#6867);
#6867 = CARTESIAN_POINT('',(-8.822345813711,7.022902251441,8.));
#6868 = LINE('',#6869,#6870);
#6869 = CARTESIAN_POINT('',(-8.935450095299,7.135829342029,8.));
#6870 = VECTOR('',#6871,1.);
#6871 = DIRECTION('',(0.707660880416,-0.706552247417,0.));
#6872 = ORIENTED_EDGE('',*,*,#6873,.T.);
#6873 = EDGE_CURVE('',#6866,#6874,#6876,.T.);
#6874 = VERTEX_POINT('',#6875);
#6875 = CARTESIAN_POINT('',(-7.921592309873,6.305870302833,8.));
#6876 = LINE('',#6877,#6878);
#6877 = CARTESIAN_POINT('',(-8.822345813711,7.022902251441,8.));
#6878 = VECTOR('',#6879,1.);
#6879 = DIRECTION('',(0.782379487395,-0.622802005218,0.));
#6880 = ORIENTED_EDGE('',*,*,#6881,.T.);
#6881 = EDGE_CURVE('',#6874,#6882,#6884,.T.);
#6882 = VERTEX_POINT('',#6883);
#6883 = CARTESIAN_POINT('',(-8.177197585768,5.970683766815,8.));
#6884 = LINE('',#6885,#6886);
#6885 = CARTESIAN_POINT('',(-7.921592309873,6.305870302833,8.));
#6886 = VECTOR('',#6887,1.);
#6887 = DIRECTION('',(-0.606380973309,-0.795174267195,0.));
#6888 = ORIENTED_EDGE('',*,*,#6889,.T.);
#6889 = EDGE_CURVE('',#6882,#6890,#6892,.T.);
#6890 = VERTEX_POINT('',#6891);
#6891 = CARTESIAN_POINT('',(-8.418629824563,5.625148609323,8.));
#6892 = LINE('',#6893,#6894);
#6893 = CARTESIAN_POINT('',(-8.177197585768,5.970683766815,8.));
#6894 = VECTOR('',#6895,1.);
#6895 = DIRECTION('',(-0.572757801797,-0.819724649185,0.));
#6896 = ORIENTED_EDGE('',*,*,#6897,.T.);
#6897 = EDGE_CURVE('',#6890,#6898,#6900,.T.);
#6898 = VERTEX_POINT('',#6899);
#6899 = CARTESIAN_POINT('',(-8.645470566507,5.26986372534,8.));
#6900 = LINE('',#6901,#6902);
#6901 = CARTESIAN_POINT('',(-8.418629824563,5.625148609323,8.));
#6902 = VECTOR('',#6903,1.);
#6903 = DIRECTION('',(-0.538141904171,-0.84285425251,0.));
#6904 = ORIENTED_EDGE('',*,*,#6905,.T.);
#6905 = EDGE_CURVE('',#6898,#6906,#6908,.T.);
#6906 = VERTEX_POINT('',#6907);
#6907 = CARTESIAN_POINT('',(-8.857326642398,4.905444908454,8.));
#6908 = LINE('',#6909,#6910);
#6909 = CARTESIAN_POINT('',(-8.645470566507,5.26986372534,8.));
#6910 = VECTOR('',#6911,1.);
#6911 = DIRECTION('',(-0.502593278054,-0.864522988043,0.));
#6912 = ORIENTED_EDGE('',*,*,#6913,.T.);
#6913 = EDGE_CURVE('',#6906,#6914,#6916,.T.);
#6914 = VERTEX_POINT('',#6915);
#6915 = CARTESIAN_POINT('',(-9.864481226436,5.463236387278,8.));
#6916 = LINE('',#6917,#6918);
#6917 = CARTESIAN_POINT('',(-8.857326642398,4.905444908454,8.));
#6918 = VECTOR('',#6919,1.);
#6919 = DIRECTION('',(-0.874797693076,0.48448838602,0.));
#6920 = ORIENTED_EDGE('',*,*,#6921,.T.);
#6921 = EDGE_CURVE('',#6914,#6922,#6924,.T.);
#6922 = VERTEX_POINT('',#6923);
#6923 = CARTESIAN_POINT('',(-10.01209538879,5.524515791444,8.));
#6924 = LINE('',#6925,#6926);
#6925 = CARTESIAN_POINT('',(-9.864481226436,5.463236387278,8.));
#6926 = VECTOR('',#6927,1.);
#6927 = DIRECTION('',(-0.923579254706,0.383407564188,0.));
#6928 = ORIENTED_EDGE('',*,*,#6929,.T.);
#6929 = EDGE_CURVE('',#6922,#6930,#6932,.T.);
#6930 = VERTEX_POINT('',#6931);
#6931 = CARTESIAN_POINT('',(-10.1670109117,5.572437761676,8.));
#6932 = LINE('',#6933,#6934);
#6933 = CARTESIAN_POINT('',(-10.01209538879,5.524515791444,8.));
#6934 = VECTOR('',#6935,1.);
#6935 = DIRECTION('',(-0.955334777046,0.295525741292,0.));
#6936 = ORIENTED_EDGE('',*,*,#6937,.T.);
#6937 = EDGE_CURVE('',#6930,#6938,#6940,.T.);
#6938 = VERTEX_POINT('',#6939);
#6939 = CARTESIAN_POINT('',(-10.326767993,5.611268890001,8.));
#6940 = LINE('',#6941,#6942);
#6941 = CARTESIAN_POINT('',(-10.1670109117,5.572437761676,8.));
#6942 = VECTOR('',#6943,1.);
#6943 = DIRECTION('',(-0.971707682117,0.236186749235,0.));
#6944 = ORIENTED_EDGE('',*,*,#6945,.T.);
#6945 = EDGE_CURVE('',#6938,#6946,#6948,.T.);
#6946 = VERTEX_POINT('',#6947);
#6947 = CARTESIAN_POINT('',(-10.490478826,5.642436491213,8.));
#6948 = LINE('',#6949,#6950);
#6949 = CARTESIAN_POINT('',(-10.326767993,5.611268890001,8.));
#6950 = VECTOR('',#6951,1.);
#6951 = DIRECTION('',(-0.98235556384,0.187022849386,0.));
#6952 = ORIENTED_EDGE('',*,*,#6953,.T.);
#6953 = EDGE_CURVE('',#6946,#6954,#6956,.T.);
#6954 = VERTEX_POINT('',#6955);
#6955 = CARTESIAN_POINT('',(-10.65761610414,5.66671614958,8.));
#6956 = LINE('',#6957,#6958);
#6957 = CARTESIAN_POINT('',(-10.490478826,5.642436491213,8.));
#6958 = VECTOR('',#6959,1.);
#6959 = DIRECTION('',(-0.989612751958,0.143758829861,0.));
#6960 = ORIENTED_EDGE('',*,*,#6961,.T.);
#6961 = EDGE_CURVE('',#6954,#6962,#6964,.T.);
#6962 = VERTEX_POINT('',#6963);
#6963 = CARTESIAN_POINT('',(-10.82781005805,5.684598248388,8.));
#6964 = LINE('',#6965,#6966);
#6965 = CARTESIAN_POINT('',(-10.65761610414,5.66671614958,8.));
#6966 = VECTOR('',#6967,1.);
#6967 = DIRECTION('',(-0.994525543535,0.10449374745,0.));
#6968 = ORIENTED_EDGE('',*,*,#6969,.T.);
#6969 = EDGE_CURVE('',#6962,#6970,#6972,.T.);
#6970 = VERTEX_POINT('',#6971);
#6971 = CARTESIAN_POINT('',(-11.00077604227,5.696418777643,8.));
#6972 = LINE('',#6973,#6974);
#6973 = CARTESIAN_POINT('',(-10.82781005805,5.684598248388,8.));
#6974 = VECTOR('',#6975,1.);
#6975 = DIRECTION('',(-0.99767295678,6.818116536716E-02,0.));
#6976 = ORIENTED_EDGE('',*,*,#6977,.T.);
#6977 = EDGE_CURVE('',#6970,#6978,#6980,.T.);
#6978 = VERTEX_POINT('',#6979);
#6979 = CARTESIAN_POINT('',(-11.17628117487,5.702419628077,8.));
#6980 = LINE('',#6981,#6982);
#6981 = CARTESIAN_POINT('',(-11.00077604227,5.696418777643,8.));
#6982 = VECTOR('',#6983,1.);
#6983 = DIRECTION('',(-0.999415969707,3.417191091091E-02,0.));
#6984 = ORIENTED_EDGE('',*,*,#6985,.T.);
#6985 = EDGE_CURVE('',#6978,#6986,#6988,.T.);
#6986 = VERTEX_POINT('',#6987);
#6987 = CARTESIAN_POINT('',(-11.3541265454,5.702780774814,8.));
#6988 = LINE('',#6989,#6990);
#6989 = CARTESIAN_POINT('',(-11.17628117487,5.702419628077,8.));
#6990 = VECTOR('',#6991,1.);
#6991 = DIRECTION('',(-0.999997938179,2.03067412486E-03,0.));
#6992 = ORIENTED_EDGE('',*,*,#6993,.T.);
#6993 = EDGE_CURVE('',#6986,#6994,#6996,.T.);
#6994 = VERTEX_POINT('',#6995);
#6995 = CARTESIAN_POINT('',(-11.53413675933,5.697639214646,8.));
#6996 = LINE('',#6997,#6998);
#6997 = CARTESIAN_POINT('',(-11.3541265454,5.702780774814,8.));
#6998 = VECTOR('',#6999,1.);
#6999 = DIRECTION('',(-0.99959233829,-2.855095851752E-02,0.));
#7000 = ORIENTED_EDGE('',*,*,#7001,.T.);
#7001 = EDGE_CURVE('',#6994,#7002,#7004,.T.);
#7002 = VERTEX_POINT('',#7003);
#7003 = CARTESIAN_POINT('',(-11.71615335105,5.687100918268,8.));
#7004 = LINE('',#7005,#7006);
#7005 = CARTESIAN_POINT('',(-11.53413675933,5.697639214646,8.));
#7006 = VECTOR('',#7007,1.);
#7007 = DIRECTION('',(-0.998328144702,-5.780065307348E-02,0.));
#7008 = ORIENTED_EDGE('',*,*,#7009,.T.);
#7009 = EDGE_CURVE('',#7002,#7010,#7012,.T.);
#7010 = VERTEX_POINT('',#7011);
#7011 = CARTESIAN_POINT('',(-11.90003041074,5.671248785629,8.));
#7012 = LINE('',#7013,#7014);
#7013 = CARTESIAN_POINT('',(-11.71615335105,5.687100918268,8.));
#7014 = VECTOR('',#7015,1.);
#7015 = DIRECTION('',(-0.996304462043,-8.589190249035E-02,0.));
#7016 = ORIENTED_EDGE('',*,*,#7017,.T.);
#7017 = EDGE_CURVE('',#7010,#7018,#7020,.T.);
#7018 = VERTEX_POINT('',#7019);
#7019 = CARTESIAN_POINT('',(-12.08563155937,5.650148167032,8.));
#7020 = LINE('',#7021,#7022);
#7021 = CARTESIAN_POINT('',(-11.90003041074,5.671248785629,8.));
#7022 = VECTOR('',#7023,1.);
#7023 = DIRECTION('',(-0.993599500491,-0.112960314374,0.));
#7024 = ORIENTED_EDGE('',*,*,#7025,.T.);
#7025 = EDGE_CURVE('',#7018,#7026,#7028,.T.);
#7026 = VERTEX_POINT('',#7027);
#7027 = CARTESIAN_POINT('',(-12.2728277866,5.623850826635,8.));
#7028 = LINE('',#7029,#7030);
#7029 = CARTESIAN_POINT('',(-12.08563155937,5.650148167032,8.));
#7030 = VECTOR('',#7031,1.);
#7031 = DIRECTION('',(-0.990276359122,-0.139114099083,0.));
#7032 = ORIENTED_EDGE('',*,*,#7033,.T.);
#7033 = EDGE_CURVE('',#7026,#7034,#7036,.T.);
#7034 = VERTEX_POINT('',#7035);
#7035 = CARTESIAN_POINT('',(-12.40774058662,5.319583962594,8.));
#7036 = LINE('',#7037,#7038);
#7037 = CARTESIAN_POINT('',(-12.2728277866,5.623850826635,8.));
#7038 = VECTOR('',#7039,1.);
#7039 = DIRECTION('',(-0.405343199011,-0.914164586393,0.));
#7040 = ORIENTED_EDGE('',*,*,#7041,.T.);
#7041 = EDGE_CURVE('',#7034,#7042,#7044,.T.);
#7042 = VERTEX_POINT('',#7043);
#7043 = CARTESIAN_POINT('',(-12.53511140104,5.012083614962,8.));
#7044 = LINE('',#7045,#7046);
#7045 = CARTESIAN_POINT('',(-12.40774058662,5.319583962594,8.));
#7046 = VECTOR('',#7047,1.);
#7047 = DIRECTION('',(-0.382683432365,-0.923879532511,0.));
#7048 = ORIENTED_EDGE('',*,*,#7049,.T.);
#7049 = EDGE_CURVE('',#7042,#7050,#7052,.T.);
#7050 = VERTEX_POINT('',#7051);
#7051 = CARTESIAN_POINT('',(-12.65486280814,4.70153669635,8.));
#7052 = LINE('',#7053,#7054);
#7053 = CARTESIAN_POINT('',(-12.53511140104,5.012083614962,8.));
#7054 = VECTOR('',#7055,1.);
#7055 = DIRECTION('',(-0.359791053431,-0.933032902888,0.));
#7056 = ORIENTED_EDGE('',*,*,#7057,.T.);
#7057 = EDGE_CURVE('',#7050,#7058,#7060,.T.);
#7058 = VERTEX_POINT('',#7059);
#7059 = CARTESIAN_POINT('',(-12.54109011417,4.55057394694,8.));
#7060 = LINE('',#7061,#7062);
#7061 = CARTESIAN_POINT('',(-12.65486280814,4.70153669635,8.));
#7062 = VECTOR('',#7063,1.);
#7063 = DIRECTION('',(0.601862605964,-0.798599651604,0.));
#7064 = ORIENTED_EDGE('',*,*,#7065,.T.);
#7065 = EDGE_CURVE('',#7058,#7066,#7068,.T.);
#7066 = VERTEX_POINT('',#7067);
#7067 = CARTESIAN_POINT('',(-12.42477067387,4.404413725648,8.));
#7068 = LINE('',#7069,#7070);
#7069 = CARTESIAN_POINT('',(-12.54109011417,4.55057394694,8.));
#7070 = VECTOR('',#7071,1.);
#7071 = DIRECTION('',(0.622705940282,-0.78245594888,0.));
#7072 = ORIENTED_EDGE('',*,*,#7073,.T.);
#7073 = EDGE_CURVE('',#7066,#7074,#7076,.T.);
#7074 = VERTEX_POINT('',#7075);
#7075 = CARTESIAN_POINT('',(-12.30595910855,4.263183859355,8.));
#7076 = LINE('',#7077,#7078);
#7077 = CARTESIAN_POINT('',(-12.42477067387,4.404413725648,8.));
#7078 = VECTOR('',#7079,1.);
#7079 = DIRECTION('',(0.643758894537,-0.765228387937,0.));
#7080 = ORIENTED_EDGE('',*,*,#7081,.T.);
#7081 = EDGE_CURVE('',#7074,#7082,#7084,.T.);
#7082 = VERTEX_POINT('',#7083);
#7083 = CARTESIAN_POINT('',(-12.18470564308,4.127026992226,8.));
#7084 = LINE('',#7085,#7086);
#7085 = CARTESIAN_POINT('',(-12.30595910855,4.263183859355,8.));
#7086 = VECTOR('',#7087,1.);
#7087 = DIRECTION('',(0.665053367223,-0.746795834713,0.));
#7088 = ORIENTED_EDGE('',*,*,#7089,.T.);
#7089 = EDGE_CURVE('',#7082,#7090,#7092,.T.);
#7090 = VERTEX_POINT('',#7091);
#7091 = CARTESIAN_POINT('',(-12.0610548322,3.996104917217,8.));
#7092 = LINE('',#7093,#7094);
#7093 = CARTESIAN_POINT('',(-12.18470564308,4.127026992226,8.));
#7094 = VECTOR('',#7095,1.);
#7095 = DIRECTION('',(0.68662994445,-0.727007097204,0.));
#7096 = ORIENTED_EDGE('',*,*,#7097,.T.);
#7097 = EDGE_CURVE('',#7090,#7098,#7100,.T.);
#7098 = VERTEX_POINT('',#7099);
#7099 = CARTESIAN_POINT('',(-11.93504379538,3.870604619015,8.));
#7100 = LINE('',#7101,#7102);
#7101 = CARTESIAN_POINT('',(-12.0610548322,3.996104917217,8.));
#7102 = VECTOR('',#7103,1.);
#7103 = DIRECTION('',(0.708541226703,-0.705669419815,0.));
#7104 = ORIENTED_EDGE('',*,*,#7105,.T.);
#7105 = EDGE_CURVE('',#7098,#7106,#7108,.T.);
#7106 = VERTEX_POINT('',#7107);
#7107 = CARTESIAN_POINT('',(-11.80669968395,3.750746991655,8.));
#7108 = LINE('',#7109,#7110);
#7109 = CARTESIAN_POINT('',(-11.93504379538,3.870604619015,8.));
#7110 = VECTOR('',#7111,1.);
#7111 = DIRECTION('',(0.730856999337,-0.682530619474,0.));
#7112 = ORIENTED_EDGE('',*,*,#7113,.T.);
#7113 = EDGE_CURVE('',#7106,#7114,#7116,.T.);
#7114 = VERTEX_POINT('',#7115);
#7115 = CARTESIAN_POINT('',(-11.6760358872,3.636799947691,8.));
#7116 = LINE('',#7117,#7118);
#7117 = CARTESIAN_POINT('',(-11.80669968395,3.750746991655,8.));
#7118 = VECTOR('',#7119,1.);
#7119 = DIRECTION('',(0.753672677526,-0.657249948765,0.));
#7120 = ORIENTED_EDGE('',*,*,#7121,.T.);
#7121 = EDGE_CURVE('',#7114,#7122,#7124,.T.);
#7122 = VERTEX_POINT('',#7123);
#7123 = CARTESIAN_POINT('',(-11.54304603495,3.529099202099,8.));
#7124 = LINE('',#7125,#7126);
#7125 = CARTESIAN_POINT('',(-11.6760358872,3.636799947691,8.));
#7126 = VECTOR('',#7127,1.);
#7127 = DIRECTION('',(0.77712399331,-0.629347518484,0.));
#7128 = ORIENTED_EDGE('',*,*,#7129,.T.);
#7129 = EDGE_CURVE('',#7122,#7130,#7132,.T.);
#7130 = VERTEX_POINT('',#7131);
#7131 = CARTESIAN_POINT('',(-11.40769382111,3.428083610407,8.));
#7132 = LINE('',#7133,#7134);
#7133 = CARTESIAN_POINT('',(-11.54304603495,3.529099202099,8.));
#7134 = VECTOR('',#7135,1.);
#7135 = DIRECTION('',(0.801414731108,-0.598109044208,0.));
#7136 = ORIENTED_EDGE('',*,*,#7137,.T.);
#7137 = EDGE_CURVE('',#7130,#7138,#7140,.T.);
#7138 = VERTEX_POINT('',#7139);
#7139 = CARTESIAN_POINT('',(-11.26989395877,3.334361392412,8.));
#7140 = LINE('',#7141,#7142);
#7141 = CARTESIAN_POINT('',(-11.40769382111,3.428083610407,8.));
#7142 = VECTOR('',#7143,1.);
#7143 = DIRECTION('',(0.826875405765,-0.56238515569,0.));
#7144 = ORIENTED_EDGE('',*,*,#7145,.T.);
#7145 = EDGE_CURVE('',#7138,#7146,#7148,.T.);
#7146 = VERTEX_POINT('',#7147);
#7147 = CARTESIAN_POINT('',(-11.12947088908,3.248853831045,8.));
#7148 = LINE('',#7149,#7150);
#7149 = CARTESIAN_POINT('',(-11.26989395877,3.334361392412,8.));
#7150 = VECTOR('',#7151,1.);
#7151 = DIRECTION('',(0.854110343367,-0.520091839346,0.));
#7152 = ORIENTED_EDGE('',*,*,#7153,.T.);
#7153 = EDGE_CURVE('',#7146,#7154,#7156,.T.);
#7154 = VERTEX_POINT('',#7155);
#7155 = CARTESIAN_POINT('',(-10.9860431222,3.173197964398,8.));
#7156 = LINE('',#7157,#7158);
#7157 = CARTESIAN_POINT('',(-11.12947088908,3.248853831045,8.));
#7158 = VECTOR('',#7159,1.);
#7159 = DIRECTION('',(0.884491954835,-0.46655544347,0.));
#7160 = ORIENTED_EDGE('',*,*,#7161,.T.);
#7161 = EDGE_CURVE('',#7154,#7162,#7164,.T.);
#7162 = VERTEX_POINT('',#7163);
#7163 = CARTESIAN_POINT('',(-10.83833306477,3.112150071431,8.));
#7164 = LINE('',#7165,#7166);
#7165 = CARTESIAN_POINT('',(-10.9860431222,3.173197964398,8.));
#7166 = VECTOR('',#7167,1.);
#7167 = DIRECTION('',(0.924179242562,-0.38195906537,0.));
#7168 = ORIENTED_EDGE('',*,*,#7169,.T.);
#7169 = EDGE_CURVE('',#7162,#7170,#7172,.T.);
#7170 = VERTEX_POINT('',#7171);
#7171 = CARTESIAN_POINT('',(-9.731749091528,2.794402372519,8.));
#7172 = LINE('',#7173,#7174);
#7173 = CARTESIAN_POINT('',(-10.83833306477,3.112150071431,8.));
#7174 = VECTOR('',#7175,1.);
#7175 = DIRECTION('',(0.961160404102,-0.27599035778,0.));
#7176 = ORIENTED_EDGE('',*,*,#7177,.T.);
#7177 = EDGE_CURVE('',#7170,#7178,#7180,.T.);
#7178 = VERTEX_POINT('',#7179);
#7179 = CARTESIAN_POINT('',(-9.839627240243,2.386914488009,8.));
#7180 = LINE('',#7181,#7182);
#7181 = CARTESIAN_POINT('',(-9.731749091528,2.794402372519,8.));
#7182 = VECTOR('',#7183,1.);
#7183 = DIRECTION('',(-0.255922952246,-0.966697182428,0.));
#7184 = ORIENTED_EDGE('',*,*,#7185,.T.);
#7185 = EDGE_CURVE('',#7178,#7186,#7188,.T.);
#7186 = VERTEX_POINT('',#7187);
#7187 = CARTESIAN_POINT('',(-9.930450964083,1.975289510413,8.));
#7188 = LINE('',#7189,#7190);
#7189 = CARTESIAN_POINT('',(-9.839627240243,2.386914488009,8.));
#7190 = VECTOR('',#7191,1.);
#7191 = DIRECTION('',(-0.215464167822,-0.976511747182,0.));
#7192 = ORIENTED_EDGE('',*,*,#7193,.T.);
#7193 = EDGE_CURVE('',#7186,#7194,#7196,.T.);
#7194 = VERTEX_POINT('',#7195);
#7195 = CARTESIAN_POINT('',(-10.00406284383,1.560240884163,8.));
#7196 = LINE('',#7197,#7198);
#7197 = CARTESIAN_POINT('',(-9.930450964083,1.975289510413,8.));
#7198 = VECTOR('',#7199,1.);
#7199 = DIRECTION('',(-0.174631932516,-0.984633783772,0.));
#7200 = ORIENTED_EDGE('',*,*,#7201,.T.);
#7201 = EDGE_CURVE('',#7194,#7202,#7204,.T.);
#7202 = VERTEX_POINT('',#7203);
#7203 = CARTESIAN_POINT('',(-10.06033529252,1.14248798769,8.));
#7204 = LINE('',#7205,#7206);
#7205 = CARTESIAN_POINT('',(-10.00406284383,1.560240884163,8.));
#7206 = VECTOR('',#7207,1.);
#7207 = DIRECTION('',(-0.133497018349,-0.991049214768,0.));
#7208 = ORIENTED_EDGE('',*,*,#7209,.T.);
#7209 = EDGE_CURVE('',#7202,#7210,#7212,.T.);
#7210 = VERTEX_POINT('',#7211);
#7211 = CARTESIAN_POINT('',(-11.20428235645,1.272398745244,8.));
#7212 = LINE('',#7213,#7214);
#7213 = CARTESIAN_POINT('',(-10.06033529252,1.14248798769,8.));
#7214 = VECTOR('',#7215,1.);
#7215 = DIRECTION('',(-0.993613362224,0.112838319772,0.));
#7216 = ORIENTED_EDGE('',*,*,#7217,.T.);
#7217 = EDGE_CURVE('',#7210,#7218,#7220,.T.);
#7218 = VERTEX_POINT('',#7219);
#7219 = CARTESIAN_POINT('',(-11.36411067247,1.272524038201,8.));
#7220 = LINE('',#7221,#7222);
#7221 = CARTESIAN_POINT('',(-11.20428235645,1.272398745244,8.));
#7222 = VECTOR('',#7223,1.);
#7223 = DIRECTION('',(-0.999999692733,7.839219114672E-04,0.));
#7224 = ORIENTED_EDGE('',*,*,#7225,.T.);
#7225 = EDGE_CURVE('',#7218,#7226,#7228,.T.);
#7226 = VERTEX_POINT('',#7227);
#7227 = CARTESIAN_POINT('',(-11.52557289742,1.25751456162,8.));
#7228 = LINE('',#7229,#7230);
#7229 = CARTESIAN_POINT('',(-11.36411067247,1.272524038201,8.));
#7230 = VECTOR('',#7231,1.);
#7231 = DIRECTION('',(-0.995707052239,-9.256060782806E-02,0.));
#7232 = ORIENTED_EDGE('',*,*,#7233,.T.);
#7233 = EDGE_CURVE('',#7226,#7234,#7236,.T.);
#7234 = VERTEX_POINT('',#7235);
#7235 = CARTESIAN_POINT('',(-11.68802922447,1.232253458089,8.));
#7236 = LINE('',#7237,#7238);
#7237 = CARTESIAN_POINT('',(-11.52557289742,1.25751456162,8.));
#7238 = VECTOR('',#7239,1.);
#7239 = DIRECTION('',(-0.988125594969,-0.15364832758,0.));
#7240 = ORIENTED_EDGE('',*,*,#7241,.T.);
#7241 = EDGE_CURVE('',#7234,#7242,#7244,.T.);
#7242 = VERTEX_POINT('',#7243);
#7243 = CARTESIAN_POINT('',(-11.85120563694,1.19839914344,8.));
#7244 = LINE('',#7245,#7246);
#7245 = CARTESIAN_POINT('',(-11.68802922447,1.232253458089,8.));
#7246 = VECTOR('',#7247,1.);
#7247 = DIRECTION('',(-0.979148745014,-0.203144616314,0.));
#7248 = ORIENTED_EDGE('',*,*,#7249,.T.);
#7249 = EDGE_CURVE('',#7242,#7250,#7252,.T.);
#7250 = VERTEX_POINT('',#7251);
#7251 = CARTESIAN_POINT('',(-12.01491177034,1.156869955583,8.));
#7252 = LINE('',#7253,#7254);
#7253 = CARTESIAN_POINT('',(-11.85120563694,1.19839914344,8.));
#7254 = VECTOR('',#7255,1.);
#7255 = DIRECTION('',(-0.96929708909,-0.245892564105,0.));
#7256 = ORIENTED_EDGE('',*,*,#7257,.T.);
#7257 = EDGE_CURVE('',#7250,#7258,#7260,.T.);
#7258 = VERTEX_POINT('',#7259);
#7259 = CARTESIAN_POINT('',(-12.17899366386,1.108260454223,8.));
#7260 = LINE('',#7261,#7262);
#7261 = CARTESIAN_POINT('',(-12.01491177034,1.156869955583,8.));
#7262 = VECTOR('',#7263,1.);
#7263 = DIRECTION('',(-0.958809820167,-0.284048814031,0.));
#7264 = ORIENTED_EDGE('',*,*,#7265,.T.);
#7265 = EDGE_CURVE('',#7258,#7266,#7268,.T.);
#7266 = VERTEX_POINT('',#7267);
#7267 = CARTESIAN_POINT('',(-12.34331691721,1.052989982741,8.));
#7268 = LINE('',#7269,#7270);
#7269 = CARTESIAN_POINT('',(-12.17899366386,1.108260454223,8.));
#7270 = VECTOR('',#7271,1.);
#7271 = DIRECTION('',(-0.947821427294,-0.318801728293,0.));
#7272 = ORIENTED_EDGE('',*,*,#7273,.T.);
#7273 = EDGE_CURVE('',#7266,#7274,#7276,.T.);
#7274 = VERTEX_POINT('',#7275);
#7275 = CARTESIAN_POINT('',(-12.50775894311,0.991371139094,8.));
#7276 = LINE('',#7277,#7278);
#7277 = CARTESIAN_POINT('',(-12.34331691721,1.052989982741,8.));
#7278 = VECTOR('',#7279,1.);
#7279 = DIRECTION('',(-0.936416983035,-0.35088920457,0.));
#7280 = ORIENTED_EDGE('',*,*,#7281,.T.);
#7281 = EDGE_CURVE('',#7274,#7282,#7284,.T.);
#7282 = VERTEX_POINT('',#7283);
#7283 = CARTESIAN_POINT('',(-12.67220484577,0.923646318345,8.));
#7284 = LINE('',#7285,#7286);
#7285 = CARTESIAN_POINT('',(-12.50775894311,0.991371139094,8.));
#7286 = VECTOR('',#7287,1.);
#7287 = DIRECTION('',(-0.924654732981,-0.380806545079,0.));
#7288 = ORIENTED_EDGE('',*,*,#7289,.T.);
#7289 = EDGE_CURVE('',#7282,#7290,#7292,.T.);
#7290 = VERTEX_POINT('',#7291);
#7291 = CARTESIAN_POINT('',(-12.83654500817,0.850009209616,8.));
#7292 = LINE('',#7293,#7294);
#7293 = CARTESIAN_POINT('',(-12.67220484577,0.923646318345,8.));
#7294 = VECTOR('',#7295,1.);
#7295 = DIRECTION('',(-0.912576923398,-0.408905073191,0.));
#7296 = ORIENTED_EDGE('',*,*,#7297,.T.);
#7297 = EDGE_CURVE('',#7290,#7298,#7300,.T.);
#7298 = VERTEX_POINT('',#7299);
#7299 = CARTESIAN_POINT('',(-13.00067358041,0.770618359216,8.));
#7300 = LINE('',#7301,#7302);
#7301 = CARTESIAN_POINT('',(-12.83654500817,0.850009209616,8.));
#7302 = VECTOR('',#7303,1.);
#7303 = DIRECTION('',(-0.900215587309,-0.435444481382,0.));
#7304 = ORIENTED_EDGE('',*,*,#7305,.T.);
#7305 = EDGE_CURVE('',#7298,#7306,#7308,.T.);
#7306 = VERTEX_POINT('',#7307);
#7307 = CARTESIAN_POINT('',(-13.16448748382,0.68560619399,8.));
#7308 = LINE('',#7309,#7310);
#7309 = CARTESIAN_POINT('',(-13.00067358041,0.770618359216,8.));
#7310 = VECTOR('',#7311,1.);
#7311 = DIRECTION('',(-0.887595892574,-0.460622981935,0.));
#7312 = ORIENTED_EDGE('',*,*,#7313,.T.);
#7313 = EDGE_CURVE('',#7306,#7314,#7316,.T.);
#7314 = VERTEX_POINT('',#7315);
#7315 = CARTESIAN_POINT('',(-13.32788572911,0.595085279735,8.));
#7316 = LINE('',#7317,#7318);
#7317 = CARTESIAN_POINT('',(-13.16448748382,0.68560619399,8.));
#7318 = VECTOR('',#7319,1.);
#7319 = DIRECTION('',(-0.874738201192,-0.48459578968,0.));
#7320 = ORIENTED_EDGE('',*,*,#7321,.T.);
#7321 = EDGE_CURVE('',#7314,#7322,#7324,.T.);
#7322 = VERTEX_POINT('',#7323);
#7323 = CARTESIAN_POINT('',(-13.49076893553,0.49915281042,8.));
#7324 = LINE('',#7325,#7326);
#7325 = CARTESIAN_POINT('',(-13.32788572911,0.595085279735,8.));
#7326 = VECTOR('',#7327,1.);
#7327 = DIRECTION('',(-0.861659398796,-0.507487024925,0.));
#7328 = ORIENTED_EDGE('',*,*,#7329,.T.);
#7329 = EDGE_CURVE('',#7322,#7330,#7332,.T.);
#7330 = VERTEX_POINT('',#7331);
#7331 = CARTESIAN_POINT('',(-13.49897422225,0.166417988932,8.));
#7332 = LINE('',#7333,#7334);
#7333 = CARTESIAN_POINT('',(-13.49076893553,0.49915281042,8.));
#7334 = VECTOR('',#7335,1.);
#7335 = DIRECTION('',(-2.465264354143E-02,-0.999696077399,0.));
#7336 = ORIENTED_EDGE('',*,*,#7337,.T.);
#7337 = EDGE_CURVE('',#7330,#7338,#7340,.T.);
#7338 = VERTEX_POINT('',#7339);
#7339 = CARTESIAN_POINT('',(-13.49897422225,-0.166417988932,8.));
#7340 = LINE('',#7341,#7342);
#7341 = CARTESIAN_POINT('',(-13.49897422225,0.166417988932,8.));
#7342 = VECTOR('',#7343,1.);
#7343 = DIRECTION('',(0.,-1.,0.));
#7344 = ORIENTED_EDGE('',*,*,#7345,.T.);
#7345 = EDGE_CURVE('',#7338,#7346,#7348,.T.);
#7346 = VERTEX_POINT('',#7347);
#7347 = CARTESIAN_POINT('',(-13.49076893553,-0.49915281042,8.));
#7348 = LINE('',#7349,#7350);
#7349 = CARTESIAN_POINT('',(-13.49897422225,-0.166417988932,8.));
#7350 = VECTOR('',#7351,1.);
#7351 = DIRECTION('',(2.465264354143E-02,-0.999696077399,0.));
#7352 = ORIENTED_EDGE('',*,*,#7353,.T.);
#7353 = EDGE_CURVE('',#7346,#7354,#7356,.T.);
#7354 = VERTEX_POINT('',#7355);
#7355 = CARTESIAN_POINT('',(-13.32788572911,-0.595085279735,8.));
#7356 = LINE('',#7357,#7358);
#7357 = CARTESIAN_POINT('',(-13.49076893553,-0.49915281042,8.));
#7358 = VECTOR('',#7359,1.);
#7359 = DIRECTION('',(0.861659398796,-0.507487024925,0.));
#7360 = ORIENTED_EDGE('',*,*,#7361,.T.);
#7361 = EDGE_CURVE('',#7354,#7362,#7364,.T.);
#7362 = VERTEX_POINT('',#7363);
#7363 = CARTESIAN_POINT('',(-13.16448748382,-0.68560619399,8.));
#7364 = LINE('',#7365,#7366);
#7365 = CARTESIAN_POINT('',(-13.32788572911,-0.595085279735,8.));
#7366 = VECTOR('',#7367,1.);
#7367 = DIRECTION('',(0.874738201192,-0.48459578968,0.));
#7368 = ORIENTED_EDGE('',*,*,#7369,.T.);
#7369 = EDGE_CURVE('',#7362,#7370,#7372,.T.);
#7370 = VERTEX_POINT('',#7371);
#7371 = CARTESIAN_POINT('',(-13.00067358041,-0.770618359215,8.));
#7372 = LINE('',#7373,#7374);
#7373 = CARTESIAN_POINT('',(-13.16448748382,-0.68560619399,8.));
#7374 = VECTOR('',#7375,1.);
#7375 = DIRECTION('',(0.887595892574,-0.460622981935,0.));
#7376 = ORIENTED_EDGE('',*,*,#7377,.T.);
#7377 = EDGE_CURVE('',#7370,#7378,#7380,.T.);
#7378 = VERTEX_POINT('',#7379);
#7379 = CARTESIAN_POINT('',(-12.83654500817,-0.850009209616,8.));
#7380 = LINE('',#7381,#7382);
#7381 = CARTESIAN_POINT('',(-13.00067358041,-0.770618359215,8.));
#7382 = VECTOR('',#7383,1.);
#7383 = DIRECTION('',(0.900215587309,-0.435444481382,0.));
#7384 = ORIENTED_EDGE('',*,*,#7385,.T.);
#7385 = EDGE_CURVE('',#7378,#7386,#7388,.T.);
#7386 = VERTEX_POINT('',#7387);
#7387 = CARTESIAN_POINT('',(-12.67220484577,-0.923646318345,8.));
#7388 = LINE('',#7389,#7390);
#7389 = CARTESIAN_POINT('',(-12.83654500817,-0.850009209616,8.));
#7390 = VECTOR('',#7391,1.);
#7391 = DIRECTION('',(0.912576923398,-0.408905073191,0.));
#7392 = ORIENTED_EDGE('',*,*,#7393,.T.);
#7393 = EDGE_CURVE('',#7386,#7394,#7396,.T.);
#7394 = VERTEX_POINT('',#7395);
#7395 = CARTESIAN_POINT('',(-12.50775894311,-0.991371139094,8.));
#7396 = LINE('',#7397,#7398);
#7397 = CARTESIAN_POINT('',(-12.67220484577,-0.923646318345,8.));
#7398 = VECTOR('',#7399,1.);
#7399 = DIRECTION('',(0.924654732981,-0.380806545079,0.));
#7400 = ORIENTED_EDGE('',*,*,#7401,.T.);
#7401 = EDGE_CURVE('',#7394,#7402,#7404,.T.);
#7402 = VERTEX_POINT('',#7403);
#7403 = CARTESIAN_POINT('',(-12.34331691721,-1.052989982741,8.));
#7404 = LINE('',#7405,#7406);
#7405 = CARTESIAN_POINT('',(-12.50775894311,-0.991371139094,8.));
#7406 = VECTOR('',#7407,1.);
#7407 = DIRECTION('',(0.936416983035,-0.35088920457,0.));
#7408 = ORIENTED_EDGE('',*,*,#7409,.T.);
#7409 = EDGE_CURVE('',#7402,#7410,#7412,.T.);
#7410 = VERTEX_POINT('',#7411);
#7411 = CARTESIAN_POINT('',(-12.17899366386,-1.108260454223,8.));
#7412 = LINE('',#7413,#7414);
#7413 = CARTESIAN_POINT('',(-12.34331691721,-1.052989982741,8.));
#7414 = VECTOR('',#7415,1.);
#7415 = DIRECTION('',(0.947821427294,-0.318801728293,0.));
#7416 = ORIENTED_EDGE('',*,*,#7417,.T.);
#7417 = EDGE_CURVE('',#7410,#7418,#7420,.T.);
#7418 = VERTEX_POINT('',#7419);
#7419 = CARTESIAN_POINT('',(-12.01491177034,-1.156869955583,8.));
#7420 = LINE('',#7421,#7422);
#7421 = CARTESIAN_POINT('',(-12.17899366386,-1.108260454223,8.));
#7422 = VECTOR('',#7423,1.);
#7423 = DIRECTION('',(0.958809820167,-0.284048814031,0.));
#7424 = ORIENTED_EDGE('',*,*,#7425,.T.);
#7425 = EDGE_CURVE('',#7418,#7426,#7428,.T.);
#7426 = VERTEX_POINT('',#7427);
#7427 = CARTESIAN_POINT('',(-11.85120563694,-1.19839914344,8.));
#7428 = LINE('',#7429,#7430);
#7429 = CARTESIAN_POINT('',(-12.01491177034,-1.156869955583,8.));
#7430 = VECTOR('',#7431,1.);
#7431 = DIRECTION('',(0.96929708909,-0.245892564105,0.));
#7432 = ORIENTED_EDGE('',*,*,#7433,.T.);
#7433 = EDGE_CURVE('',#7426,#7434,#7436,.T.);
#7434 = VERTEX_POINT('',#7435);
#7435 = CARTESIAN_POINT('',(-11.68802922447,-1.232253458089,8.));
#7436 = LINE('',#7437,#7438);
#7437 = CARTESIAN_POINT('',(-11.85120563694,-1.19839914344,8.));
#7438 = VECTOR('',#7439,1.);
#7439 = DIRECTION('',(0.979148745014,-0.203144616314,0.));
#7440 = ORIENTED_EDGE('',*,*,#7441,.T.);
#7441 = EDGE_CURVE('',#7434,#7442,#7444,.T.);
#7442 = VERTEX_POINT('',#7443);
#7443 = CARTESIAN_POINT('',(-11.52557289742,-1.25751456162,8.));
#7444 = LINE('',#7445,#7446);
#7445 = CARTESIAN_POINT('',(-11.68802922447,-1.232253458089,8.));
#7446 = VECTOR('',#7447,1.);
#7447 = DIRECTION('',(0.988125594969,-0.15364832758,0.));
#7448 = ORIENTED_EDGE('',*,*,#7449,.T.);
#7449 = EDGE_CURVE('',#7442,#7450,#7452,.T.);
#7450 = VERTEX_POINT('',#7451);
#7451 = CARTESIAN_POINT('',(-11.36411067247,-1.272524038201,8.));
#7452 = LINE('',#7453,#7454);
#7453 = CARTESIAN_POINT('',(-11.52557289742,-1.25751456162,8.));
#7454 = VECTOR('',#7455,1.);
#7455 = DIRECTION('',(0.995707052239,-9.256060782806E-02,0.));
#7456 = ORIENTED_EDGE('',*,*,#7457,.T.);
#7457 = EDGE_CURVE('',#7450,#7458,#7460,.T.);
#7458 = VERTEX_POINT('',#7459);
#7459 = CARTESIAN_POINT('',(-11.20428235645,-1.272398745244,8.));
#7460 = LINE('',#7461,#7462);
#7461 = CARTESIAN_POINT('',(-11.36411067247,-1.272524038201,8.));
#7462 = VECTOR('',#7463,1.);
#7463 = DIRECTION('',(0.999999692733,7.839219114672E-04,0.));
#7464 = ORIENTED_EDGE('',*,*,#7465,.T.);
#7465 = EDGE_CURVE('',#7458,#7466,#7468,.T.);
#7466 = VERTEX_POINT('',#7467);
#7467 = CARTESIAN_POINT('',(-10.06033529252,-1.14248798769,8.));
#7468 = LINE('',#7469,#7470);
#7469 = CARTESIAN_POINT('',(-11.20428235645,-1.272398745244,8.));
#7470 = VECTOR('',#7471,1.);
#7471 = DIRECTION('',(0.993613362224,0.112838319772,0.));
#7472 = ORIENTED_EDGE('',*,*,#7473,.T.);
#7473 = EDGE_CURVE('',#7466,#7474,#7476,.T.);
#7474 = VERTEX_POINT('',#7475);
#7475 = CARTESIAN_POINT('',(-10.00406284383,-1.560240884163,8.));
#7476 = LINE('',#7477,#7478);
#7477 = CARTESIAN_POINT('',(-10.06033529252,-1.14248798769,8.));
#7478 = VECTOR('',#7479,1.);
#7479 = DIRECTION('',(0.133497018349,-0.991049214768,0.));
#7480 = ORIENTED_EDGE('',*,*,#7481,.T.);
#7481 = EDGE_CURVE('',#7474,#7482,#7484,.T.);
#7482 = VERTEX_POINT('',#7483);
#7483 = CARTESIAN_POINT('',(-9.930450964083,-1.975289510413,8.));
#7484 = LINE('',#7485,#7486);
#7485 = CARTESIAN_POINT('',(-10.00406284383,-1.560240884163,8.));
#7486 = VECTOR('',#7487,1.);
#7487 = DIRECTION('',(0.174631932517,-0.984633783772,0.));
#7488 = ORIENTED_EDGE('',*,*,#7489,.T.);
#7489 = EDGE_CURVE('',#7482,#7490,#7492,.T.);
#7490 = VERTEX_POINT('',#7491);
#7491 = CARTESIAN_POINT('',(-9.839627240243,-2.386914488009,8.));
#7492 = LINE('',#7493,#7494);
#7493 = CARTESIAN_POINT('',(-9.930450964083,-1.975289510413,8.));
#7494 = VECTOR('',#7495,1.);
#7495 = DIRECTION('',(0.215464167822,-0.976511747182,0.));
#7496 = ORIENTED_EDGE('',*,*,#7497,.T.);
#7497 = EDGE_CURVE('',#7490,#7498,#7500,.T.);
#7498 = VERTEX_POINT('',#7499);
#7499 = CARTESIAN_POINT('',(-9.731749091528,-2.794402372519,8.));
#7500 = LINE('',#7501,#7502);
#7501 = CARTESIAN_POINT('',(-9.839627240243,-2.386914488009,8.));
#7502 = VECTOR('',#7503,1.);
#7503 = DIRECTION('',(0.255922952246,-0.966697182428,0.));
#7504 = ORIENTED_EDGE('',*,*,#7505,.T.);
#7505 = EDGE_CURVE('',#7498,#7506,#7508,.T.);
#7506 = VERTEX_POINT('',#7507);
#7507 = CARTESIAN_POINT('',(-10.83833306477,-3.112150071431,8.));
#7508 = LINE('',#7509,#7510);
#7509 = CARTESIAN_POINT('',(-9.731749091528,-2.794402372519,8.));
#7510 = VECTOR('',#7511,1.);
#7511 = DIRECTION('',(-0.961160404102,-0.27599035778,0.));
#7512 = ORIENTED_EDGE('',*,*,#7513,.T.);
#7513 = EDGE_CURVE('',#7506,#7514,#7516,.T.);
#7514 = VERTEX_POINT('',#7515);
#7515 = CARTESIAN_POINT('',(-10.9860431222,-3.173197964398,8.));
#7516 = LINE('',#7517,#7518);
#7517 = CARTESIAN_POINT('',(-10.83833306477,-3.112150071431,8.));
#7518 = VECTOR('',#7519,1.);
#7519 = DIRECTION('',(-0.924179242562,-0.38195906537,0.));
#7520 = ORIENTED_EDGE('',*,*,#7521,.T.);
#7521 = EDGE_CURVE('',#7514,#7522,#7524,.T.);
#7522 = VERTEX_POINT('',#7523);
#7523 = CARTESIAN_POINT('',(-11.12947088908,-3.248853831045,8.));
#7524 = LINE('',#7525,#7526);
#7525 = CARTESIAN_POINT('',(-10.9860431222,-3.173197964398,8.));
#7526 = VECTOR('',#7527,1.);
#7527 = DIRECTION('',(-0.884491954835,-0.46655544347,0.));
#7528 = ORIENTED_EDGE('',*,*,#7529,.T.);
#7529 = EDGE_CURVE('',#7522,#7530,#7532,.T.);
#7530 = VERTEX_POINT('',#7531);
#7531 = CARTESIAN_POINT('',(-11.26989395877,-3.334361392412,8.));
#7532 = LINE('',#7533,#7534);
#7533 = CARTESIAN_POINT('',(-11.12947088908,-3.248853831045,8.));
#7534 = VECTOR('',#7535,1.);
#7535 = DIRECTION('',(-0.854110343367,-0.520091839346,0.));
#7536 = ORIENTED_EDGE('',*,*,#7537,.T.);
#7537 = EDGE_CURVE('',#7530,#7538,#7540,.T.);
#7538 = VERTEX_POINT('',#7539);
#7539 = CARTESIAN_POINT('',(-11.40769382111,-3.428083610407,8.));
#7540 = LINE('',#7541,#7542);
#7541 = CARTESIAN_POINT('',(-11.26989395877,-3.334361392412,8.));
#7542 = VECTOR('',#7543,1.);
#7543 = DIRECTION('',(-0.826875405765,-0.56238515569,0.));
#7544 = ORIENTED_EDGE('',*,*,#7545,.T.);
#7545 = EDGE_CURVE('',#7538,#7546,#7548,.T.);
#7546 = VERTEX_POINT('',#7547);
#7547 = CARTESIAN_POINT('',(-11.54304603495,-3.529099202099,8.));
#7548 = LINE('',#7549,#7550);
#7549 = CARTESIAN_POINT('',(-11.40769382111,-3.428083610407,8.));
#7550 = VECTOR('',#7551,1.);
#7551 = DIRECTION('',(-0.801414731108,-0.598109044208,0.));
#7552 = ORIENTED_EDGE('',*,*,#7553,.T.);
#7553 = EDGE_CURVE('',#7546,#7554,#7556,.T.);
#7554 = VERTEX_POINT('',#7555);
#7555 = CARTESIAN_POINT('',(-11.6760358872,-3.636799947691,8.));
#7556 = LINE('',#7557,#7558);
#7557 = CARTESIAN_POINT('',(-11.54304603495,-3.529099202099,8.));
#7558 = VECTOR('',#7559,1.);
#7559 = DIRECTION('',(-0.77712399331,-0.629347518484,0.));
#7560 = ORIENTED_EDGE('',*,*,#7561,.T.);
#7561 = EDGE_CURVE('',#7554,#7562,#7564,.T.);
#7562 = VERTEX_POINT('',#7563);
#7563 = CARTESIAN_POINT('',(-11.80669968395,-3.750746991655,8.));
#7564 = LINE('',#7565,#7566);
#7565 = CARTESIAN_POINT('',(-11.6760358872,-3.636799947691,8.));
#7566 = VECTOR('',#7567,1.);
#7567 = DIRECTION('',(-0.753672677526,-0.657249948765,0.));
#7568 = ORIENTED_EDGE('',*,*,#7569,.T.);
#7569 = EDGE_CURVE('',#7562,#7570,#7572,.T.);
#7570 = VERTEX_POINT('',#7571);
#7571 = CARTESIAN_POINT('',(-11.93504379538,-3.870604619015,8.));
#7572 = LINE('',#7573,#7574);
#7573 = CARTESIAN_POINT('',(-11.80669968395,-3.750746991655,8.));
#7574 = VECTOR('',#7575,1.);
#7575 = DIRECTION('',(-0.730856999337,-0.682530619474,0.));
#7576 = ORIENTED_EDGE('',*,*,#7577,.T.);
#7577 = EDGE_CURVE('',#7570,#7578,#7580,.T.);
#7578 = VERTEX_POINT('',#7579);
#7579 = CARTESIAN_POINT('',(-12.0610548322,-3.996104917217,8.));
#7580 = LINE('',#7581,#7582);
#7581 = CARTESIAN_POINT('',(-11.93504379538,-3.870604619015,8.));
#7582 = VECTOR('',#7583,1.);
#7583 = DIRECTION('',(-0.708541226703,-0.705669419815,0.));
#7584 = ORIENTED_EDGE('',*,*,#7585,.T.);
#7585 = EDGE_CURVE('',#7578,#7586,#7588,.T.);
#7586 = VERTEX_POINT('',#7587);
#7587 = CARTESIAN_POINT('',(-12.18470564308,-4.127026992226,8.));
#7588 = LINE('',#7589,#7590);
#7589 = CARTESIAN_POINT('',(-12.0610548322,-3.996104917217,8.));
#7590 = VECTOR('',#7591,1.);
#7591 = DIRECTION('',(-0.68662994445,-0.727007097204,0.));
#7592 = ORIENTED_EDGE('',*,*,#7593,.T.);
#7593 = EDGE_CURVE('',#7586,#7594,#7596,.T.);
#7594 = VERTEX_POINT('',#7595);
#7595 = CARTESIAN_POINT('',(-12.30595910855,-4.263183859355,8.));
#7596 = LINE('',#7597,#7598);
#7597 = CARTESIAN_POINT('',(-12.18470564308,-4.127026992226,8.));
#7598 = VECTOR('',#7599,1.);
#7599 = DIRECTION('',(-0.665053367223,-0.746795834713,0.));
#7600 = ORIENTED_EDGE('',*,*,#7601,.T.);
#7601 = EDGE_CURVE('',#7594,#7602,#7604,.T.);
#7602 = VERTEX_POINT('',#7603);
#7603 = CARTESIAN_POINT('',(-12.42477067387,-4.404413725648,8.));
#7604 = LINE('',#7605,#7606);
#7605 = CARTESIAN_POINT('',(-12.30595910855,-4.263183859355,8.));
#7606 = VECTOR('',#7607,1.);
#7607 = DIRECTION('',(-0.643758894537,-0.765228387937,0.));
#7608 = ORIENTED_EDGE('',*,*,#7609,.T.);
#7609 = EDGE_CURVE('',#7602,#7610,#7612,.T.);
#7610 = VERTEX_POINT('',#7611);
#7611 = CARTESIAN_POINT('',(-12.54109011417,-4.55057394694,8.));
#7612 = LINE('',#7613,#7614);
#7613 = CARTESIAN_POINT('',(-12.42477067387,-4.404413725648,8.));
#7614 = VECTOR('',#7615,1.);
#7615 = DIRECTION('',(-0.622705940282,-0.78245594888,0.));
#7616 = ORIENTED_EDGE('',*,*,#7617,.T.);
#7617 = EDGE_CURVE('',#7610,#7618,#7620,.T.);
#7618 = VERTEX_POINT('',#7619);
#7619 = CARTESIAN_POINT('',(-12.65486280814,-4.70153669635,8.));
#7620 = LINE('',#7621,#7622);
#7621 = CARTESIAN_POINT('',(-12.54109011417,-4.55057394694,8.));
#7622 = VECTOR('',#7623,1.);
#7623 = DIRECTION('',(-0.601862605964,-0.798599651604,0.));
#7624 = ORIENTED_EDGE('',*,*,#7625,.T.);
#7625 = EDGE_CURVE('',#7618,#7626,#7628,.T.);
#7626 = VERTEX_POINT('',#7627);
#7627 = CARTESIAN_POINT('',(-12.53511140104,-5.012083614962,8.));
#7628 = LINE('',#7629,#7630);
#7629 = CARTESIAN_POINT('',(-12.65486280814,-4.70153669635,8.));
#7630 = VECTOR('',#7631,1.);
#7631 = DIRECTION('',(0.359791053431,-0.933032902888,0.));
#7632 = ORIENTED_EDGE('',*,*,#7633,.T.);
#7633 = EDGE_CURVE('',#7626,#7634,#7636,.T.);
#7634 = VERTEX_POINT('',#7635);
#7635 = CARTESIAN_POINT('',(-12.40774058662,-5.319583962594,8.));
#7636 = LINE('',#7637,#7638);
#7637 = CARTESIAN_POINT('',(-12.53511140104,-5.012083614962,8.));
#7638 = VECTOR('',#7639,1.);
#7639 = DIRECTION('',(0.382683432365,-0.923879532511,0.));
#7640 = ORIENTED_EDGE('',*,*,#7641,.T.);
#7641 = EDGE_CURVE('',#7634,#7642,#7644,.T.);
#7642 = VERTEX_POINT('',#7643);
#7643 = CARTESIAN_POINT('',(-12.2728277866,-5.623850826635,8.));
#7644 = LINE('',#7645,#7646);
#7645 = CARTESIAN_POINT('',(-12.40774058662,-5.319583962594,8.));
#7646 = VECTOR('',#7647,1.);
#7647 = DIRECTION('',(0.405343199011,-0.914164586393,0.));
#7648 = ORIENTED_EDGE('',*,*,#7649,.T.);
#7649 = EDGE_CURVE('',#7642,#7650,#7652,.T.);
#7650 = VERTEX_POINT('',#7651);
#7651 = CARTESIAN_POINT('',(-12.08563155937,-5.650148167032,8.));
#7652 = LINE('',#7653,#7654);
#7653 = CARTESIAN_POINT('',(-12.2728277866,-5.623850826635,8.));
#7654 = VECTOR('',#7655,1.);
#7655 = DIRECTION('',(0.990276359122,-0.139114099083,0.));
#7656 = ORIENTED_EDGE('',*,*,#7657,.T.);
#7657 = EDGE_CURVE('',#7650,#7658,#7660,.T.);
#7658 = VERTEX_POINT('',#7659);
#7659 = CARTESIAN_POINT('',(-11.90003041074,-5.671248785629,8.));
#7660 = LINE('',#7661,#7662);
#7661 = CARTESIAN_POINT('',(-12.08563155937,-5.650148167032,8.));
#7662 = VECTOR('',#7663,1.);
#7663 = DIRECTION('',(0.993599500491,-0.112960314374,0.));
#7664 = ORIENTED_EDGE('',*,*,#7665,.T.);
#7665 = EDGE_CURVE('',#7658,#7666,#7668,.T.);
#7666 = VERTEX_POINT('',#7667);
#7667 = CARTESIAN_POINT('',(-11.71615335105,-5.687100918268,8.));
#7668 = LINE('',#7669,#7670);
#7669 = CARTESIAN_POINT('',(-11.90003041074,-5.671248785629,8.));
#7670 = VECTOR('',#7671,1.);
#7671 = DIRECTION('',(0.996304462043,-8.589190249035E-02,0.));
#7672 = ORIENTED_EDGE('',*,*,#7673,.T.);
#7673 = EDGE_CURVE('',#7666,#7674,#7676,.T.);
#7674 = VERTEX_POINT('',#7675);
#7675 = CARTESIAN_POINT('',(-11.53413675933,-5.697639214646,8.));
#7676 = LINE('',#7677,#7678);
#7677 = CARTESIAN_POINT('',(-11.71615335105,-5.687100918268,8.));
#7678 = VECTOR('',#7679,1.);
#7679 = DIRECTION('',(0.998328144702,-5.780065307348E-02,0.));
#7680 = ORIENTED_EDGE('',*,*,#7681,.T.);
#7681 = EDGE_CURVE('',#7674,#7682,#7684,.T.);
#7682 = VERTEX_POINT('',#7683);
#7683 = CARTESIAN_POINT('',(-11.3541265454,-5.702780774814,8.));
#7684 = LINE('',#7685,#7686);
#7685 = CARTESIAN_POINT('',(-11.53413675933,-5.697639214646,8.));
#7686 = VECTOR('',#7687,1.);
#7687 = DIRECTION('',(0.99959233829,-2.855095851751E-02,0.));
#7688 = ORIENTED_EDGE('',*,*,#7689,.T.);
#7689 = EDGE_CURVE('',#7682,#7690,#7692,.T.);
#7690 = VERTEX_POINT('',#7691);
#7691 = CARTESIAN_POINT('',(-11.17628117487,-5.702419628077,8.));
#7692 = LINE('',#7693,#7694);
#7693 = CARTESIAN_POINT('',(-11.3541265454,-5.702780774814,8.));
#7694 = VECTOR('',#7695,1.);
#7695 = DIRECTION('',(0.999997938179,2.030674124855E-03,0.));
#7696 = ORIENTED_EDGE('',*,*,#7697,.T.);
#7697 = EDGE_CURVE('',#7690,#7698,#7700,.T.);
#7698 = VERTEX_POINT('',#7699);
#7699 = CARTESIAN_POINT('',(-11.00077604227,-5.696418777643,8.));
#7700 = LINE('',#7701,#7702);
#7701 = CARTESIAN_POINT('',(-11.17628117487,-5.702419628077,8.));
#7702 = VECTOR('',#7703,1.);
#7703 = DIRECTION('',(0.999415969707,3.417191091091E-02,0.));
#7704 = ORIENTED_EDGE('',*,*,#7705,.T.);
#7705 = EDGE_CURVE('',#7698,#7706,#7708,.T.);
#7706 = VERTEX_POINT('',#7707);
#7707 = CARTESIAN_POINT('',(-10.82781005805,-5.684598248388,8.));
#7708 = LINE('',#7709,#7710);
#7709 = CARTESIAN_POINT('',(-11.00077604227,-5.696418777643,8.));
#7710 = VECTOR('',#7711,1.);
#7711 = DIRECTION('',(0.99767295678,6.818116536716E-02,0.));
#7712 = ORIENTED_EDGE('',*,*,#7713,.T.);
#7713 = EDGE_CURVE('',#7706,#7714,#7716,.T.);
#7714 = VERTEX_POINT('',#7715);
#7715 = CARTESIAN_POINT('',(-10.65761610414,-5.66671614958,8.));
#7716 = LINE('',#7717,#7718);
#7717 = CARTESIAN_POINT('',(-10.82781005805,-5.684598248388,8.));
#7718 = VECTOR('',#7719,1.);
#7719 = DIRECTION('',(0.994525543535,0.10449374745,0.));
#7720 = ORIENTED_EDGE('',*,*,#7721,.T.);
#7721 = EDGE_CURVE('',#7714,#7722,#7724,.T.);
#7722 = VERTEX_POINT('',#7723);
#7723 = CARTESIAN_POINT('',(-10.490478826,-5.642436491213,8.));
#7724 = LINE('',#7725,#7726);
#7725 = CARTESIAN_POINT('',(-10.65761610414,-5.66671614958,8.));
#7726 = VECTOR('',#7727,1.);
#7727 = DIRECTION('',(0.989612751958,0.143758829861,0.));
#7728 = ORIENTED_EDGE('',*,*,#7729,.T.);
#7729 = EDGE_CURVE('',#7722,#7730,#7732,.T.);
#7730 = VERTEX_POINT('',#7731);
#7731 = CARTESIAN_POINT('',(-10.326767993,-5.611268890001,8.));
#7732 = LINE('',#7733,#7734);
#7733 = CARTESIAN_POINT('',(-10.490478826,-5.642436491213,8.));
#7734 = VECTOR('',#7735,1.);
#7735 = DIRECTION('',(0.98235556384,0.187022849386,0.));
#7736 = ORIENTED_EDGE('',*,*,#7737,.T.);
#7737 = EDGE_CURVE('',#7730,#7738,#7740,.T.);
#7738 = VERTEX_POINT('',#7739);
#7739 = CARTESIAN_POINT('',(-10.1670109117,-5.572437761676,8.));
#7740 = LINE('',#7741,#7742);
#7741 = CARTESIAN_POINT('',(-10.326767993,-5.611268890001,8.));
#7742 = VECTOR('',#7743,1.);
#7743 = DIRECTION('',(0.971707682117,0.236186749235,0.));
#7744 = ORIENTED_EDGE('',*,*,#7745,.T.);
#7745 = EDGE_CURVE('',#7738,#7746,#7748,.T.);
#7746 = VERTEX_POINT('',#7747);
#7747 = CARTESIAN_POINT('',(-10.01209538879,-5.524515791443,8.));
#7748 = LINE('',#7749,#7750);
#7749 = CARTESIAN_POINT('',(-10.1670109117,-5.572437761676,8.));
#7750 = VECTOR('',#7751,1.);
#7751 = DIRECTION('',(0.955334777046,0.295525741292,0.));
#7752 = ORIENTED_EDGE('',*,*,#7753,.T.);
#7753 = EDGE_CURVE('',#7746,#7754,#7756,.T.);
#7754 = VERTEX_POINT('',#7755);
#7755 = CARTESIAN_POINT('',(-9.864481226436,-5.463236387278,8.));
#7756 = LINE('',#7757,#7758);
#7757 = CARTESIAN_POINT('',(-10.01209538879,-5.524515791443,8.));
#7758 = VECTOR('',#7759,1.);
#7759 = DIRECTION('',(0.923579254706,0.383407564188,0.));
#7760 = ORIENTED_EDGE('',*,*,#7761,.T.);
#7761 = EDGE_CURVE('',#7754,#7762,#7764,.T.);
#7762 = VERTEX_POINT('',#7763);
#7763 = CARTESIAN_POINT('',(-8.857326642398,-4.905444908454,8.));
#7764 = LINE('',#7765,#7766);
#7765 = CARTESIAN_POINT('',(-9.864481226436,-5.463236387278,8.));
#7766 = VECTOR('',#7767,1.);
#7767 = DIRECTION('',(0.874797693076,0.48448838602,0.));
#7768 = ORIENTED_EDGE('',*,*,#7769,.T.);
#7769 = EDGE_CURVE('',#7762,#7770,#7772,.T.);
#7770 = VERTEX_POINT('',#7771);
#7771 = CARTESIAN_POINT('',(-8.645470566507,-5.26986372534,8.));
#7772 = LINE('',#7773,#7774);
#7773 = CARTESIAN_POINT('',(-8.857326642398,-4.905444908454,8.));
#7774 = VECTOR('',#7775,1.);
#7775 = DIRECTION('',(0.502593278054,-0.864522988043,0.));
#7776 = ORIENTED_EDGE('',*,*,#7777,.T.);
#7777 = EDGE_CURVE('',#7770,#7778,#7780,.T.);
#7778 = VERTEX_POINT('',#7779);
#7779 = CARTESIAN_POINT('',(-8.418629824563,-5.625148609323,8.));
#7780 = LINE('',#7781,#7782);
#7781 = CARTESIAN_POINT('',(-8.645470566507,-5.26986372534,8.));
#7782 = VECTOR('',#7783,1.);
#7783 = DIRECTION('',(0.538141904171,-0.84285425251,0.));
#7784 = ORIENTED_EDGE('',*,*,#7785,.T.);
#7785 = EDGE_CURVE('',#7778,#7786,#7788,.T.);
#7786 = VERTEX_POINT('',#7787);
#7787 = CARTESIAN_POINT('',(-8.177197585768,-5.970683766815,8.));
#7788 = LINE('',#7789,#7790);
#7789 = CARTESIAN_POINT('',(-8.418629824563,-5.625148609323,8.));
#7790 = VECTOR('',#7791,1.);
#7791 = DIRECTION('',(0.572757801797,-0.819724649185,0.));
#7792 = ORIENTED_EDGE('',*,*,#7793,.T.);
#7793 = EDGE_CURVE('',#7786,#7794,#7796,.T.);
#7794 = VERTEX_POINT('',#7795);
#7795 = CARTESIAN_POINT('',(-7.921592309873,-6.305870302833,8.));
#7796 = LINE('',#7797,#7798);
#7797 = CARTESIAN_POINT('',(-8.177197585768,-5.970683766815,8.));
#7798 = VECTOR('',#7799,1.);
#7799 = DIRECTION('',(0.606380973309,-0.795174267195,0.));
#7800 = ORIENTED_EDGE('',*,*,#7801,.T.);
#7801 = EDGE_CURVE('',#7794,#7802,#7804,.T.);
#7802 = VERTEX_POINT('',#7803);
#7803 = CARTESIAN_POINT('',(-8.822345813711,-7.022902251441,8.));
#7804 = LINE('',#7805,#7806);
#7805 = CARTESIAN_POINT('',(-7.921592309873,-6.305870302833,8.));
#7806 = VECTOR('',#7807,1.);
#7807 = DIRECTION('',(-0.782379487395,-0.622802005218,0.));
#7808 = ORIENTED_EDGE('',*,*,#7809,.T.);
#7809 = EDGE_CURVE('',#7802,#7810,#7812,.T.);
#7810 = VERTEX_POINT('',#7811);
#7811 = CARTESIAN_POINT('',(-8.935450095299,-7.135829342029,8.));
#7812 = LINE('',#7813,#7814);
#7813 = CARTESIAN_POINT('',(-8.822345813711,-7.022902251441,8.));
#7814 = VECTOR('',#7815,1.);
#7815 = DIRECTION('',(-0.707660880416,-0.706552247417,0.));
#7816 = ORIENTED_EDGE('',*,*,#7817,.T.);
#7817 = EDGE_CURVE('',#7810,#7818,#7820,.T.);
#7818 = VERTEX_POINT('',#7819);
#7819 = CARTESIAN_POINT('',(-9.039007826791,-7.260613678866,8.));
#7820 = LINE('',#7821,#7822);
#7821 = CARTESIAN_POINT('',(-8.935450095299,-7.135829342029,8.));
#7822 = VECTOR('',#7823,1.);
#7823 = DIRECTION('',(-0.638620975248,-0.769521442179,0.));
#7824 = ORIENTED_EDGE('',*,*,#7825,.T.);
#7825 = EDGE_CURVE('',#7818,#7826,#7828,.T.);
#7826 = VERTEX_POINT('',#7827);
#7827 = CARTESIAN_POINT('',(-9.136019499689,-7.393349946979,8.));
#7828 = LINE('',#7829,#7830);
#7829 = CARTESIAN_POINT('',(-9.039007826791,-7.260613678866,8.));
#7830 = VECTOR('',#7831,1.);
#7831 = DIRECTION('',(-0.590064534517,-0.807356083216,0.));
#7832 = ORIENTED_EDGE('',*,*,#7833,.T.);
#7833 = EDGE_CURVE('',#7826,#7834,#7836,.T.);
#7834 = VERTEX_POINT('',#7835);
#7835 = CARTESIAN_POINT('',(-9.227464032013,-7.532671710225,8.));
#7836 = LINE('',#7837,#7838);
#7837 = CARTESIAN_POINT('',(-9.136019499689,-7.393349946979,8.));
#7838 = VECTOR('',#7839,1.);
#7839 = DIRECTION('',(-0.548717781633,-0.836007653147,0.));
#7840 = ORIENTED_EDGE('',*,*,#7841,.T.);
#7841 = EDGE_CURVE('',#7834,#7842,#7844,.T.);
#7842 = VERTEX_POINT('',#7843);
#7843 = CARTESIAN_POINT('',(-9.313856178713,-7.677794997626,8.));
#7844 = LINE('',#7845,#7846);
#7845 = CARTESIAN_POINT('',(-9.227464032013,-7.532671710225,8.));
#7846 = VECTOR('',#7847,1.);
#7847 = DIRECTION('',(-0.511524245158,-0.859268844202,0.));
#7848 = ORIENTED_EDGE('',*,*,#7849,.T.);
#7849 = EDGE_CURVE('',#7842,#7850,#7852,.T.);
#7850 = VERTEX_POINT('',#7851);
#7851 = CARTESIAN_POINT('',(-9.395507490247,-7.828190525243,8.));
#7852 = LINE('',#7853,#7854);
#7853 = CARTESIAN_POINT('',(-9.313856178713,-7.677794997626,8.));
#7854 = VECTOR('',#7855,1.);
#7855 = DIRECTION('',(-0.477128083119,-0.878833768297,0.));
#7856 = ORIENTED_EDGE('',*,*,#7857,.T.);
#7857 = EDGE_CURVE('',#7850,#7858,#7860,.T.);
#7858 = VERTEX_POINT('',#7859);
#7859 = CARTESIAN_POINT('',(-9.472619451814,-7.983466737178,8.));
#7860 = LINE('',#7861,#7862);
#7861 = CARTESIAN_POINT('',(-9.395507490247,-7.828190525243,8.));
#7862 = VECTOR('',#7863,1.);
#7863 = DIRECTION('',(-0.444784094664,-0.895637822523,0.));
#7864 = ORIENTED_EDGE('',*,*,#7865,.T.);
#7865 = EDGE_CURVE('',#7858,#7866,#7868,.T.);
#7866 = VERTEX_POINT('',#7867);
#7867 = CARTESIAN_POINT('',(-9.545326421249,-8.143315910997,8.));
#7868 = LINE('',#7869,#7870);
#7869 = CARTESIAN_POINT('',(-9.472619451814,-7.983466737178,8.));
#7870 = VECTOR('',#7871,1.);
#7871 = DIRECTION('',(-0.414030662725,-0.910262934719,0.));
#7872 = ORIENTED_EDGE('',*,*,#7873,.T.);
#7873 = EDGE_CURVE('',#7866,#7874,#7876,.T.);
#7874 = VERTEX_POINT('',#7875);
#7875 = CARTESIAN_POINT('',(-9.613718554154,-8.307485403915,8.));
#7876 = LINE('',#7877,#7878);
#7877 = CARTESIAN_POINT('',(-9.545326421249,-8.143315910997,8.));
#7878 = VECTOR('',#7879,1.);
#7879 = DIRECTION('',(-0.384558741602,-0.923100522293,0.));
#7880 = ORIENTED_EDGE('',*,*,#7881,.T.);
#7881 = EDGE_CURVE('',#7874,#7882,#7884,.T.);
#7882 = VERTEX_POINT('',#7883);
#7883 = CARTESIAN_POINT('',(-9.677855298475,-8.475760746095,8.));
#7884 = LINE('',#7885,#7886);
#7885 = CARTESIAN_POINT('',(-9.613718554154,-8.307485403915,8.));
#7886 = VECTOR('',#7887,1.);
#7887 = DIRECTION('',(-0.356149780775,-0.934428881004,0.));
#7888 = ORIENTED_EDGE('',*,*,#7889,.T.);
#7889 = EDGE_CURVE('',#7882,#7890,#7892,.T.);
#7890 = VERTEX_POINT('',#7891);
#7891 = CARTESIAN_POINT('',(-9.737773916212,-8.647954981196,8.));
#7892 = LINE('',#7893,#7894);
#7893 = CARTESIAN_POINT('',(-9.677855298475,-8.475760746095,8.));
#7894 = VECTOR('',#7895,1.);
#7895 = DIRECTION('',(-0.328642800701,-0.944454291931,0.));
#7896 = ORIENTED_EDGE('',*,*,#7897,.T.);
#7897 = EDGE_CURVE('',#7890,#7898,#7900,.T.);
#7898 = VERTEX_POINT('',#7899);
#7899 = CARTESIAN_POINT('',(-9.793495159654,-8.823901581666,8.));
#7900 = LINE('',#7901,#7902);
#7901 = CARTESIAN_POINT('',(-9.737773916212,-8.647954981196,8.));
#7902 = VECTOR('',#7903,1.);
#7903 = DIRECTION('',(-0.301915440496,-0.953334708688,0.));
#7904 = ORIENTED_EDGE('',*,*,#7905,.T.);
#7905 = EDGE_CURVE('',#7898,#7906,#7908,.T.);
#7906 = VERTEX_POINT('',#7907);
#7907 = CARTESIAN_POINT('',(-9.84502721462,-9.003449541249,8.));
#7908 = LINE('',#7909,#7910);
#7909 = CARTESIAN_POINT('',(-9.793495159654,-8.823901581666,8.));
#7910 = VECTOR('',#7911,1.);
#7911 = DIRECTION('',(-0.275872344808,-0.961194282843,0.));
#7912 = ORIENTED_EDGE('',*,*,#7913,.T.);
#7913 = EDGE_CURVE('',#7906,#7914,#7916,.T.);
#7914 = VERTEX_POINT('',#7915);
#7915 = CARTESIAN_POINT('',(-9.89236853483,-9.186459860637,8.));
#7916 = LINE('',#7917,#7918);
#7917 = CARTESIAN_POINT('',(-9.84502721462,-9.003449541249,8.));
#7918 = VECTOR('',#7919,1.);
#7919 = DIRECTION('',(-0.250437687273,-0.96813272065,0.));
#7920 = ORIENTED_EDGE('',*,*,#7921,.T.);
#7921 = EDGE_CURVE('',#7914,#7922,#7924,.T.);
#7922 = VERTEX_POINT('',#7923);
#7923 = CARTESIAN_POINT('',(-9.6628915001,-9.42754092313,8.));
#7924 = LINE('',#7925,#7926);
#7925 = CARTESIAN_POINT('',(-9.89236853483,-9.186459860637,8.));
#7926 = VECTOR('',#7927,1.);
#7927 = DIRECTION('',(0.689459824032,-0.724323926877,0.));
#7928 = ORIENTED_EDGE('',*,*,#7929,.T.);
#7929 = EDGE_CURVE('',#7922,#7930,#7932,.T.);
#7930 = VERTEX_POINT('',#7931);
#7931 = CARTESIAN_POINT('',(-9.42754092313,-9.6628915001,8.));
#7932 = LINE('',#7933,#7934);
#7933 = CARTESIAN_POINT('',(-9.6628915001,-9.42754092313,8.));
#7934 = VECTOR('',#7935,1.);
#7935 = DIRECTION('',(0.707106781187,-0.707106781187,0.));
#7936 = ORIENTED_EDGE('',*,*,#7937,.T.);
#7937 = EDGE_CURVE('',#7930,#7938,#7940,.T.);
#7938 = VERTEX_POINT('',#7939);
#7939 = CARTESIAN_POINT('',(-9.186459860637,-9.89236853483,8.));
#7940 = LINE('',#7941,#7942);
#7941 = CARTESIAN_POINT('',(-9.42754092313,-9.6628915001,8.));
#7942 = VECTOR('',#7943,1.);
#7943 = DIRECTION('',(0.724323926877,-0.689459824032,0.));
#7944 = ORIENTED_EDGE('',*,*,#7945,.T.);
#7945 = EDGE_CURVE('',#7938,#7946,#7948,.T.);
#7946 = VERTEX_POINT('',#7947);
#7947 = CARTESIAN_POINT('',(-9.003449541249,-9.84502721462,8.));
#7948 = LINE('',#7949,#7950);
#7949 = CARTESIAN_POINT('',(-9.186459860637,-9.89236853483,8.));
#7950 = VECTOR('',#7951,1.);
#7951 = DIRECTION('',(0.96813272065,0.250437687273,0.));
#7952 = ORIENTED_EDGE('',*,*,#7953,.T.);
#7953 = EDGE_CURVE('',#7946,#7954,#7956,.T.);
#7954 = VERTEX_POINT('',#7955);
#7955 = CARTESIAN_POINT('',(-8.823901581666,-9.793495159654,8.));
#7956 = LINE('',#7957,#7958);
#7957 = CARTESIAN_POINT('',(-9.003449541249,-9.84502721462,8.));
#7958 = VECTOR('',#7959,1.);
#7959 = DIRECTION('',(0.961194282843,0.275872344808,0.));
#7960 = ORIENTED_EDGE('',*,*,#7961,.T.);
#7961 = EDGE_CURVE('',#7954,#7962,#7964,.T.);
#7962 = VERTEX_POINT('',#7963);
#7963 = CARTESIAN_POINT('',(-8.647954981196,-9.737773916212,8.));
#7964 = LINE('',#7965,#7966);
#7965 = CARTESIAN_POINT('',(-8.823901581666,-9.793495159654,8.));
#7966 = VECTOR('',#7967,1.);
#7967 = DIRECTION('',(0.953334708688,0.301915440496,0.));
#7968 = ORIENTED_EDGE('',*,*,#7969,.T.);
#7969 = EDGE_CURVE('',#7962,#7970,#7972,.T.);
#7970 = VERTEX_POINT('',#7971);
#7971 = CARTESIAN_POINT('',(-8.475760746095,-9.677855298475,8.));
#7972 = LINE('',#7973,#7974);
#7973 = CARTESIAN_POINT('',(-8.647954981196,-9.737773916212,8.));
#7974 = VECTOR('',#7975,1.);
#7975 = DIRECTION('',(0.944454291931,0.328642800701,0.));
#7976 = ORIENTED_EDGE('',*,*,#7977,.T.);
#7977 = EDGE_CURVE('',#7970,#7978,#7980,.T.);
#7978 = VERTEX_POINT('',#7979);
#7979 = CARTESIAN_POINT('',(-8.307485403915,-9.613718554154,8.));
#7980 = LINE('',#7981,#7982);
#7981 = CARTESIAN_POINT('',(-8.475760746095,-9.677855298475,8.));
#7982 = VECTOR('',#7983,1.);
#7983 = DIRECTION('',(0.934428881004,0.356149780775,0.));
#7984 = ORIENTED_EDGE('',*,*,#7985,.T.);
#7985 = EDGE_CURVE('',#7978,#7986,#7988,.T.);
#7986 = VERTEX_POINT('',#7987);
#7987 = CARTESIAN_POINT('',(-8.143315910997,-9.545326421249,8.));
#7988 = LINE('',#7989,#7990);
#7989 = CARTESIAN_POINT('',(-8.307485403915,-9.613718554154,8.));
#7990 = VECTOR('',#7991,1.);
#7991 = DIRECTION('',(0.923100522293,0.384558741602,0.));
#7992 = ORIENTED_EDGE('',*,*,#7993,.T.);
#7993 = EDGE_CURVE('',#7986,#7994,#7996,.T.);
#7994 = VERTEX_POINT('',#7995);
#7995 = CARTESIAN_POINT('',(-7.983466737178,-9.472619451814,8.));
#7996 = LINE('',#7997,#7998);
#7997 = CARTESIAN_POINT('',(-8.143315910997,-9.545326421249,8.));
#7998 = VECTOR('',#7999,1.);
#7999 = DIRECTION('',(0.910262934719,0.414030662725,0.));
#8000 = ORIENTED_EDGE('',*,*,#8001,.T.);
#8001 = EDGE_CURVE('',#7994,#8002,#8004,.T.);
#8002 = VERTEX_POINT('',#8003);
#8003 = CARTESIAN_POINT('',(-7.828190525243,-9.395507490247,8.));
#8004 = LINE('',#8005,#8006);
#8005 = CARTESIAN_POINT('',(-7.983466737178,-9.472619451814,8.));
#8006 = VECTOR('',#8007,1.);
#8007 = DIRECTION('',(0.895637822523,0.444784094664,0.));
#8008 = ORIENTED_EDGE('',*,*,#8009,.T.);
#8009 = EDGE_CURVE('',#8002,#8010,#8012,.T.);
#8010 = VERTEX_POINT('',#8011);
#8011 = CARTESIAN_POINT('',(-7.677794997626,-9.313856178713,8.));
#8012 = LINE('',#8013,#8014);
#8013 = CARTESIAN_POINT('',(-7.828190525243,-9.395507490247,8.));
#8014 = VECTOR('',#8015,1.);
#8015 = DIRECTION('',(0.878833768297,0.477128083119,0.));
#8016 = ORIENTED_EDGE('',*,*,#8017,.T.);
#8017 = EDGE_CURVE('',#8010,#8018,#8020,.T.);
#8018 = VERTEX_POINT('',#8019);
#8019 = CARTESIAN_POINT('',(-7.532671710225,-9.227464032013,8.));
#8020 = LINE('',#8021,#8022);
#8021 = CARTESIAN_POINT('',(-7.677794997626,-9.313856178713,8.));
#8022 = VECTOR('',#8023,1.);
#8023 = DIRECTION('',(0.859268844202,0.511524245158,0.));
#8024 = ORIENTED_EDGE('',*,*,#8025,.T.);
#8025 = EDGE_CURVE('',#8018,#8026,#8028,.T.);
#8026 = VERTEX_POINT('',#8027);
#8027 = CARTESIAN_POINT('',(-7.393349946979,-9.136019499689,8.));
#8028 = LINE('',#8029,#8030);
#8029 = CARTESIAN_POINT('',(-7.532671710225,-9.227464032013,8.));
#8030 = VECTOR('',#8031,1.);
#8031 = DIRECTION('',(0.836007653147,0.548717781633,0.));
#8032 = ORIENTED_EDGE('',*,*,#8033,.T.);
#8033 = EDGE_CURVE('',#8026,#8034,#8036,.T.);
#8034 = VERTEX_POINT('',#8035);
#8035 = CARTESIAN_POINT('',(-7.260613678866,-9.039007826791,8.));
#8036 = LINE('',#8037,#8038);
#8037 = CARTESIAN_POINT('',(-7.393349946979,-9.136019499689,8.));
#8038 = VECTOR('',#8039,1.);
#8039 = DIRECTION('',(0.807356083216,0.590064534517,0.));
#8040 = ORIENTED_EDGE('',*,*,#8041,.T.);
#8041 = EDGE_CURVE('',#8034,#8042,#8044,.T.);
#8042 = VERTEX_POINT('',#8043);
#8043 = CARTESIAN_POINT('',(-7.135829342029,-8.935450095299,8.));
#8044 = LINE('',#8045,#8046);
#8045 = CARTESIAN_POINT('',(-7.260613678866,-9.039007826791,8.));
#8046 = VECTOR('',#8047,1.);
#8047 = DIRECTION('',(0.769521442179,0.638620975248,0.));
#8048 = ORIENTED_EDGE('',*,*,#8049,.T.);
#8049 = EDGE_CURVE('',#8042,#8050,#8052,.T.);
#8050 = VERTEX_POINT('',#8051);
#8051 = CARTESIAN_POINT('',(-7.022902251441,-8.822345813711,8.));
#8052 = LINE('',#8053,#8054);
#8053 = CARTESIAN_POINT('',(-7.135829342029,-8.935450095299,8.));
#8054 = VECTOR('',#8055,1.);
#8055 = DIRECTION('',(0.706552247417,0.707660880416,0.));
#8056 = ORIENTED_EDGE('',*,*,#8057,.T.);
#8057 = EDGE_CURVE('',#8050,#8058,#8060,.T.);
#8058 = VERTEX_POINT('',#8059);
#8059 = CARTESIAN_POINT('',(-6.305870302833,-7.921592309873,8.));
#8060 = LINE('',#8061,#8062);
#8061 = CARTESIAN_POINT('',(-7.022902251441,-8.822345813711,8.));
#8062 = VECTOR('',#8063,1.);
#8063 = DIRECTION('',(0.622802005218,0.782379487395,0.));
#8064 = ORIENTED_EDGE('',*,*,#8065,.T.);
#8065 = EDGE_CURVE('',#8058,#8066,#8068,.T.);
#8066 = VERTEX_POINT('',#8067);
#8067 = CARTESIAN_POINT('',(-5.970683766815,-8.177197585768,8.));
#8068 = LINE('',#8069,#8070);
#8069 = CARTESIAN_POINT('',(-6.305870302833,-7.921592309873,8.));
#8070 = VECTOR('',#8071,1.);
#8071 = DIRECTION('',(0.795174267195,-0.606380973309,0.));
#8072 = ORIENTED_EDGE('',*,*,#8073,.T.);
#8073 = EDGE_CURVE('',#8066,#8074,#8076,.T.);
#8074 = VERTEX_POINT('',#8075);
#8075 = CARTESIAN_POINT('',(-5.625148609323,-8.418629824563,8.));
#8076 = LINE('',#8077,#8078);
#8077 = CARTESIAN_POINT('',(-5.970683766815,-8.177197585768,8.));
#8078 = VECTOR('',#8079,1.);
#8079 = DIRECTION('',(0.819724649185,-0.572757801797,0.));
#8080 = ORIENTED_EDGE('',*,*,#8081,.T.);
#8081 = EDGE_CURVE('',#8074,#8082,#8084,.T.);
#8082 = VERTEX_POINT('',#8083);
#8083 = CARTESIAN_POINT('',(-5.26986372534,-8.645470566507,8.));
#8084 = LINE('',#8085,#8086);
#8085 = CARTESIAN_POINT('',(-5.625148609323,-8.418629824563,8.));
#8086 = VECTOR('',#8087,1.);
#8087 = DIRECTION('',(0.84285425251,-0.538141904171,0.));
#8088 = ORIENTED_EDGE('',*,*,#8089,.T.);
#8089 = EDGE_CURVE('',#8082,#8090,#8092,.T.);
#8090 = VERTEX_POINT('',#8091);
#8091 = CARTESIAN_POINT('',(-4.905444908454,-8.857326642398,8.));
#8092 = LINE('',#8093,#8094);
#8093 = CARTESIAN_POINT('',(-5.26986372534,-8.645470566507,8.));
#8094 = VECTOR('',#8095,1.);
#8095 = DIRECTION('',(0.864522988043,-0.502593278054,0.));
#8096 = ORIENTED_EDGE('',*,*,#8097,.T.);
#8097 = EDGE_CURVE('',#8090,#8098,#8100,.T.);
#8098 = VERTEX_POINT('',#8099);
#8099 = CARTESIAN_POINT('',(-5.463236387278,-9.864481226436,8.));
#8100 = LINE('',#8101,#8102);
#8101 = CARTESIAN_POINT('',(-4.905444908454,-8.857326642398,8.));
#8102 = VECTOR('',#8103,1.);
#8103 = DIRECTION('',(-0.48448838602,-0.874797693076,0.));
#8104 = ORIENTED_EDGE('',*,*,#8105,.T.);
#8105 = EDGE_CURVE('',#8098,#8106,#8108,.T.);
#8106 = VERTEX_POINT('',#8107);
#8107 = CARTESIAN_POINT('',(-5.524515791444,-10.01209538879,8.));
#8108 = LINE('',#8109,#8110);
#8109 = CARTESIAN_POINT('',(-5.463236387278,-9.864481226436,8.));
#8110 = VECTOR('',#8111,1.);
#8111 = DIRECTION('',(-0.383407564188,-0.923579254706,0.));
#8112 = ORIENTED_EDGE('',*,*,#8113,.T.);
#8113 = EDGE_CURVE('',#8106,#8114,#8116,.T.);
#8114 = VERTEX_POINT('',#8115);
#8115 = CARTESIAN_POINT('',(-5.572437761676,-10.1670109117,8.));
#8116 = LINE('',#8117,#8118);
#8117 = CARTESIAN_POINT('',(-5.524515791444,-10.01209538879,8.));
#8118 = VECTOR('',#8119,1.);
#8119 = DIRECTION('',(-0.295525741292,-0.955334777046,0.));
#8120 = ORIENTED_EDGE('',*,*,#8121,.T.);
#8121 = EDGE_CURVE('',#8114,#8122,#8124,.T.);
#8122 = VERTEX_POINT('',#8123);
#8123 = CARTESIAN_POINT('',(-5.611268890001,-10.326767993,8.));
#8124 = LINE('',#8125,#8126);
#8125 = CARTESIAN_POINT('',(-5.572437761676,-10.1670109117,8.));
#8126 = VECTOR('',#8127,1.);
#8127 = DIRECTION('',(-0.236186749235,-0.971707682117,0.));
#8128 = ORIENTED_EDGE('',*,*,#8129,.T.);
#8129 = EDGE_CURVE('',#8122,#8130,#8132,.T.);
#8130 = VERTEX_POINT('',#8131);
#8131 = CARTESIAN_POINT('',(-5.642436491213,-10.490478826,8.));
#8132 = LINE('',#8133,#8134);
#8133 = CARTESIAN_POINT('',(-5.611268890001,-10.326767993,8.));
#8134 = VECTOR('',#8135,1.);
#8135 = DIRECTION('',(-0.187022849386,-0.98235556384,0.));
#8136 = ORIENTED_EDGE('',*,*,#8137,.T.);
#8137 = EDGE_CURVE('',#8130,#8138,#8140,.T.);
#8138 = VERTEX_POINT('',#8139);
#8139 = CARTESIAN_POINT('',(-5.66671614958,-10.65761610414,8.));
#8140 = LINE('',#8141,#8142);
#8141 = CARTESIAN_POINT('',(-5.642436491213,-10.490478826,8.));
#8142 = VECTOR('',#8143,1.);
#8143 = DIRECTION('',(-0.143758829861,-0.989612751958,0.));
#8144 = ORIENTED_EDGE('',*,*,#8145,.T.);
#8145 = EDGE_CURVE('',#8138,#8146,#8148,.T.);
#8146 = VERTEX_POINT('',#8147);
#8147 = CARTESIAN_POINT('',(-5.684598248388,-10.82781005805,8.));
#8148 = LINE('',#8149,#8150);
#8149 = CARTESIAN_POINT('',(-5.66671614958,-10.65761610414,8.));
#8150 = VECTOR('',#8151,1.);
#8151 = DIRECTION('',(-0.10449374745,-0.994525543535,0.));
#8152 = ORIENTED_EDGE('',*,*,#8153,.T.);
#8153 = EDGE_CURVE('',#8146,#8154,#8156,.T.);
#8154 = VERTEX_POINT('',#8155);
#8155 = CARTESIAN_POINT('',(-5.696418777643,-11.00077604227,8.));
#8156 = LINE('',#8157,#8158);
#8157 = CARTESIAN_POINT('',(-5.684598248388,-10.82781005805,8.));
#8158 = VECTOR('',#8159,1.);
#8159 = DIRECTION('',(-6.818116536719E-02,-0.99767295678,0.));
#8160 = ORIENTED_EDGE('',*,*,#8161,.T.);
#8161 = EDGE_CURVE('',#8154,#8162,#8164,.T.);
#8162 = VERTEX_POINT('',#8163);
#8163 = CARTESIAN_POINT('',(-5.702419628077,-11.17628117487,8.));
#8164 = LINE('',#8165,#8166);
#8165 = CARTESIAN_POINT('',(-5.696418777643,-11.00077604227,8.));
#8166 = VECTOR('',#8167,1.);
#8167 = DIRECTION('',(-3.417191091091E-02,-0.999415969707,0.));
#8168 = ORIENTED_EDGE('',*,*,#8169,.T.);
#8169 = EDGE_CURVE('',#8162,#8170,#8172,.T.);
#8170 = VERTEX_POINT('',#8171);
#8171 = CARTESIAN_POINT('',(-5.702780774814,-11.3541265454,8.));
#8172 = LINE('',#8173,#8174);
#8173 = CARTESIAN_POINT('',(-5.702419628077,-11.17628117487,8.));
#8174 = VECTOR('',#8175,1.);
#8175 = DIRECTION('',(-2.03067412486E-03,-0.999997938179,0.));
#8176 = ORIENTED_EDGE('',*,*,#8177,.T.);
#8177 = EDGE_CURVE('',#8170,#8178,#8180,.T.);
#8178 = VERTEX_POINT('',#8179);
#8179 = CARTESIAN_POINT('',(-5.697639214646,-11.53413675933,8.));
#8180 = LINE('',#8181,#8182);
#8181 = CARTESIAN_POINT('',(-5.702780774814,-11.3541265454,8.));
#8182 = VECTOR('',#8183,1.);
#8183 = DIRECTION('',(2.855095851751E-02,-0.99959233829,0.));
#8184 = ORIENTED_EDGE('',*,*,#8185,.T.);
#8185 = EDGE_CURVE('',#8178,#8186,#8188,.T.);
#8186 = VERTEX_POINT('',#8187);
#8187 = CARTESIAN_POINT('',(-5.687100918268,-11.71615335105,8.));
#8188 = LINE('',#8189,#8190);
#8189 = CARTESIAN_POINT('',(-5.697639214646,-11.53413675933,8.));
#8190 = VECTOR('',#8191,1.);
#8191 = DIRECTION('',(5.780065307352E-02,-0.998328144702,0.));
#8192 = ORIENTED_EDGE('',*,*,#8193,.T.);
#8193 = EDGE_CURVE('',#8186,#8194,#8196,.T.);
#8194 = VERTEX_POINT('',#8195);
#8195 = CARTESIAN_POINT('',(-5.671248785629,-11.90003041074,8.));
#8196 = LINE('',#8197,#8198);
#8197 = CARTESIAN_POINT('',(-5.687100918268,-11.71615335105,8.));
#8198 = VECTOR('',#8199,1.);
#8199 = DIRECTION('',(8.589190249037E-02,-0.996304462043,0.));
#8200 = ORIENTED_EDGE('',*,*,#8201,.T.);
#8201 = EDGE_CURVE('',#8194,#8202,#8204,.T.);
#8202 = VERTEX_POINT('',#8203);
#8203 = CARTESIAN_POINT('',(-5.650148167032,-12.08563155937,8.));
#8204 = LINE('',#8205,#8206);
#8205 = CARTESIAN_POINT('',(-5.671248785629,-11.90003041074,8.));
#8206 = VECTOR('',#8207,1.);
#8207 = DIRECTION('',(0.112960314374,-0.993599500491,0.));
#8208 = ORIENTED_EDGE('',*,*,#8209,.T.);
#8209 = EDGE_CURVE('',#8202,#8210,#8212,.T.);
#8210 = VERTEX_POINT('',#8211);
#8211 = CARTESIAN_POINT('',(-5.623850826635,-12.2728277866,8.));
#8212 = LINE('',#8213,#8214);
#8213 = CARTESIAN_POINT('',(-5.650148167032,-12.08563155937,8.));
#8214 = VECTOR('',#8215,1.);
#8215 = DIRECTION('',(0.139114099083,-0.990276359122,0.));
#8216 = ORIENTED_EDGE('',*,*,#8217,.T.);
#8217 = EDGE_CURVE('',#8210,#8218,#8220,.T.);
#8218 = VERTEX_POINT('',#8219);
#8219 = CARTESIAN_POINT('',(-5.319583962594,-12.40774058662,8.));
#8220 = LINE('',#8221,#8222);
#8221 = CARTESIAN_POINT('',(-5.623850826635,-12.2728277866,8.));
#8222 = VECTOR('',#8223,1.);
#8223 = DIRECTION('',(0.914164586393,-0.405343199011,0.));
#8224 = ORIENTED_EDGE('',*,*,#8225,.T.);
#8225 = EDGE_CURVE('',#8218,#8226,#8228,.T.);
#8226 = VERTEX_POINT('',#8227);
#8227 = CARTESIAN_POINT('',(-5.012083614962,-12.53511140104,8.));
#8228 = LINE('',#8229,#8230);
#8229 = CARTESIAN_POINT('',(-5.319583962594,-12.40774058662,8.));
#8230 = VECTOR('',#8231,1.);
#8231 = DIRECTION('',(0.923879532511,-0.382683432365,0.));
#8232 = ORIENTED_EDGE('',*,*,#8233,.T.);
#8233 = EDGE_CURVE('',#8226,#8234,#8236,.T.);
#8234 = VERTEX_POINT('',#8235);
#8235 = CARTESIAN_POINT('',(-4.70153669635,-12.65486280814,8.));
#8236 = LINE('',#8237,#8238);
#8237 = CARTESIAN_POINT('',(-5.012083614962,-12.53511140104,8.));
#8238 = VECTOR('',#8239,1.);
#8239 = DIRECTION('',(0.933032902888,-0.359791053431,0.));
#8240 = ORIENTED_EDGE('',*,*,#8241,.T.);
#8241 = EDGE_CURVE('',#8234,#8242,#8244,.T.);
#8242 = VERTEX_POINT('',#8243);
#8243 = CARTESIAN_POINT('',(-4.55057394694,-12.54109011417,8.));
#8244 = LINE('',#8245,#8246);
#8245 = CARTESIAN_POINT('',(-4.70153669635,-12.65486280814,8.));
#8246 = VECTOR('',#8247,1.);
#8247 = DIRECTION('',(0.798599651604,0.601862605964,0.));
#8248 = ORIENTED_EDGE('',*,*,#8249,.T.);
#8249 = EDGE_CURVE('',#8242,#8250,#8252,.T.);
#8250 = VERTEX_POINT('',#8251);
#8251 = CARTESIAN_POINT('',(-4.404413725648,-12.42477067387,8.));
#8252 = LINE('',#8253,#8254);
#8253 = CARTESIAN_POINT('',(-4.55057394694,-12.54109011417,8.));
#8254 = VECTOR('',#8255,1.);
#8255 = DIRECTION('',(0.78245594888,0.622705940282,0.));
#8256 = ORIENTED_EDGE('',*,*,#8257,.T.);
#8257 = EDGE_CURVE('',#8250,#8258,#8260,.T.);
#8258 = VERTEX_POINT('',#8259);
#8259 = CARTESIAN_POINT('',(-4.263183859355,-12.30595910855,8.));
#8260 = LINE('',#8261,#8262);
#8261 = CARTESIAN_POINT('',(-4.404413725648,-12.42477067387,8.));
#8262 = VECTOR('',#8263,1.);
#8263 = DIRECTION('',(0.765228387937,0.643758894537,0.));
#8264 = ORIENTED_EDGE('',*,*,#8265,.T.);
#8265 = EDGE_CURVE('',#8258,#8266,#8268,.T.);
#8266 = VERTEX_POINT('',#8267);
#8267 = CARTESIAN_POINT('',(-4.127026992226,-12.18470564308,8.));
#8268 = LINE('',#8269,#8270);
#8269 = CARTESIAN_POINT('',(-4.263183859355,-12.30595910855,8.));
#8270 = VECTOR('',#8271,1.);
#8271 = DIRECTION('',(0.746795834714,0.665053367223,0.));
#8272 = ORIENTED_EDGE('',*,*,#8273,.T.);
#8273 = EDGE_CURVE('',#8266,#8274,#8276,.T.);
#8274 = VERTEX_POINT('',#8275);
#8275 = CARTESIAN_POINT('',(-3.996104917217,-12.0610548322,8.));
#8276 = LINE('',#8277,#8278);
#8277 = CARTESIAN_POINT('',(-4.127026992226,-12.18470564308,8.));
#8278 = VECTOR('',#8279,1.);
#8279 = DIRECTION('',(0.727007097204,0.68662994445,0.));
#8280 = ORIENTED_EDGE('',*,*,#8281,.T.);
#8281 = EDGE_CURVE('',#8274,#8282,#8284,.T.);
#8282 = VERTEX_POINT('',#8283);
#8283 = CARTESIAN_POINT('',(-3.870604619015,-11.93504379538,8.));
#8284 = LINE('',#8285,#8286);
#8285 = CARTESIAN_POINT('',(-3.996104917217,-12.0610548322,8.));
#8286 = VECTOR('',#8287,1.);
#8287 = DIRECTION('',(0.705669419815,0.708541226703,0.));
#8288 = ORIENTED_EDGE('',*,*,#8289,.T.);
#8289 = EDGE_CURVE('',#8282,#8290,#8292,.T.);
#8290 = VERTEX_POINT('',#8291);
#8291 = CARTESIAN_POINT('',(-3.750746991655,-11.80669968395,8.));
#8292 = LINE('',#8293,#8294);
#8293 = CARTESIAN_POINT('',(-3.870604619015,-11.93504379538,8.));
#8294 = VECTOR('',#8295,1.);
#8295 = DIRECTION('',(0.682530619474,0.730856999337,0.));
#8296 = ORIENTED_EDGE('',*,*,#8297,.T.);
#8297 = EDGE_CURVE('',#8290,#8298,#8300,.T.);
#8298 = VERTEX_POINT('',#8299);
#8299 = CARTESIAN_POINT('',(-3.636799947691,-11.6760358872,8.));
#8300 = LINE('',#8301,#8302);
#8301 = CARTESIAN_POINT('',(-3.750746991655,-11.80669968395,8.));
#8302 = VECTOR('',#8303,1.);
#8303 = DIRECTION('',(0.657249948765,0.753672677526,0.));
#8304 = ORIENTED_EDGE('',*,*,#8305,.T.);
#8305 = EDGE_CURVE('',#8298,#8306,#8308,.T.);
#8306 = VERTEX_POINT('',#8307);
#8307 = CARTESIAN_POINT('',(-3.529099202099,-11.54304603495,8.));
#8308 = LINE('',#8309,#8310);
#8309 = CARTESIAN_POINT('',(-3.636799947691,-11.6760358872,8.));
#8310 = VECTOR('',#8311,1.);
#8311 = DIRECTION('',(0.629347518484,0.77712399331,0.));
#8312 = ORIENTED_EDGE('',*,*,#8313,.T.);
#8313 = EDGE_CURVE('',#8306,#8314,#8316,.T.);
#8314 = VERTEX_POINT('',#8315);
#8315 = CARTESIAN_POINT('',(-3.428083610407,-11.40769382111,8.));
#8316 = LINE('',#8317,#8318);
#8317 = CARTESIAN_POINT('',(-3.529099202099,-11.54304603495,8.));
#8318 = VECTOR('',#8319,1.);
#8319 = DIRECTION('',(0.598109044208,0.801414731108,0.));
#8320 = ORIENTED_EDGE('',*,*,#8321,.T.);
#8321 = EDGE_CURVE('',#8314,#8322,#8324,.T.);
#8322 = VERTEX_POINT('',#8323);
#8323 = CARTESIAN_POINT('',(-3.334361392412,-11.26989395877,8.));
#8324 = LINE('',#8325,#8326);
#8325 = CARTESIAN_POINT('',(-3.428083610407,-11.40769382111,8.));
#8326 = VECTOR('',#8327,1.);
#8327 = DIRECTION('',(0.56238515569,0.826875405765,0.));
#8328 = ORIENTED_EDGE('',*,*,#8329,.T.);
#8329 = EDGE_CURVE('',#8322,#8330,#8332,.T.);
#8330 = VERTEX_POINT('',#8331);
#8331 = CARTESIAN_POINT('',(-3.248853831045,-11.12947088908,8.));
#8332 = LINE('',#8333,#8334);
#8333 = CARTESIAN_POINT('',(-3.334361392412,-11.26989395877,8.));
#8334 = VECTOR('',#8335,1.);
#8335 = DIRECTION('',(0.520091839346,0.854110343367,0.));
#8336 = ORIENTED_EDGE('',*,*,#8337,.T.);
#8337 = EDGE_CURVE('',#8330,#8338,#8340,.T.);
#8338 = VERTEX_POINT('',#8339);
#8339 = CARTESIAN_POINT('',(-3.173197964398,-10.9860431222,8.));
#8340 = LINE('',#8341,#8342);
#8341 = CARTESIAN_POINT('',(-3.248853831045,-11.12947088908,8.));
#8342 = VECTOR('',#8343,1.);
#8343 = DIRECTION('',(0.46655544347,0.884491954835,0.));
#8344 = ORIENTED_EDGE('',*,*,#8345,.T.);
#8345 = EDGE_CURVE('',#8338,#8346,#8348,.T.);
#8346 = VERTEX_POINT('',#8347);
#8347 = CARTESIAN_POINT('',(-3.112150071431,-10.83833306477,8.));
#8348 = LINE('',#8349,#8350);
#8349 = CARTESIAN_POINT('',(-3.173197964398,-10.9860431222,8.));
#8350 = VECTOR('',#8351,1.);
#8351 = DIRECTION('',(0.38195906537,0.924179242562,0.));
#8352 = ORIENTED_EDGE('',*,*,#8353,.T.);
#8353 = EDGE_CURVE('',#8346,#8354,#8356,.T.);
#8354 = VERTEX_POINT('',#8355);
#8355 = CARTESIAN_POINT('',(-2.794402372519,-9.731749091528,8.));
#8356 = LINE('',#8357,#8358);
#8357 = CARTESIAN_POINT('',(-3.112150071431,-10.83833306477,8.));
#8358 = VECTOR('',#8359,1.);
#8359 = DIRECTION('',(0.27599035778,0.961160404102,0.));
#8360 = ORIENTED_EDGE('',*,*,#8361,.T.);
#8361 = EDGE_CURVE('',#8354,#8362,#8364,.T.);
#8362 = VERTEX_POINT('',#8363);
#8363 = CARTESIAN_POINT('',(-2.386914488009,-9.839627240243,8.));
#8364 = LINE('',#8365,#8366);
#8365 = CARTESIAN_POINT('',(-2.794402372519,-9.731749091528,8.));
#8366 = VECTOR('',#8367,1.);
#8367 = DIRECTION('',(0.966697182428,-0.255922952246,0.));
#8368 = ORIENTED_EDGE('',*,*,#8369,.T.);
#8369 = EDGE_CURVE('',#8362,#8370,#8372,.T.);
#8370 = VERTEX_POINT('',#8371);
#8371 = CARTESIAN_POINT('',(-1.975289510413,-9.930450964083,8.));
#8372 = LINE('',#8373,#8374);
#8373 = CARTESIAN_POINT('',(-2.386914488009,-9.839627240243,8.));
#8374 = VECTOR('',#8375,1.);
#8375 = DIRECTION('',(0.976511747182,-0.215464167822,0.));
#8376 = ORIENTED_EDGE('',*,*,#8377,.T.);
#8377 = EDGE_CURVE('',#8370,#8378,#8380,.T.);
#8378 = VERTEX_POINT('',#8379);
#8379 = CARTESIAN_POINT('',(-1.560240884163,-10.00406284383,8.));
#8380 = LINE('',#8381,#8382);
#8381 = CARTESIAN_POINT('',(-1.975289510413,-9.930450964083,8.));
#8382 = VECTOR('',#8383,1.);
#8383 = DIRECTION('',(0.984633783772,-0.174631932516,0.));
#8384 = ORIENTED_EDGE('',*,*,#8385,.T.);
#8385 = EDGE_CURVE('',#8378,#8386,#8388,.T.);
#8386 = VERTEX_POINT('',#8387);
#8387 = CARTESIAN_POINT('',(-1.14248798769,-10.06033529252,8.));
#8388 = LINE('',#8389,#8390);
#8389 = CARTESIAN_POINT('',(-1.560240884163,-10.00406284383,8.));
#8390 = VECTOR('',#8391,1.);
#8391 = DIRECTION('',(0.991049214768,-0.133497018349,0.));
#8392 = ORIENTED_EDGE('',*,*,#8393,.T.);
#8393 = EDGE_CURVE('',#8386,#8394,#8396,.T.);
#8394 = VERTEX_POINT('',#8395);
#8395 = CARTESIAN_POINT('',(-1.272398745244,-11.20428235645,8.));
#8396 = LINE('',#8397,#8398);
#8397 = CARTESIAN_POINT('',(-1.14248798769,-10.06033529252,8.));
#8398 = VECTOR('',#8399,1.);
#8399 = DIRECTION('',(-0.112838319772,-0.993613362224,0.));
#8400 = ORIENTED_EDGE('',*,*,#8401,.T.);
#8401 = EDGE_CURVE('',#8394,#8402,#8404,.T.);
#8402 = VERTEX_POINT('',#8403);
#8403 = CARTESIAN_POINT('',(-1.272524038201,-11.36411067247,8.));
#8404 = LINE('',#8405,#8406);
#8405 = CARTESIAN_POINT('',(-1.272398745244,-11.20428235645,8.));
#8406 = VECTOR('',#8407,1.);
#8407 = DIRECTION('',(-7.839219115006E-04,-0.999999692733,0.));
#8408 = ORIENTED_EDGE('',*,*,#8409,.T.);
#8409 = EDGE_CURVE('',#8402,#8410,#8412,.T.);
#8410 = VERTEX_POINT('',#8411);
#8411 = CARTESIAN_POINT('',(-1.25751456162,-11.52557289742,8.));
#8412 = LINE('',#8413,#8414);
#8413 = CARTESIAN_POINT('',(-1.272524038201,-11.36411067247,8.));
#8414 = VECTOR('',#8415,1.);
#8415 = DIRECTION('',(9.256060782806E-02,-0.995707052239,0.));
#8416 = ORIENTED_EDGE('',*,*,#8417,.T.);
#8417 = EDGE_CURVE('',#8410,#8418,#8420,.T.);
#8418 = VERTEX_POINT('',#8419);
#8419 = CARTESIAN_POINT('',(-1.232253458089,-11.68802922447,8.));
#8420 = LINE('',#8421,#8422);
#8421 = CARTESIAN_POINT('',(-1.25751456162,-11.52557289742,8.));
#8422 = VECTOR('',#8423,1.);
#8423 = DIRECTION('',(0.15364832758,-0.988125594969,0.));
#8424 = ORIENTED_EDGE('',*,*,#8425,.T.);
#8425 = EDGE_CURVE('',#8418,#8426,#8428,.T.);
#8426 = VERTEX_POINT('',#8427);
#8427 = CARTESIAN_POINT('',(-1.19839914344,-11.85120563694,8.));
#8428 = LINE('',#8429,#8430);
#8429 = CARTESIAN_POINT('',(-1.232253458089,-11.68802922447,8.));
#8430 = VECTOR('',#8431,1.);
#8431 = DIRECTION('',(0.203144616314,-0.979148745014,0.));
#8432 = ORIENTED_EDGE('',*,*,#8433,.T.);
#8433 = EDGE_CURVE('',#8426,#8434,#8436,.T.);
#8434 = VERTEX_POINT('',#8435);
#8435 = CARTESIAN_POINT('',(-1.156869955583,-12.01491177034,8.));
#8436 = LINE('',#8437,#8438);
#8437 = CARTESIAN_POINT('',(-1.19839914344,-11.85120563694,8.));
#8438 = VECTOR('',#8439,1.);
#8439 = DIRECTION('',(0.245892564105,-0.96929708909,0.));
#8440 = ORIENTED_EDGE('',*,*,#8441,.T.);
#8441 = EDGE_CURVE('',#8434,#8442,#8444,.T.);
#8442 = VERTEX_POINT('',#8443);
#8443 = CARTESIAN_POINT('',(-1.108260454223,-12.17899366386,8.));
#8444 = LINE('',#8445,#8446);
#8445 = CARTESIAN_POINT('',(-1.156869955583,-12.01491177034,8.));
#8446 = VECTOR('',#8447,1.);
#8447 = DIRECTION('',(0.284048814031,-0.958809820167,0.));
#8448 = ORIENTED_EDGE('',*,*,#8449,.T.);
#8449 = EDGE_CURVE('',#8442,#8450,#8452,.T.);
#8450 = VERTEX_POINT('',#8451);
#8451 = CARTESIAN_POINT('',(-1.052989982741,-12.34331691721,8.));
#8452 = LINE('',#8453,#8454);
#8453 = CARTESIAN_POINT('',(-1.108260454223,-12.17899366386,8.));
#8454 = VECTOR('',#8455,1.);
#8455 = DIRECTION('',(0.318801728293,-0.947821427294,0.));
#8456 = ORIENTED_EDGE('',*,*,#8457,.T.);
#8457 = EDGE_CURVE('',#8450,#8458,#8460,.T.);
#8458 = VERTEX_POINT('',#8459);
#8459 = CARTESIAN_POINT('',(-0.991371139094,-12.50775894311,8.));
#8460 = LINE('',#8461,#8462);
#8461 = CARTESIAN_POINT('',(-1.052989982741,-12.34331691721,8.));
#8462 = VECTOR('',#8463,1.);
#8463 = DIRECTION('',(0.35088920457,-0.936416983035,0.));
#8464 = ORIENTED_EDGE('',*,*,#8465,.T.);
#8465 = EDGE_CURVE('',#8458,#8466,#8468,.T.);
#8466 = VERTEX_POINT('',#8467);
#8467 = CARTESIAN_POINT('',(-0.923646318345,-12.67220484577,8.));
#8468 = LINE('',#8469,#8470);
#8469 = CARTESIAN_POINT('',(-0.991371139094,-12.50775894311,8.));
#8470 = VECTOR('',#8471,1.);
#8471 = DIRECTION('',(0.380806545079,-0.924654732981,0.));
#8472 = ORIENTED_EDGE('',*,*,#8473,.T.);
#8473 = EDGE_CURVE('',#8466,#8474,#8476,.T.);
#8474 = VERTEX_POINT('',#8475);
#8475 = CARTESIAN_POINT('',(-0.850009209616,-12.83654500817,8.));
#8476 = LINE('',#8477,#8478);
#8477 = CARTESIAN_POINT('',(-0.923646318345,-12.67220484577,8.));
#8478 = VECTOR('',#8479,1.);
#8479 = DIRECTION('',(0.408905073191,-0.912576923398,0.));
#8480 = ORIENTED_EDGE('',*,*,#8481,.T.);
#8481 = EDGE_CURVE('',#8474,#8482,#8484,.T.);
#8482 = VERTEX_POINT('',#8483);
#8483 = CARTESIAN_POINT('',(-0.770618359216,-13.00067358041,8.));
#8484 = LINE('',#8485,#8486);
#8485 = CARTESIAN_POINT('',(-0.850009209616,-12.83654500817,8.));
#8486 = VECTOR('',#8487,1.);
#8487 = DIRECTION('',(0.435444481382,-0.900215587309,0.));
#8488 = ORIENTED_EDGE('',*,*,#8489,.T.);
#8489 = EDGE_CURVE('',#8482,#8490,#8492,.T.);
#8490 = VERTEX_POINT('',#8491);
#8491 = CARTESIAN_POINT('',(-0.68560619399,-13.16448748382,8.));
#8492 = LINE('',#8493,#8494);
#8493 = CARTESIAN_POINT('',(-0.770618359216,-13.00067358041,8.));
#8494 = VECTOR('',#8495,1.);
#8495 = DIRECTION('',(0.460622981935,-0.887595892574,0.));
#8496 = ORIENTED_EDGE('',*,*,#8497,.T.);
#8497 = EDGE_CURVE('',#8490,#8498,#8500,.T.);
#8498 = VERTEX_POINT('',#8499);
#8499 = CARTESIAN_POINT('',(-0.595085279735,-13.32788572911,8.));
#8500 = LINE('',#8501,#8502);
#8501 = CARTESIAN_POINT('',(-0.68560619399,-13.16448748382,8.));
#8502 = VECTOR('',#8503,1.);
#8503 = DIRECTION('',(0.48459578968,-0.874738201192,0.));
#8504 = ORIENTED_EDGE('',*,*,#8505,.T.);
#8505 = EDGE_CURVE('',#8498,#8506,#8508,.T.);
#8506 = VERTEX_POINT('',#8507);
#8507 = CARTESIAN_POINT('',(-0.49915281042,-13.49076893553,8.));
#8508 = LINE('',#8509,#8510);
#8509 = CARTESIAN_POINT('',(-0.595085279735,-13.32788572911,8.));
#8510 = VECTOR('',#8511,1.);
#8511 = DIRECTION('',(0.507487024925,-0.861659398795,0.));
#8512 = ORIENTED_EDGE('',*,*,#8513,.T.);
#8513 = EDGE_CURVE('',#8506,#8514,#8516,.T.);
#8514 = VERTEX_POINT('',#8515);
#8515 = CARTESIAN_POINT('',(-0.166417988932,-13.49897422225,8.));
#8516 = LINE('',#8517,#8518);
#8517 = CARTESIAN_POINT('',(-0.49915281042,-13.49076893553,8.));
#8518 = VECTOR('',#8519,1.);
#8519 = DIRECTION('',(0.999696077399,-2.465264354143E-02,0.));
#8520 = ORIENTED_EDGE('',*,*,#8521,.T.);
#8521 = EDGE_CURVE('',#8514,#8522,#8524,.T.);
#8522 = VERTEX_POINT('',#8523);
#8523 = CARTESIAN_POINT('',(0.166417988932,-13.49897422225,8.));
#8524 = LINE('',#8525,#8526);
#8525 = CARTESIAN_POINT('',(-0.166417988932,-13.49897422225,8.));
#8526 = VECTOR('',#8527,1.);
#8527 = DIRECTION('',(1.,0.,0.));
#8528 = ORIENTED_EDGE('',*,*,#8529,.T.);
#8529 = EDGE_CURVE('',#8522,#8530,#8532,.T.);
#8530 = VERTEX_POINT('',#8531);
#8531 = CARTESIAN_POINT('',(0.49915281042,-13.49076893553,8.));
#8532 = LINE('',#8533,#8534);
#8533 = CARTESIAN_POINT('',(0.166417988932,-13.49897422225,8.));
#8534 = VECTOR('',#8535,1.);
#8535 = DIRECTION('',(0.999696077399,2.465264354143E-02,0.));
#8536 = ORIENTED_EDGE('',*,*,#8537,.T.);
#8537 = EDGE_CURVE('',#8530,#8538,#8540,.T.);
#8538 = VERTEX_POINT('',#8539);
#8539 = CARTESIAN_POINT('',(0.595085279735,-13.32788572911,8.));
#8540 = LINE('',#8541,#8542);
#8541 = CARTESIAN_POINT('',(0.49915281042,-13.49076893553,8.));
#8542 = VECTOR('',#8543,1.);
#8543 = DIRECTION('',(0.507487024925,0.861659398795,0.));
#8544 = ORIENTED_EDGE('',*,*,#8545,.T.);
#8545 = EDGE_CURVE('',#8538,#8546,#8548,.T.);
#8546 = VERTEX_POINT('',#8547);
#8547 = CARTESIAN_POINT('',(0.68560619399,-13.16448748382,8.));
#8548 = LINE('',#8549,#8550);
#8549 = CARTESIAN_POINT('',(0.595085279735,-13.32788572911,8.));
#8550 = VECTOR('',#8551,1.);
#8551 = DIRECTION('',(0.48459578968,0.874738201192,0.));
#8552 = ORIENTED_EDGE('',*,*,#8553,.T.);
#8553 = EDGE_CURVE('',#8546,#8554,#8556,.T.);
#8554 = VERTEX_POINT('',#8555);
#8555 = CARTESIAN_POINT('',(0.770618359215,-13.00067358041,8.));
#8556 = LINE('',#8557,#8558);
#8557 = CARTESIAN_POINT('',(0.68560619399,-13.16448748382,8.));
#8558 = VECTOR('',#8559,1.);
#8559 = DIRECTION('',(0.460622981935,0.887595892574,0.));
#8560 = ORIENTED_EDGE('',*,*,#8561,.T.);
#8561 = EDGE_CURVE('',#8554,#8562,#8564,.T.);
#8562 = VERTEX_POINT('',#8563);
#8563 = CARTESIAN_POINT('',(0.850009209616,-12.83654500817,8.));
#8564 = LINE('',#8565,#8566);
#8565 = CARTESIAN_POINT('',(0.770618359215,-13.00067358041,8.));
#8566 = VECTOR('',#8567,1.);
#8567 = DIRECTION('',(0.435444481382,0.900215587309,0.));
#8568 = ORIENTED_EDGE('',*,*,#8569,.T.);
#8569 = EDGE_CURVE('',#8562,#8570,#8572,.T.);
#8570 = VERTEX_POINT('',#8571);
#8571 = CARTESIAN_POINT('',(0.923646318345,-12.67220484577,8.));
#8572 = LINE('',#8573,#8574);
#8573 = CARTESIAN_POINT('',(0.850009209616,-12.83654500817,8.));
#8574 = VECTOR('',#8575,1.);
#8575 = DIRECTION('',(0.408905073191,0.912576923398,0.));
#8576 = ORIENTED_EDGE('',*,*,#8577,.T.);
#8577 = EDGE_CURVE('',#8570,#8578,#8580,.T.);
#8578 = VERTEX_POINT('',#8579);
#8579 = CARTESIAN_POINT('',(0.991371139094,-12.50775894311,8.));
#8580 = LINE('',#8581,#8582);
#8581 = CARTESIAN_POINT('',(0.923646318345,-12.67220484577,8.));
#8582 = VECTOR('',#8583,1.);
#8583 = DIRECTION('',(0.380806545079,0.924654732981,0.));
#8584 = ORIENTED_EDGE('',*,*,#8585,.T.);
#8585 = EDGE_CURVE('',#8578,#8586,#8588,.T.);
#8586 = VERTEX_POINT('',#8587);
#8587 = CARTESIAN_POINT('',(1.052989982741,-12.34331691721,8.));
#8588 = LINE('',#8589,#8590);
#8589 = CARTESIAN_POINT('',(0.991371139094,-12.50775894311,8.));
#8590 = VECTOR('',#8591,1.);
#8591 = DIRECTION('',(0.35088920457,0.936416983035,0.));
#8592 = ORIENTED_EDGE('',*,*,#8593,.T.);
#8593 = EDGE_CURVE('',#8586,#8594,#8596,.T.);
#8594 = VERTEX_POINT('',#8595);
#8595 = CARTESIAN_POINT('',(1.108260454223,-12.17899366386,8.));
#8596 = LINE('',#8597,#8598);
#8597 = CARTESIAN_POINT('',(1.052989982741,-12.34331691721,8.));
#8598 = VECTOR('',#8599,1.);
#8599 = DIRECTION('',(0.318801728293,0.947821427294,0.));
#8600 = ORIENTED_EDGE('',*,*,#8601,.T.);
#8601 = EDGE_CURVE('',#8594,#8602,#8604,.T.);
#8602 = VERTEX_POINT('',#8603);
#8603 = CARTESIAN_POINT('',(1.156869955583,-12.01491177034,8.));
#8604 = LINE('',#8605,#8606);
#8605 = CARTESIAN_POINT('',(1.108260454223,-12.17899366386,8.));
#8606 = VECTOR('',#8607,1.);
#8607 = DIRECTION('',(0.284048814031,0.958809820167,0.));
#8608 = ORIENTED_EDGE('',*,*,#8609,.T.);
#8609 = EDGE_CURVE('',#8602,#8610,#8612,.T.);
#8610 = VERTEX_POINT('',#8611);
#8611 = CARTESIAN_POINT('',(1.19839914344,-11.85120563694,8.));
#8612 = LINE('',#8613,#8614);
#8613 = CARTESIAN_POINT('',(1.156869955583,-12.01491177034,8.));
#8614 = VECTOR('',#8615,1.);
#8615 = DIRECTION('',(0.245892564105,0.96929708909,0.));
#8616 = ORIENTED_EDGE('',*,*,#8617,.T.);
#8617 = EDGE_CURVE('',#8610,#8618,#8620,.T.);
#8618 = VERTEX_POINT('',#8619);
#8619 = CARTESIAN_POINT('',(1.232253458089,-11.68802922447,8.));
#8620 = LINE('',#8621,#8622);
#8621 = CARTESIAN_POINT('',(1.19839914344,-11.85120563694,8.));
#8622 = VECTOR('',#8623,1.);
#8623 = DIRECTION('',(0.203144616314,0.979148745014,0.));
#8624 = ORIENTED_EDGE('',*,*,#8625,.T.);
#8625 = EDGE_CURVE('',#8618,#8626,#8628,.T.);
#8626 = VERTEX_POINT('',#8627);
#8627 = CARTESIAN_POINT('',(1.25751456162,-11.52557289742,8.));
#8628 = LINE('',#8629,#8630);
#8629 = CARTESIAN_POINT('',(1.232253458089,-11.68802922447,8.));
#8630 = VECTOR('',#8631,1.);
#8631 = DIRECTION('',(0.15364832758,0.988125594969,0.));
#8632 = ORIENTED_EDGE('',*,*,#8633,.T.);
#8633 = EDGE_CURVE('',#8626,#8634,#8636,.T.);
#8634 = VERTEX_POINT('',#8635);
#8635 = CARTESIAN_POINT('',(1.272524038201,-11.36411067247,8.));
#8636 = LINE('',#8637,#8638);
#8637 = CARTESIAN_POINT('',(1.25751456162,-11.52557289742,8.));
#8638 = VECTOR('',#8639,1.);
#8639 = DIRECTION('',(9.256060782806E-02,0.995707052239,0.));
#8640 = ORIENTED_EDGE('',*,*,#8641,.T.);
#8641 = EDGE_CURVE('',#8634,#8642,#8644,.T.);
#8642 = VERTEX_POINT('',#8643);
#8643 = CARTESIAN_POINT('',(1.272398745244,-11.20428235645,8.));
#8644 = LINE('',#8645,#8646);
#8645 = CARTESIAN_POINT('',(1.272524038201,-11.36411067247,8.));
#8646 = VECTOR('',#8647,1.);
#8647 = DIRECTION('',(-7.839219114992E-04,0.999999692733,0.));
#8648 = ORIENTED_EDGE('',*,*,#8649,.T.);
#8649 = EDGE_CURVE('',#8642,#8650,#8652,.T.);
#8650 = VERTEX_POINT('',#8651);
#8651 = CARTESIAN_POINT('',(1.14248798769,-10.06033529252,8.));
#8652 = LINE('',#8653,#8654);
#8653 = CARTESIAN_POINT('',(1.272398745244,-11.20428235645,8.));
#8654 = VECTOR('',#8655,1.);
#8655 = DIRECTION('',(-0.112838319772,0.993613362224,0.));
#8656 = ORIENTED_EDGE('',*,*,#8657,.T.);
#8657 = EDGE_CURVE('',#8650,#8658,#8660,.T.);
#8658 = VERTEX_POINT('',#8659);
#8659 = CARTESIAN_POINT('',(1.560240884163,-10.00406284383,8.));
#8660 = LINE('',#8661,#8662);
#8661 = CARTESIAN_POINT('',(1.14248798769,-10.06033529252,8.));
#8662 = VECTOR('',#8663,1.);
#8663 = DIRECTION('',(0.991049214768,0.133497018349,0.));
#8664 = ORIENTED_EDGE('',*,*,#8665,.T.);
#8665 = EDGE_CURVE('',#8658,#8666,#8668,.T.);
#8666 = VERTEX_POINT('',#8667);
#8667 = CARTESIAN_POINT('',(1.975289510413,-9.930450964083,8.));
#8668 = LINE('',#8669,#8670);
#8669 = CARTESIAN_POINT('',(1.560240884163,-10.00406284383,8.));
#8670 = VECTOR('',#8671,1.);
#8671 = DIRECTION('',(0.984633783772,0.174631932517,0.));
#8672 = ORIENTED_EDGE('',*,*,#8673,.T.);
#8673 = EDGE_CURVE('',#8666,#8674,#8676,.T.);
#8674 = VERTEX_POINT('',#8675);
#8675 = CARTESIAN_POINT('',(2.386914488009,-9.839627240243,8.));
#8676 = LINE('',#8677,#8678);
#8677 = CARTESIAN_POINT('',(1.975289510413,-9.930450964083,8.));
#8678 = VECTOR('',#8679,1.);
#8679 = DIRECTION('',(0.976511747182,0.215464167822,0.));
#8680 = ORIENTED_EDGE('',*,*,#8681,.T.);
#8681 = EDGE_CURVE('',#8674,#8682,#8684,.T.);
#8682 = VERTEX_POINT('',#8683);
#8683 = CARTESIAN_POINT('',(2.794402372519,-9.731749091528,8.));
#8684 = LINE('',#8685,#8686);
#8685 = CARTESIAN_POINT('',(2.386914488009,-9.839627240243,8.));
#8686 = VECTOR('',#8687,1.);
#8687 = DIRECTION('',(0.966697182428,0.255922952246,0.));
#8688 = ORIENTED_EDGE('',*,*,#8689,.T.);
#8689 = EDGE_CURVE('',#8682,#8690,#8692,.T.);
#8690 = VERTEX_POINT('',#8691);
#8691 = CARTESIAN_POINT('',(3.112150071431,-10.83833306477,8.));
#8692 = LINE('',#8693,#8694);
#8693 = CARTESIAN_POINT('',(2.794402372519,-9.731749091528,8.));
#8694 = VECTOR('',#8695,1.);
#8695 = DIRECTION('',(0.27599035778,-0.961160404102,0.));
#8696 = ORIENTED_EDGE('',*,*,#8697,.T.);
#8697 = EDGE_CURVE('',#8690,#8698,#8700,.T.);
#8698 = VERTEX_POINT('',#8699);
#8699 = CARTESIAN_POINT('',(3.173197964398,-10.9860431222,8.));
#8700 = LINE('',#8701,#8702);
#8701 = CARTESIAN_POINT('',(3.112150071431,-10.83833306477,8.));
#8702 = VECTOR('',#8703,1.);
#8703 = DIRECTION('',(0.38195906537,-0.924179242562,0.));
#8704 = ORIENTED_EDGE('',*,*,#8705,.T.);
#8705 = EDGE_CURVE('',#8698,#8706,#8708,.T.);
#8706 = VERTEX_POINT('',#8707);
#8707 = CARTESIAN_POINT('',(3.248853831045,-11.12947088908,8.));
#8708 = LINE('',#8709,#8710);
#8709 = CARTESIAN_POINT('',(3.173197964398,-10.9860431222,8.));
#8710 = VECTOR('',#8711,1.);
#8711 = DIRECTION('',(0.46655544347,-0.884491954835,0.));
#8712 = ORIENTED_EDGE('',*,*,#8713,.T.);
#8713 = EDGE_CURVE('',#8706,#8714,#8716,.T.);
#8714 = VERTEX_POINT('',#8715);
#8715 = CARTESIAN_POINT('',(3.334361392412,-11.26989395877,8.));
#8716 = LINE('',#8717,#8718);
#8717 = CARTESIAN_POINT('',(3.248853831045,-11.12947088908,8.));
#8718 = VECTOR('',#8719,1.);
#8719 = DIRECTION('',(0.520091839346,-0.854110343367,0.));
#8720 = ORIENTED_EDGE('',*,*,#8721,.T.);
#8721 = EDGE_CURVE('',#8714,#8722,#8724,.T.);
#8722 = VERTEX_POINT('',#8723);
#8723 = CARTESIAN_POINT('',(3.428083610407,-11.40769382111,8.));
#8724 = LINE('',#8725,#8726);
#8725 = CARTESIAN_POINT('',(3.334361392412,-11.26989395877,8.));
#8726 = VECTOR('',#8727,1.);
#8727 = DIRECTION('',(0.56238515569,-0.826875405765,0.));
#8728 = ORIENTED_EDGE('',*,*,#8729,.T.);
#8729 = EDGE_CURVE('',#8722,#8730,#8732,.T.);
#8730 = VERTEX_POINT('',#8731);
#8731 = CARTESIAN_POINT('',(3.529099202099,-11.54304603495,8.));
#8732 = LINE('',#8733,#8734);
#8733 = CARTESIAN_POINT('',(3.428083610407,-11.40769382111,8.));
#8734 = VECTOR('',#8735,1.);
#8735 = DIRECTION('',(0.598109044208,-0.801414731108,0.));
#8736 = ORIENTED_EDGE('',*,*,#8737,.T.);
#8737 = EDGE_CURVE('',#8730,#8738,#8740,.T.);
#8738 = VERTEX_POINT('',#8739);
#8739 = CARTESIAN_POINT('',(3.636799947691,-11.6760358872,8.));
#8740 = LINE('',#8741,#8742);
#8741 = CARTESIAN_POINT('',(3.529099202099,-11.54304603495,8.));
#8742 = VECTOR('',#8743,1.);
#8743 = DIRECTION('',(0.629347518484,-0.77712399331,0.));
#8744 = ORIENTED_EDGE('',*,*,#8745,.T.);
#8745 = EDGE_CURVE('',#8738,#8746,#8748,.T.);
#8746 = VERTEX_POINT('',#8747);
#8747 = CARTESIAN_POINT('',(3.750746991655,-11.80669968395,8.));
#8748 = LINE('',#8749,#8750);
#8749 = CARTESIAN_POINT('',(3.636799947691,-11.6760358872,8.));
#8750 = VECTOR('',#8751,1.);
#8751 = DIRECTION('',(0.657249948765,-0.753672677526,0.));
#8752 = ORIENTED_EDGE('',*,*,#8753,.T.);
#8753 = EDGE_CURVE('',#8746,#8754,#8756,.T.);
#8754 = VERTEX_POINT('',#8755);
#8755 = CARTESIAN_POINT('',(3.870604619015,-11.93504379538,8.));
#8756 = LINE('',#8757,#8758);
#8757 = CARTESIAN_POINT('',(3.750746991655,-11.80669968395,8.));
#8758 = VECTOR('',#8759,1.);
#8759 = DIRECTION('',(0.682530619474,-0.730856999337,0.));
#8760 = ORIENTED_EDGE('',*,*,#8761,.T.);
#8761 = EDGE_CURVE('',#8754,#8762,#8764,.T.);
#8762 = VERTEX_POINT('',#8763);
#8763 = CARTESIAN_POINT('',(3.996104917217,-12.0610548322,8.));
#8764 = LINE('',#8765,#8766);
#8765 = CARTESIAN_POINT('',(3.870604619015,-11.93504379538,8.));
#8766 = VECTOR('',#8767,1.);
#8767 = DIRECTION('',(0.705669419815,-0.708541226703,0.));
#8768 = ORIENTED_EDGE('',*,*,#8769,.T.);
#8769 = EDGE_CURVE('',#8762,#8770,#8772,.T.);
#8770 = VERTEX_POINT('',#8771);
#8771 = CARTESIAN_POINT('',(4.127026992226,-12.18470564308,8.));
#8772 = LINE('',#8773,#8774);
#8773 = CARTESIAN_POINT('',(3.996104917217,-12.0610548322,8.));
#8774 = VECTOR('',#8775,1.);
#8775 = DIRECTION('',(0.727007097204,-0.68662994445,0.));
#8776 = ORIENTED_EDGE('',*,*,#8777,.T.);
#8777 = EDGE_CURVE('',#8770,#8778,#8780,.T.);
#8778 = VERTEX_POINT('',#8779);
#8779 = CARTESIAN_POINT('',(4.263183859355,-12.30595910855,8.));
#8780 = LINE('',#8781,#8782);
#8781 = CARTESIAN_POINT('',(4.127026992226,-12.18470564308,8.));
#8782 = VECTOR('',#8783,1.);
#8783 = DIRECTION('',(0.746795834714,-0.665053367223,0.));
#8784 = ORIENTED_EDGE('',*,*,#8785,.T.);
#8785 = EDGE_CURVE('',#8778,#8786,#8788,.T.);
#8786 = VERTEX_POINT('',#8787);
#8787 = CARTESIAN_POINT('',(4.404413725648,-12.42477067387,8.));
#8788 = LINE('',#8789,#8790);
#8789 = CARTESIAN_POINT('',(4.263183859355,-12.30595910855,8.));
#8790 = VECTOR('',#8791,1.);
#8791 = DIRECTION('',(0.765228387937,-0.643758894537,0.));
#8792 = ORIENTED_EDGE('',*,*,#8793,.T.);
#8793 = EDGE_CURVE('',#8786,#8794,#8796,.T.);
#8794 = VERTEX_POINT('',#8795);
#8795 = CARTESIAN_POINT('',(4.55057394694,-12.54109011417,8.));
#8796 = LINE('',#8797,#8798);
#8797 = CARTESIAN_POINT('',(4.404413725648,-12.42477067387,8.));
#8798 = VECTOR('',#8799,1.);
#8799 = DIRECTION('',(0.78245594888,-0.622705940282,0.));
#8800 = ORIENTED_EDGE('',*,*,#8801,.T.);
#8801 = EDGE_CURVE('',#8794,#8802,#8804,.T.);
#8802 = VERTEX_POINT('',#8803);
#8803 = CARTESIAN_POINT('',(4.70153669635,-12.65486280814,8.));
#8804 = LINE('',#8805,#8806);
#8805 = CARTESIAN_POINT('',(4.55057394694,-12.54109011417,8.));
#8806 = VECTOR('',#8807,1.);
#8807 = DIRECTION('',(0.798599651604,-0.601862605964,0.));
#8808 = ORIENTED_EDGE('',*,*,#8809,.T.);
#8809 = EDGE_CURVE('',#8802,#8810,#8812,.T.);
#8810 = VERTEX_POINT('',#8811);
#8811 = CARTESIAN_POINT('',(5.012083614962,-12.53511140104,8.));
#8812 = LINE('',#8813,#8814);
#8813 = CARTESIAN_POINT('',(4.70153669635,-12.65486280814,8.));
#8814 = VECTOR('',#8815,1.);
#8815 = DIRECTION('',(0.933032902888,0.359791053431,0.));
#8816 = ORIENTED_EDGE('',*,*,#8817,.T.);
#8817 = EDGE_CURVE('',#8810,#8818,#8820,.T.);
#8818 = VERTEX_POINT('',#8819);
#8819 = CARTESIAN_POINT('',(5.319583962594,-12.40774058662,8.));
#8820 = LINE('',#8821,#8822);
#8821 = CARTESIAN_POINT('',(5.012083614962,-12.53511140104,8.));
#8822 = VECTOR('',#8823,1.);
#8823 = DIRECTION('',(0.923879532511,0.382683432365,0.));
#8824 = ORIENTED_EDGE('',*,*,#8825,.T.);
#8825 = EDGE_CURVE('',#8818,#8826,#8828,.T.);
#8826 = VERTEX_POINT('',#8827);
#8827 = CARTESIAN_POINT('',(5.623850826635,-12.2728277866,8.));
#8828 = LINE('',#8829,#8830);
#8829 = CARTESIAN_POINT('',(5.319583962594,-12.40774058662,8.));
#8830 = VECTOR('',#8831,1.);
#8831 = DIRECTION('',(0.914164586393,0.405343199011,0.));
#8832 = ORIENTED_EDGE('',*,*,#8833,.T.);
#8833 = EDGE_CURVE('',#8826,#8834,#8836,.T.);
#8834 = VERTEX_POINT('',#8835);
#8835 = CARTESIAN_POINT('',(5.650148167032,-12.08563155937,8.));
#8836 = LINE('',#8837,#8838);
#8837 = CARTESIAN_POINT('',(5.623850826635,-12.2728277866,8.));
#8838 = VECTOR('',#8839,1.);
#8839 = DIRECTION('',(0.139114099083,0.990276359122,0.));
#8840 = ORIENTED_EDGE('',*,*,#8841,.T.);
#8841 = EDGE_CURVE('',#8834,#8842,#8844,.T.);
#8842 = VERTEX_POINT('',#8843);
#8843 = CARTESIAN_POINT('',(5.671248785629,-11.90003041074,8.));
#8844 = LINE('',#8845,#8846);
#8845 = CARTESIAN_POINT('',(5.650148167032,-12.08563155937,8.));
#8846 = VECTOR('',#8847,1.);
#8847 = DIRECTION('',(0.112960314374,0.993599500491,0.));
#8848 = ORIENTED_EDGE('',*,*,#8849,.T.);
#8849 = EDGE_CURVE('',#8842,#8850,#8852,.T.);
#8850 = VERTEX_POINT('',#8851);
#8851 = CARTESIAN_POINT('',(5.687100918268,-11.71615335105,8.));
#8852 = LINE('',#8853,#8854);
#8853 = CARTESIAN_POINT('',(5.671248785629,-11.90003041074,8.));
#8854 = VECTOR('',#8855,1.);
#8855 = DIRECTION('',(8.589190249037E-02,0.996304462043,0.));
#8856 = ORIENTED_EDGE('',*,*,#8857,.T.);
#8857 = EDGE_CURVE('',#8850,#8858,#8860,.T.);
#8858 = VERTEX_POINT('',#8859);
#8859 = CARTESIAN_POINT('',(5.697639214646,-11.53413675933,8.));
#8860 = LINE('',#8861,#8862);
#8861 = CARTESIAN_POINT('',(5.687100918268,-11.71615335105,8.));
#8862 = VECTOR('',#8863,1.);
#8863 = DIRECTION('',(5.780065307352E-02,0.998328144702,0.));
#8864 = ORIENTED_EDGE('',*,*,#8865,.T.);
#8865 = EDGE_CURVE('',#8858,#8866,#8868,.T.);
#8866 = VERTEX_POINT('',#8867);
#8867 = CARTESIAN_POINT('',(5.702780774814,-11.3541265454,8.));
#8868 = LINE('',#8869,#8870);
#8869 = CARTESIAN_POINT('',(5.697639214646,-11.53413675933,8.));
#8870 = VECTOR('',#8871,1.);
#8871 = DIRECTION('',(2.855095851751E-02,0.99959233829,0.));
#8872 = ORIENTED_EDGE('',*,*,#8873,.T.);
#8873 = EDGE_CURVE('',#8866,#8874,#8876,.T.);
#8874 = VERTEX_POINT('',#8875);
#8875 = CARTESIAN_POINT('',(5.702419628077,-11.17628117487,8.));
#8876 = LINE('',#8877,#8878);
#8877 = CARTESIAN_POINT('',(5.702780774814,-11.3541265454,8.));
#8878 = VECTOR('',#8879,1.);
#8879 = DIRECTION('',(-2.03067412486E-03,0.999997938179,0.));
#8880 = ORIENTED_EDGE('',*,*,#8881,.T.);
#8881 = EDGE_CURVE('',#8874,#8882,#8884,.T.);
#8882 = VERTEX_POINT('',#8883);
#8883 = CARTESIAN_POINT('',(5.696418777643,-11.00077604227,8.));
#8884 = LINE('',#8885,#8886);
#8885 = CARTESIAN_POINT('',(5.702419628077,-11.17628117487,8.));
#8886 = VECTOR('',#8887,1.);
#8887 = DIRECTION('',(-3.417191091091E-02,0.999415969707,0.));
#8888 = ORIENTED_EDGE('',*,*,#8889,.T.);
#8889 = EDGE_CURVE('',#8882,#8890,#8892,.T.);
#8890 = VERTEX_POINT('',#8891);
#8891 = CARTESIAN_POINT('',(5.684598248388,-10.82781005805,8.));
#8892 = LINE('',#8893,#8894);
#8893 = CARTESIAN_POINT('',(5.696418777643,-11.00077604227,8.));
#8894 = VECTOR('',#8895,1.);
#8895 = DIRECTION('',(-6.818116536719E-02,0.99767295678,0.));
#8896 = ORIENTED_EDGE('',*,*,#8897,.T.);
#8897 = EDGE_CURVE('',#8890,#8898,#8900,.T.);
#8898 = VERTEX_POINT('',#8899);
#8899 = CARTESIAN_POINT('',(5.66671614958,-10.65761610414,8.));
#8900 = LINE('',#8901,#8902);
#8901 = CARTESIAN_POINT('',(5.684598248388,-10.82781005805,8.));
#8902 = VECTOR('',#8903,1.);
#8903 = DIRECTION('',(-0.10449374745,0.994525543535,0.));
#8904 = ORIENTED_EDGE('',*,*,#8905,.T.);
#8905 = EDGE_CURVE('',#8898,#8906,#8908,.T.);
#8906 = VERTEX_POINT('',#8907);
#8907 = CARTESIAN_POINT('',(5.642436491213,-10.490478826,8.));
#8908 = LINE('',#8909,#8910);
#8909 = CARTESIAN_POINT('',(5.66671614958,-10.65761610414,8.));
#8910 = VECTOR('',#8911,1.);
#8911 = DIRECTION('',(-0.143758829861,0.989612751958,0.));
#8912 = ORIENTED_EDGE('',*,*,#8913,.T.);
#8913 = EDGE_CURVE('',#8906,#8914,#8916,.T.);
#8914 = VERTEX_POINT('',#8915);
#8915 = CARTESIAN_POINT('',(5.611268890001,-10.326767993,8.));
#8916 = LINE('',#8917,#8918);
#8917 = CARTESIAN_POINT('',(5.642436491213,-10.490478826,8.));
#8918 = VECTOR('',#8919,1.);
#8919 = DIRECTION('',(-0.187022849386,0.98235556384,0.));
#8920 = ORIENTED_EDGE('',*,*,#8921,.T.);
#8921 = EDGE_CURVE('',#8914,#8922,#8924,.T.);
#8922 = VERTEX_POINT('',#8923);
#8923 = CARTESIAN_POINT('',(5.572437761676,-10.1670109117,8.));
#8924 = LINE('',#8925,#8926);
#8925 = CARTESIAN_POINT('',(5.611268890001,-10.326767993,8.));
#8926 = VECTOR('',#8927,1.);
#8927 = DIRECTION('',(-0.236186749235,0.971707682117,0.));
#8928 = ORIENTED_EDGE('',*,*,#8929,.T.);
#8929 = EDGE_CURVE('',#8922,#8930,#8932,.T.);
#8930 = VERTEX_POINT('',#8931);
#8931 = CARTESIAN_POINT('',(5.524515791444,-10.01209538879,8.));
#8932 = LINE('',#8933,#8934);
#8933 = CARTESIAN_POINT('',(5.572437761676,-10.1670109117,8.));
#8934 = VECTOR('',#8935,1.);
#8935 = DIRECTION('',(-0.295525741292,0.955334777046,0.));
#8936 = ORIENTED_EDGE('',*,*,#8937,.T.);
#8937 = EDGE_CURVE('',#8930,#8938,#8940,.T.);
#8938 = VERTEX_POINT('',#8939);
#8939 = CARTESIAN_POINT('',(5.463236387278,-9.864481226436,8.));
#8940 = LINE('',#8941,#8942);
#8941 = CARTESIAN_POINT('',(5.524515791444,-10.01209538879,8.));
#8942 = VECTOR('',#8943,1.);
#8943 = DIRECTION('',(-0.383407564188,0.923579254706,0.));
#8944 = ORIENTED_EDGE('',*,*,#8945,.T.);
#8945 = EDGE_CURVE('',#8938,#8946,#8948,.T.);
#8946 = VERTEX_POINT('',#8947);
#8947 = CARTESIAN_POINT('',(4.905444908454,-8.857326642398,8.));
#8948 = LINE('',#8949,#8950);
#8949 = CARTESIAN_POINT('',(5.463236387278,-9.864481226436,8.));
#8950 = VECTOR('',#8951,1.);
#8951 = DIRECTION('',(-0.48448838602,0.874797693076,0.));
#8952 = ORIENTED_EDGE('',*,*,#8953,.T.);
#8953 = EDGE_CURVE('',#8946,#8954,#8956,.T.);
#8954 = VERTEX_POINT('',#8955);
#8955 = CARTESIAN_POINT('',(5.26986372534,-8.645470566507,8.));
#8956 = LINE('',#8957,#8958);
#8957 = CARTESIAN_POINT('',(4.905444908454,-8.857326642398,8.));
#8958 = VECTOR('',#8959,1.);
#8959 = DIRECTION('',(0.864522988043,0.502593278054,0.));
#8960 = ORIENTED_EDGE('',*,*,#8961,.T.);
#8961 = EDGE_CURVE('',#8954,#8962,#8964,.T.);
#8962 = VERTEX_POINT('',#8963);
#8963 = CARTESIAN_POINT('',(5.625148609323,-8.418629824563,8.));
#8964 = LINE('',#8965,#8966);
#8965 = CARTESIAN_POINT('',(5.26986372534,-8.645470566507,8.));
#8966 = VECTOR('',#8967,1.);
#8967 = DIRECTION('',(0.84285425251,0.538141904171,0.));
#8968 = ORIENTED_EDGE('',*,*,#8969,.T.);
#8969 = EDGE_CURVE('',#8962,#8970,#8972,.T.);
#8970 = VERTEX_POINT('',#8971);
#8971 = CARTESIAN_POINT('',(5.970683766815,-8.177197585768,8.));
#8972 = LINE('',#8973,#8974);
#8973 = CARTESIAN_POINT('',(5.625148609323,-8.418629824563,8.));
#8974 = VECTOR('',#8975,1.);
#8975 = DIRECTION('',(0.819724649185,0.572757801797,0.));
#8976 = ORIENTED_EDGE('',*,*,#8977,.T.);
#8977 = EDGE_CURVE('',#8970,#8978,#8980,.T.);
#8978 = VERTEX_POINT('',#8979);
#8979 = CARTESIAN_POINT('',(6.305870302833,-7.921592309873,8.));
#8980 = LINE('',#8981,#8982);
#8981 = CARTESIAN_POINT('',(5.970683766815,-8.177197585768,8.));
#8982 = VECTOR('',#8983,1.);
#8983 = DIRECTION('',(0.795174267195,0.606380973309,0.));
#8984 = ORIENTED_EDGE('',*,*,#8985,.T.);
#8985 = EDGE_CURVE('',#8978,#8986,#8988,.T.);
#8986 = VERTEX_POINT('',#8987);
#8987 = CARTESIAN_POINT('',(7.022902251441,-8.822345813711,8.));
#8988 = LINE('',#8989,#8990);
#8989 = CARTESIAN_POINT('',(6.305870302833,-7.921592309873,8.));
#8990 = VECTOR('',#8991,1.);
#8991 = DIRECTION('',(0.622802005218,-0.782379487395,0.));
#8992 = ORIENTED_EDGE('',*,*,#8993,.T.);
#8993 = EDGE_CURVE('',#8986,#8994,#8996,.T.);
#8994 = VERTEX_POINT('',#8995);
#8995 = CARTESIAN_POINT('',(7.135829342029,-8.935450095299,8.));
#8996 = LINE('',#8997,#8998);
#8997 = CARTESIAN_POINT('',(7.022902251441,-8.822345813711,8.));
#8998 = VECTOR('',#8999,1.);
#8999 = DIRECTION('',(0.706552247417,-0.707660880416,0.));
#9000 = ORIENTED_EDGE('',*,*,#9001,.T.);
#9001 = EDGE_CURVE('',#8994,#9002,#9004,.T.);
#9002 = VERTEX_POINT('',#9003);
#9003 = CARTESIAN_POINT('',(7.260613678866,-9.039007826791,8.));
#9004 = LINE('',#9005,#9006);
#9005 = CARTESIAN_POINT('',(7.135829342029,-8.935450095299,8.));
#9006 = VECTOR('',#9007,1.);
#9007 = DIRECTION('',(0.769521442179,-0.638620975248,0.));
#9008 = ORIENTED_EDGE('',*,*,#9009,.T.);
#9009 = EDGE_CURVE('',#9002,#9010,#9012,.T.);
#9010 = VERTEX_POINT('',#9011);
#9011 = CARTESIAN_POINT('',(7.393349946979,-9.136019499689,8.));
#9012 = LINE('',#9013,#9014);
#9013 = CARTESIAN_POINT('',(7.260613678866,-9.039007826791,8.));
#9014 = VECTOR('',#9015,1.);
#9015 = DIRECTION('',(0.807356083216,-0.590064534517,0.));
#9016 = ORIENTED_EDGE('',*,*,#9017,.T.);
#9017 = EDGE_CURVE('',#9010,#9018,#9020,.T.);
#9018 = VERTEX_POINT('',#9019);
#9019 = CARTESIAN_POINT('',(7.532671710225,-9.227464032013,8.));
#9020 = LINE('',#9021,#9022);
#9021 = CARTESIAN_POINT('',(7.393349946979,-9.136019499689,8.));
#9022 = VECTOR('',#9023,1.);
#9023 = DIRECTION('',(0.836007653147,-0.548717781633,0.));
#9024 = ORIENTED_EDGE('',*,*,#9025,.T.);
#9025 = EDGE_CURVE('',#9018,#9026,#9028,.T.);
#9026 = VERTEX_POINT('',#9027);
#9027 = CARTESIAN_POINT('',(7.677794997626,-9.313856178713,8.));
#9028 = LINE('',#9029,#9030);
#9029 = CARTESIAN_POINT('',(7.532671710225,-9.227464032013,8.));
#9030 = VECTOR('',#9031,1.);
#9031 = DIRECTION('',(0.859268844202,-0.511524245158,0.));
#9032 = ORIENTED_EDGE('',*,*,#9033,.T.);
#9033 = EDGE_CURVE('',#9026,#9034,#9036,.T.);
#9034 = VERTEX_POINT('',#9035);
#9035 = CARTESIAN_POINT('',(7.828190525243,-9.395507490247,8.));
#9036 = LINE('',#9037,#9038);
#9037 = CARTESIAN_POINT('',(7.677794997626,-9.313856178713,8.));
#9038 = VECTOR('',#9039,1.);
#9039 = DIRECTION('',(0.878833768297,-0.477128083119,0.));
#9040 = ORIENTED_EDGE('',*,*,#9041,.T.);
#9041 = EDGE_CURVE('',#9034,#9042,#9044,.T.);
#9042 = VERTEX_POINT('',#9043);
#9043 = CARTESIAN_POINT('',(7.983466737178,-9.472619451814,8.));
#9044 = LINE('',#9045,#9046);
#9045 = CARTESIAN_POINT('',(7.828190525243,-9.395507490247,8.));
#9046 = VECTOR('',#9047,1.);
#9047 = DIRECTION('',(0.895637822523,-0.444784094664,0.));
#9048 = ORIENTED_EDGE('',*,*,#9049,.T.);
#9049 = EDGE_CURVE('',#9042,#9050,#9052,.T.);
#9050 = VERTEX_POINT('',#9051);
#9051 = CARTESIAN_POINT('',(8.143315910997,-9.545326421249,8.));
#9052 = LINE('',#9053,#9054);
#9053 = CARTESIAN_POINT('',(7.983466737178,-9.472619451814,8.));
#9054 = VECTOR('',#9055,1.);
#9055 = DIRECTION('',(0.910262934719,-0.414030662725,0.));
#9056 = ORIENTED_EDGE('',*,*,#9057,.T.);
#9057 = EDGE_CURVE('',#9050,#9058,#9060,.T.);
#9058 = VERTEX_POINT('',#9059);
#9059 = CARTESIAN_POINT('',(8.307485403915,-9.613718554154,8.));
#9060 = LINE('',#9061,#9062);
#9061 = CARTESIAN_POINT('',(8.143315910997,-9.545326421249,8.));
#9062 = VECTOR('',#9063,1.);
#9063 = DIRECTION('',(0.923100522293,-0.384558741602,0.));
#9064 = ORIENTED_EDGE('',*,*,#9065,.T.);
#9065 = EDGE_CURVE('',#9058,#9066,#9068,.T.);
#9066 = VERTEX_POINT('',#9067);
#9067 = CARTESIAN_POINT('',(8.475760746095,-9.677855298475,8.));
#9068 = LINE('',#9069,#9070);
#9069 = CARTESIAN_POINT('',(8.307485403915,-9.613718554154,8.));
#9070 = VECTOR('',#9071,1.);
#9071 = DIRECTION('',(0.934428881004,-0.356149780775,0.));
#9072 = ORIENTED_EDGE('',*,*,#9073,.T.);
#9073 = EDGE_CURVE('',#9066,#9074,#9076,.T.);
#9074 = VERTEX_POINT('',#9075);
#9075 = CARTESIAN_POINT('',(8.647954981196,-9.737773916212,8.));
#9076 = LINE('',#9077,#9078);
#9077 = CARTESIAN_POINT('',(8.475760746095,-9.677855298475,8.));
#9078 = VECTOR('',#9079,1.);
#9079 = DIRECTION('',(0.944454291931,-0.328642800701,0.));
#9080 = ORIENTED_EDGE('',*,*,#9081,.T.);
#9081 = EDGE_CURVE('',#9074,#9082,#9084,.T.);
#9082 = VERTEX_POINT('',#9083);
#9083 = CARTESIAN_POINT('',(8.823901581666,-9.793495159654,8.));
#9084 = LINE('',#9085,#9086);
#9085 = CARTESIAN_POINT('',(8.647954981196,-9.737773916212,8.));
#9086 = VECTOR('',#9087,1.);
#9087 = DIRECTION('',(0.953334708688,-0.301915440496,0.));
#9088 = ORIENTED_EDGE('',*,*,#9089,.T.);
#9089 = EDGE_CURVE('',#9082,#9090,#9092,.T.);
#9090 = VERTEX_POINT('',#9091);
#9091 = CARTESIAN_POINT('',(9.003449541249,-9.84502721462,8.));
#9092 = LINE('',#9093,#9094);
#9093 = CARTESIAN_POINT('',(8.823901581666,-9.793495159654,8.));
#9094 = VECTOR('',#9095,1.);
#9095 = DIRECTION('',(0.961194282843,-0.275872344808,0.));
#9096 = ORIENTED_EDGE('',*,*,#9097,.T.);
#9097 = EDGE_CURVE('',#9090,#9098,#9100,.T.);
#9098 = VERTEX_POINT('',#9099);
#9099 = CARTESIAN_POINT('',(9.186459860637,-9.89236853483,8.));
#9100 = LINE('',#9101,#9102);
#9101 = CARTESIAN_POINT('',(9.003449541249,-9.84502721462,8.));
#9102 = VECTOR('',#9103,1.);
#9103 = DIRECTION('',(0.96813272065,-0.250437687273,0.));
#9104 = ORIENTED_EDGE('',*,*,#9105,.T.);
#9105 = EDGE_CURVE('',#9098,#9106,#9108,.T.);
#9106 = VERTEX_POINT('',#9107);
#9107 = CARTESIAN_POINT('',(9.42754092313,-9.6628915001,8.));
#9108 = LINE('',#9109,#9110);
#9109 = CARTESIAN_POINT('',(9.186459860637,-9.89236853483,8.));
#9110 = VECTOR('',#9111,1.);
#9111 = DIRECTION('',(0.724323926877,0.689459824032,0.));
#9112 = ORIENTED_EDGE('',*,*,#9113,.T.);
#9113 = EDGE_CURVE('',#9106,#9114,#9116,.T.);
#9114 = VERTEX_POINT('',#9115);
#9115 = CARTESIAN_POINT('',(9.6628915001,-9.42754092313,8.));
#9116 = LINE('',#9117,#9118);
#9117 = CARTESIAN_POINT('',(9.42754092313,-9.6628915001,8.));
#9118 = VECTOR('',#9119,1.);
#9119 = DIRECTION('',(0.707106781187,0.707106781187,0.));
#9120 = ORIENTED_EDGE('',*,*,#9121,.T.);
#9121 = EDGE_CURVE('',#9114,#9122,#9124,.T.);
#9122 = VERTEX_POINT('',#9123);
#9123 = CARTESIAN_POINT('',(9.89236853483,-9.186459860637,8.));
#9124 = LINE('',#9125,#9126);
#9125 = CARTESIAN_POINT('',(9.6628915001,-9.42754092313,8.));
#9126 = VECTOR('',#9127,1.);
#9127 = DIRECTION('',(0.689459824032,0.724323926877,0.));
#9128 = ORIENTED_EDGE('',*,*,#9129,.T.);
#9129 = EDGE_CURVE('',#9122,#9130,#9132,.T.);
#9130 = VERTEX_POINT('',#9131);
#9131 = CARTESIAN_POINT('',(9.84502721462,-9.003449541249,8.));
#9132 = LINE('',#9133,#9134);
#9133 = CARTESIAN_POINT('',(9.89236853483,-9.186459860637,8.));
#9134 = VECTOR('',#9135,1.);
#9135 = DIRECTION('',(-0.250437687273,0.96813272065,0.));
#9136 = ORIENTED_EDGE('',*,*,#9137,.T.);
#9137 = EDGE_CURVE('',#9130,#9138,#9140,.T.);
#9138 = VERTEX_POINT('',#9139);
#9139 = CARTESIAN_POINT('',(9.793495159654,-8.823901581666,8.));
#9140 = LINE('',#9141,#9142);
#9141 = CARTESIAN_POINT('',(9.84502721462,-9.003449541249,8.));
#9142 = VECTOR('',#9143,1.);
#9143 = DIRECTION('',(-0.275872344808,0.961194282843,0.));
#9144 = ORIENTED_EDGE('',*,*,#9145,.T.);
#9145 = EDGE_CURVE('',#9138,#9146,#9148,.T.);
#9146 = VERTEX_POINT('',#9147);
#9147 = CARTESIAN_POINT('',(9.737773916212,-8.647954981196,8.));
#9148 = LINE('',#9149,#9150);
#9149 = CARTESIAN_POINT('',(9.793495159654,-8.823901581666,8.));
#9150 = VECTOR('',#9151,1.);
#9151 = DIRECTION('',(-0.301915440496,0.953334708688,0.));
#9152 = ORIENTED_EDGE('',*,*,#9153,.T.);
#9153 = EDGE_CURVE('',#9146,#9154,#9156,.T.);
#9154 = VERTEX_POINT('',#9155);
#9155 = CARTESIAN_POINT('',(9.677855298475,-8.475760746095,8.));
#9156 = LINE('',#9157,#9158);
#9157 = CARTESIAN_POINT('',(9.737773916212,-8.647954981196,8.));
#9158 = VECTOR('',#9159,1.);
#9159 = DIRECTION('',(-0.328642800701,0.944454291931,0.));
#9160 = ORIENTED_EDGE('',*,*,#9161,.T.);
#9161 = EDGE_CURVE('',#9154,#9162,#9164,.T.);
#9162 = VERTEX_POINT('',#9163);
#9163 = CARTESIAN_POINT('',(9.613718554154,-8.307485403915,8.));
#9164 = LINE('',#9165,#9166);
#9165 = CARTESIAN_POINT('',(9.677855298475,-8.475760746095,8.));
#9166 = VECTOR('',#9167,1.);
#9167 = DIRECTION('',(-0.356149780775,0.934428881004,0.));
#9168 = ORIENTED_EDGE('',*,*,#9169,.T.);
#9169 = EDGE_CURVE('',#9162,#9170,#9172,.T.);
#9170 = VERTEX_POINT('',#9171);
#9171 = CARTESIAN_POINT('',(9.545326421249,-8.143315910997,8.));
#9172 = LINE('',#9173,#9174);
#9173 = CARTESIAN_POINT('',(9.613718554154,-8.307485403915,8.));
#9174 = VECTOR('',#9175,1.);
#9175 = DIRECTION('',(-0.384558741602,0.923100522293,0.));
#9176 = ORIENTED_EDGE('',*,*,#9177,.T.);
#9177 = EDGE_CURVE('',#9170,#9178,#9180,.T.);
#9178 = VERTEX_POINT('',#9179);
#9179 = CARTESIAN_POINT('',(9.472619451814,-7.983466737178,8.));
#9180 = LINE('',#9181,#9182);
#9181 = CARTESIAN_POINT('',(9.545326421249,-8.143315910997,8.));
#9182 = VECTOR('',#9183,1.);
#9183 = DIRECTION('',(-0.414030662725,0.910262934719,0.));
#9184 = ORIENTED_EDGE('',*,*,#9185,.T.);
#9185 = EDGE_CURVE('',#9178,#9186,#9188,.T.);
#9186 = VERTEX_POINT('',#9187);
#9187 = CARTESIAN_POINT('',(9.395507490247,-7.828190525243,8.));
#9188 = LINE('',#9189,#9190);
#9189 = CARTESIAN_POINT('',(9.472619451814,-7.983466737178,8.));
#9190 = VECTOR('',#9191,1.);
#9191 = DIRECTION('',(-0.444784094664,0.895637822523,0.));
#9192 = ORIENTED_EDGE('',*,*,#9193,.T.);
#9193 = EDGE_CURVE('',#9186,#9194,#9196,.T.);
#9194 = VERTEX_POINT('',#9195);
#9195 = CARTESIAN_POINT('',(9.313856178713,-7.677794997626,8.));
#9196 = LINE('',#9197,#9198);
#9197 = CARTESIAN_POINT('',(9.395507490247,-7.828190525243,8.));
#9198 = VECTOR('',#9199,1.);
#9199 = DIRECTION('',(-0.477128083119,0.878833768297,0.));
#9200 = ORIENTED_EDGE('',*,*,#9201,.T.);
#9201 = EDGE_CURVE('',#9194,#9202,#9204,.T.);
#9202 = VERTEX_POINT('',#9203);
#9203 = CARTESIAN_POINT('',(9.227464032013,-7.532671710225,8.));
#9204 = LINE('',#9205,#9206);
#9205 = CARTESIAN_POINT('',(9.313856178713,-7.677794997626,8.));
#9206 = VECTOR('',#9207,1.);
#9207 = DIRECTION('',(-0.511524245158,0.859268844202,0.));
#9208 = ORIENTED_EDGE('',*,*,#9209,.T.);
#9209 = EDGE_CURVE('',#9202,#9210,#9212,.T.);
#9210 = VERTEX_POINT('',#9211);
#9211 = CARTESIAN_POINT('',(9.136019499689,-7.393349946979,8.));
#9212 = LINE('',#9213,#9214);
#9213 = CARTESIAN_POINT('',(9.227464032013,-7.532671710225,8.));
#9214 = VECTOR('',#9215,1.);
#9215 = DIRECTION('',(-0.548717781633,0.836007653147,0.));
#9216 = ORIENTED_EDGE('',*,*,#9217,.T.);
#9217 = EDGE_CURVE('',#9210,#9218,#9220,.T.);
#9218 = VERTEX_POINT('',#9219);
#9219 = CARTESIAN_POINT('',(9.039007826791,-7.260613678866,8.));
#9220 = LINE('',#9221,#9222);
#9221 = CARTESIAN_POINT('',(9.136019499689,-7.393349946979,8.));
#9222 = VECTOR('',#9223,1.);
#9223 = DIRECTION('',(-0.590064534517,0.807356083216,0.));
#9224 = ORIENTED_EDGE('',*,*,#9225,.T.);
#9225 = EDGE_CURVE('',#9218,#9226,#9228,.T.);
#9226 = VERTEX_POINT('',#9227);
#9227 = CARTESIAN_POINT('',(8.935450095299,-7.135829342029,8.));
#9228 = LINE('',#9229,#9230);
#9229 = CARTESIAN_POINT('',(9.039007826791,-7.260613678866,8.));
#9230 = VECTOR('',#9231,1.);
#9231 = DIRECTION('',(-0.638620975248,0.769521442179,0.));
#9232 = ORIENTED_EDGE('',*,*,#9233,.T.);
#9233 = EDGE_CURVE('',#9226,#9234,#9236,.T.);
#9234 = VERTEX_POINT('',#9235);
#9235 = CARTESIAN_POINT('',(8.822345813711,-7.022902251441,8.));
#9236 = LINE('',#9237,#9238);
#9237 = CARTESIAN_POINT('',(8.935450095299,-7.135829342029,8.));
#9238 = VECTOR('',#9239,1.);
#9239 = DIRECTION('',(-0.707660880416,0.706552247417,0.));
#9240 = ORIENTED_EDGE('',*,*,#9241,.T.);
#9241 = EDGE_CURVE('',#9234,#9242,#9244,.T.);
#9242 = VERTEX_POINT('',#9243);
#9243 = CARTESIAN_POINT('',(7.921592309873,-6.305870302833,8.));
#9244 = LINE('',#9245,#9246);
#9245 = CARTESIAN_POINT('',(8.822345813711,-7.022902251441,8.));
#9246 = VECTOR('',#9247,1.);
#9247 = DIRECTION('',(-0.782379487395,0.622802005218,0.));
#9248 = ORIENTED_EDGE('',*,*,#9249,.T.);
#9249 = EDGE_CURVE('',#9242,#9250,#9252,.T.);
#9250 = VERTEX_POINT('',#9251);
#9251 = CARTESIAN_POINT('',(8.177197585768,-5.970683766815,8.));
#9252 = LINE('',#9253,#9254);
#9253 = CARTESIAN_POINT('',(7.921592309873,-6.305870302833,8.));
#9254 = VECTOR('',#9255,1.);
#9255 = DIRECTION('',(0.606380973309,0.795174267195,0.));
#9256 = ORIENTED_EDGE('',*,*,#9257,.T.);
#9257 = EDGE_CURVE('',#9250,#9258,#9260,.T.);
#9258 = VERTEX_POINT('',#9259);
#9259 = CARTESIAN_POINT('',(8.418629824563,-5.625148609323,8.));
#9260 = LINE('',#9261,#9262);
#9261 = CARTESIAN_POINT('',(8.177197585768,-5.970683766815,8.));
#9262 = VECTOR('',#9263,1.);
#9263 = DIRECTION('',(0.572757801797,0.819724649185,0.));
#9264 = ORIENTED_EDGE('',*,*,#9265,.T.);
#9265 = EDGE_CURVE('',#9258,#9266,#9268,.T.);
#9266 = VERTEX_POINT('',#9267);
#9267 = CARTESIAN_POINT('',(8.645470566507,-5.26986372534,8.));
#9268 = LINE('',#9269,#9270);
#9269 = CARTESIAN_POINT('',(8.418629824563,-5.625148609323,8.));
#9270 = VECTOR('',#9271,1.);
#9271 = DIRECTION('',(0.538141904171,0.84285425251,0.));
#9272 = ORIENTED_EDGE('',*,*,#9273,.T.);
#9273 = EDGE_CURVE('',#9266,#9274,#9276,.T.);
#9274 = VERTEX_POINT('',#9275);
#9275 = CARTESIAN_POINT('',(8.857326642398,-4.905444908454,8.));
#9276 = LINE('',#9277,#9278);
#9277 = CARTESIAN_POINT('',(8.645470566507,-5.26986372534,8.));
#9278 = VECTOR('',#9279,1.);
#9279 = DIRECTION('',(0.502593278054,0.864522988043,0.));
#9280 = ORIENTED_EDGE('',*,*,#9281,.T.);
#9281 = EDGE_CURVE('',#9274,#9282,#9284,.T.);
#9282 = VERTEX_POINT('',#9283);
#9283 = CARTESIAN_POINT('',(9.864481226436,-5.463236387278,8.));
#9284 = LINE('',#9285,#9286);
#9285 = CARTESIAN_POINT('',(8.857326642398,-4.905444908454,8.));
#9286 = VECTOR('',#9287,1.);
#9287 = DIRECTION('',(0.874797693076,-0.48448838602,0.));
#9288 = ORIENTED_EDGE('',*,*,#9289,.T.);
#9289 = EDGE_CURVE('',#9282,#9290,#9292,.T.);
#9290 = VERTEX_POINT('',#9291);
#9291 = CARTESIAN_POINT('',(10.01209538879,-5.524515791444,8.));
#9292 = LINE('',#9293,#9294);
#9293 = CARTESIAN_POINT('',(9.864481226436,-5.463236387278,8.));
#9294 = VECTOR('',#9295,1.);
#9295 = DIRECTION('',(0.923579254706,-0.383407564188,0.));
#9296 = ORIENTED_EDGE('',*,*,#9297,.T.);
#9297 = EDGE_CURVE('',#9290,#9298,#9300,.T.);
#9298 = VERTEX_POINT('',#9299);
#9299 = CARTESIAN_POINT('',(10.167010911707,-5.572437761676,8.));
#9300 = LINE('',#9301,#9302);
#9301 = CARTESIAN_POINT('',(10.01209538879,-5.524515791444,8.));
#9302 = VECTOR('',#9303,1.);
#9303 = DIRECTION('',(0.955334777046,-0.295525741292,0.));
#9304 = ORIENTED_EDGE('',*,*,#9305,.T.);
#9305 = EDGE_CURVE('',#9298,#9306,#9308,.T.);
#9306 = VERTEX_POINT('',#9307);
#9307 = CARTESIAN_POINT('',(10.326767993003,-5.611268890001,8.));
#9308 = LINE('',#9309,#9310);
#9309 = CARTESIAN_POINT('',(10.167010911707,-5.572437761676,8.));
#9310 = VECTOR('',#9311,1.);
#9311 = DIRECTION('',(0.971707682117,-0.236186749235,0.));
#9312 = ORIENTED_EDGE('',*,*,#9313,.T.);
#9313 = EDGE_CURVE('',#9306,#9314,#9316,.T.);
#9314 = VERTEX_POINT('',#9315);
#9315 = CARTESIAN_POINT('',(10.490478826,-5.642436491213,8.));
#9316 = LINE('',#9317,#9318);
#9317 = CARTESIAN_POINT('',(10.326767993003,-5.611268890001,8.));
#9318 = VECTOR('',#9319,1.);
#9319 = DIRECTION('',(0.98235556384,-0.187022849386,0.));
#9320 = ORIENTED_EDGE('',*,*,#9321,.T.);
#9321 = EDGE_CURVE('',#9314,#9322,#9324,.T.);
#9322 = VERTEX_POINT('',#9323);
#9323 = CARTESIAN_POINT('',(10.657616104149,-5.66671614958,8.));
#9324 = LINE('',#9325,#9326);
#9325 = CARTESIAN_POINT('',(10.490478826,-5.642436491213,8.));
#9326 = VECTOR('',#9327,1.);
#9327 = DIRECTION('',(0.989612751958,-0.143758829861,0.));
#9328 = ORIENTED_EDGE('',*,*,#9329,.T.);
#9329 = EDGE_CURVE('',#9322,#9330,#9332,.T.);
#9330 = VERTEX_POINT('',#9331);
#9331 = CARTESIAN_POINT('',(10.82781005805,-5.684598248388,8.));
#9332 = LINE('',#9333,#9334);
#9333 = CARTESIAN_POINT('',(10.657616104149,-5.66671614958,8.));
#9334 = VECTOR('',#9335,1.);
#9335 = DIRECTION('',(0.994525543535,-0.10449374745,0.));
#9336 = ORIENTED_EDGE('',*,*,#9337,.T.);
#9337 = EDGE_CURVE('',#9330,#9338,#9340,.T.);
#9338 = VERTEX_POINT('',#9339);
#9339 = CARTESIAN_POINT('',(11.000776042271,-5.696418777643,8.));
#9340 = LINE('',#9341,#9342);
#9341 = CARTESIAN_POINT('',(10.82781005805,-5.684598248388,8.));
#9342 = VECTOR('',#9343,1.);
#9343 = DIRECTION('',(0.99767295678,-6.818116536718E-02,0.));
#9344 = ORIENTED_EDGE('',*,*,#9345,.T.);
#9345 = EDGE_CURVE('',#9338,#9346,#9348,.T.);
#9346 = VERTEX_POINT('',#9347);
#9347 = CARTESIAN_POINT('',(11.176281174872,-5.702419628077,8.));
#9348 = LINE('',#9349,#9350);
#9349 = CARTESIAN_POINT('',(11.000776042271,-5.696418777643,8.));
#9350 = VECTOR('',#9351,1.);
#9351 = DIRECTION('',(0.999415969707,-3.417191091091E-02,0.));
#9352 = ORIENTED_EDGE('',*,*,#9353,.T.);
#9353 = EDGE_CURVE('',#9346,#9354,#9356,.T.);
#9354 = VERTEX_POINT('',#9355);
#9355 = CARTESIAN_POINT('',(11.354126545409,-5.702780774814,8.));
#9356 = LINE('',#9357,#9358);
#9357 = CARTESIAN_POINT('',(11.176281174872,-5.702419628077,8.));
#9358 = VECTOR('',#9359,1.);
#9359 = DIRECTION('',(0.999997938179,-2.03067412486E-03,0.));
#9360 = ORIENTED_EDGE('',*,*,#9361,.T.);
#9361 = EDGE_CURVE('',#9354,#9362,#9364,.T.);
#9362 = VERTEX_POINT('',#9363);
#9363 = CARTESIAN_POINT('',(11.534136759333,-5.697639214646,8.));
#9364 = LINE('',#9365,#9366);
#9365 = CARTESIAN_POINT('',(11.354126545409,-5.702780774814,8.));
#9366 = VECTOR('',#9367,1.);
#9367 = DIRECTION('',(0.99959233829,2.855095851751E-02,0.));
#9368 = ORIENTED_EDGE('',*,*,#9369,.T.);
#9369 = EDGE_CURVE('',#9362,#9370,#9372,.T.);
#9370 = VERTEX_POINT('',#9371);
#9371 = CARTESIAN_POINT('',(11.716153351057,-5.687100918268,8.));
#9372 = LINE('',#9373,#9374);
#9373 = CARTESIAN_POINT('',(11.534136759333,-5.697639214646,8.));
#9374 = VECTOR('',#9375,1.);
#9375 = DIRECTION('',(0.998328144702,5.780065307352E-02,0.));
#9376 = ORIENTED_EDGE('',*,*,#9377,.T.);
#9377 = EDGE_CURVE('',#9370,#9378,#9380,.T.);
#9378 = VERTEX_POINT('',#9379);
#9379 = CARTESIAN_POINT('',(11.900030410743,-5.671248785629,8.));
#9380 = LINE('',#9381,#9382);
#9381 = CARTESIAN_POINT('',(11.716153351057,-5.687100918268,8.));
#9382 = VECTOR('',#9383,1.);
#9383 = DIRECTION('',(0.996304462043,8.589190249037E-02,0.));
#9384 = ORIENTED_EDGE('',*,*,#9385,.T.);
#9385 = EDGE_CURVE('',#9378,#9386,#9388,.T.);
#9386 = VERTEX_POINT('',#9387);
#9387 = CARTESIAN_POINT('',(12.085631559377,-5.650148167032,8.));
#9388 = LINE('',#9389,#9390);
#9389 = CARTESIAN_POINT('',(11.900030410743,-5.671248785629,8.));
#9390 = VECTOR('',#9391,1.);
#9391 = DIRECTION('',(0.993599500491,0.112960314374,0.));
#9392 = ORIENTED_EDGE('',*,*,#9393,.T.);
#9393 = EDGE_CURVE('',#9386,#9394,#9396,.T.);
#9394 = VERTEX_POINT('',#9395);
#9395 = CARTESIAN_POINT('',(12.272827786609,-5.623850826635,8.));
#9396 = LINE('',#9397,#9398);
#9397 = CARTESIAN_POINT('',(12.085631559377,-5.650148167032,8.));
#9398 = VECTOR('',#9399,1.);
#9399 = DIRECTION('',(0.990276359122,0.139114099083,0.));
#9400 = ORIENTED_EDGE('',*,*,#9401,.T.);
#9401 = EDGE_CURVE('',#9394,#9402,#9404,.T.);
#9402 = VERTEX_POINT('',#9403);
#9403 = CARTESIAN_POINT('',(12.407740586622,-5.319583962594,8.));
#9404 = LINE('',#9405,#9406);
#9405 = CARTESIAN_POINT('',(12.272827786609,-5.623850826635,8.));
#9406 = VECTOR('',#9407,1.);
#9407 = DIRECTION('',(0.405343199011,0.914164586393,0.));
#9408 = ORIENTED_EDGE('',*,*,#9409,.T.);
#9409 = EDGE_CURVE('',#9402,#9410,#9412,.T.);
#9410 = VERTEX_POINT('',#9411);
#9411 = CARTESIAN_POINT('',(12.535111401046,-5.012083614962,8.));
#9412 = LINE('',#9413,#9414);
#9413 = CARTESIAN_POINT('',(12.407740586622,-5.319583962594,8.));
#9414 = VECTOR('',#9415,1.);
#9415 = DIRECTION('',(0.382683432365,0.923879532511,0.));
#9416 = ORIENTED_EDGE('',*,*,#9417,.T.);
#9417 = EDGE_CURVE('',#9410,#9418,#9420,.T.);
#9418 = VERTEX_POINT('',#9419);
#9419 = CARTESIAN_POINT('',(12.654862808141,-4.70153669635,8.));
#9420 = LINE('',#9421,#9422);
#9421 = CARTESIAN_POINT('',(12.535111401046,-5.012083614962,8.));
#9422 = VECTOR('',#9423,1.);
#9423 = DIRECTION('',(0.359791053431,0.933032902888,0.));
#9424 = ORIENTED_EDGE('',*,*,#9425,.T.);
#9425 = EDGE_CURVE('',#9418,#9426,#9428,.T.);
#9426 = VERTEX_POINT('',#9427);
#9427 = CARTESIAN_POINT('',(12.541090114175,-4.55057394694,8.));
#9428 = LINE('',#9429,#9430);
#9429 = CARTESIAN_POINT('',(12.654862808141,-4.70153669635,8.));
#9430 = VECTOR('',#9431,1.);
#9431 = DIRECTION('',(-0.601862605964,0.798599651604,0.));
#9432 = ORIENTED_EDGE('',*,*,#9433,.T.);
#9433 = EDGE_CURVE('',#9426,#9434,#9436,.T.);
#9434 = VERTEX_POINT('',#9435);
#9435 = CARTESIAN_POINT('',(12.424770673877,-4.404413725648,8.));
#9436 = LINE('',#9437,#9438);
#9437 = CARTESIAN_POINT('',(12.541090114175,-4.55057394694,8.));
#9438 = VECTOR('',#9439,1.);
#9439 = DIRECTION('',(-0.622705940282,0.78245594888,0.));
#9440 = ORIENTED_EDGE('',*,*,#9441,.T.);
#9441 = EDGE_CURVE('',#9434,#9442,#9444,.T.);
#9442 = VERTEX_POINT('',#9443);
#9443 = CARTESIAN_POINT('',(12.305959108553,-4.263183859355,8.));
#9444 = LINE('',#9445,#9446);
#9445 = CARTESIAN_POINT('',(12.424770673877,-4.404413725648,8.));
#9446 = VECTOR('',#9447,1.);
#9447 = DIRECTION('',(-0.643758894537,0.765228387937,0.));
#9448 = ORIENTED_EDGE('',*,*,#9449,.T.);
#9449 = EDGE_CURVE('',#9442,#9450,#9452,.T.);
#9450 = VERTEX_POINT('',#9451);
#9451 = CARTESIAN_POINT('',(12.184705643088,-4.127026992226,8.));
#9452 = LINE('',#9453,#9454);
#9453 = CARTESIAN_POINT('',(12.305959108553,-4.263183859355,8.));
#9454 = VECTOR('',#9455,1.);
#9455 = DIRECTION('',(-0.665053367223,0.746795834714,0.));
#9456 = ORIENTED_EDGE('',*,*,#9457,.T.);
#9457 = EDGE_CURVE('',#9450,#9458,#9460,.T.);
#9458 = VERTEX_POINT('',#9459);
#9459 = CARTESIAN_POINT('',(12.0610548322,-3.996104917217,8.));
#9460 = LINE('',#9461,#9462);
#9461 = CARTESIAN_POINT('',(12.184705643088,-4.127026992226,8.));
#9462 = VECTOR('',#9463,1.);
#9463 = DIRECTION('',(-0.68662994445,0.727007097204,0.));
#9464 = ORIENTED_EDGE('',*,*,#9465,.T.);
#9465 = EDGE_CURVE('',#9458,#9466,#9468,.T.);
#9466 = VERTEX_POINT('',#9467);
#9467 = CARTESIAN_POINT('',(11.935043795385,-3.870604619015,8.));
#9468 = LINE('',#9469,#9470);
#9469 = CARTESIAN_POINT('',(12.0610548322,-3.996104917217,8.));
#9470 = VECTOR('',#9471,1.);
#9471 = DIRECTION('',(-0.708541226703,0.705669419815,0.));
#9472 = ORIENTED_EDGE('',*,*,#9473,.T.);
#9473 = EDGE_CURVE('',#9466,#9474,#9476,.T.);
#9474 = VERTEX_POINT('',#9475);
#9475 = CARTESIAN_POINT('',(11.806699683955,-3.750746991655,8.));
#9476 = LINE('',#9477,#9478);
#9477 = CARTESIAN_POINT('',(11.935043795385,-3.870604619015,8.));
#9478 = VECTOR('',#9479,1.);
#9479 = DIRECTION('',(-0.730856999337,0.682530619474,0.));
#9480 = ORIENTED_EDGE('',*,*,#9481,.T.);
#9481 = EDGE_CURVE('',#9474,#9482,#9484,.T.);
#9482 = VERTEX_POINT('',#9483);
#9483 = CARTESIAN_POINT('',(11.676035887203,-3.636799947691,8.));
#9484 = LINE('',#9485,#9486);
#9485 = CARTESIAN_POINT('',(11.806699683955,-3.750746991655,8.));
#9486 = VECTOR('',#9487,1.);
#9487 = DIRECTION('',(-0.753672677526,0.657249948765,0.));
#9488 = ORIENTED_EDGE('',*,*,#9489,.T.);
#9489 = EDGE_CURVE('',#9482,#9490,#9492,.T.);
#9490 = VERTEX_POINT('',#9491);
#9491 = CARTESIAN_POINT('',(11.543046034954,-3.529099202099,8.));
#9492 = LINE('',#9493,#9494);
#9493 = CARTESIAN_POINT('',(11.676035887203,-3.636799947691,8.));
#9494 = VECTOR('',#9495,1.);
#9495 = DIRECTION('',(-0.77712399331,0.629347518484,0.));
#9496 = ORIENTED_EDGE('',*,*,#9497,.T.);
#9497 = EDGE_CURVE('',#9490,#9498,#9500,.T.);
#9498 = VERTEX_POINT('',#9499);
#9499 = CARTESIAN_POINT('',(11.40769382111,-3.428083610407,8.));
#9500 = LINE('',#9501,#9502);
#9501 = CARTESIAN_POINT('',(11.543046034954,-3.529099202099,8.));
#9502 = VECTOR('',#9503,1.);
#9503 = DIRECTION('',(-0.801414731108,0.598109044208,0.));
#9504 = ORIENTED_EDGE('',*,*,#9505,.T.);
#9505 = EDGE_CURVE('',#9498,#9506,#9508,.T.);
#9506 = VERTEX_POINT('',#9507);
#9507 = CARTESIAN_POINT('',(11.269893958773,-3.334361392412,8.));
#9508 = LINE('',#9509,#9510);
#9509 = CARTESIAN_POINT('',(11.40769382111,-3.428083610407,8.));
#9510 = VECTOR('',#9511,1.);
#9511 = DIRECTION('',(-0.826875405765,0.56238515569,0.));
#9512 = ORIENTED_EDGE('',*,*,#9513,.T.);
#9513 = EDGE_CURVE('',#9506,#9514,#9516,.T.);
#9514 = VERTEX_POINT('',#9515);
#9515 = CARTESIAN_POINT('',(11.129470889087,-3.248853831045,8.));
#9516 = LINE('',#9517,#9518);
#9517 = CARTESIAN_POINT('',(11.269893958773,-3.334361392412,8.));
#9518 = VECTOR('',#9519,1.);
#9519 = DIRECTION('',(-0.854110343367,0.520091839346,0.));
#9520 = ORIENTED_EDGE('',*,*,#9521,.T.);
#9521 = EDGE_CURVE('',#9514,#9522,#9524,.T.);
#9522 = VERTEX_POINT('',#9523);
#9523 = CARTESIAN_POINT('',(10.986043122202,-3.173197964398,8.));
#9524 = LINE('',#9525,#9526);
#9525 = CARTESIAN_POINT('',(11.129470889087,-3.248853831045,8.));
#9526 = VECTOR('',#9527,1.);
#9527 = DIRECTION('',(-0.884491954835,0.46655544347,0.));
#9528 = ORIENTED_EDGE('',*,*,#9529,.T.);
#9529 = EDGE_CURVE('',#9522,#9530,#9532,.T.);
#9530 = VERTEX_POINT('',#9531);
#9531 = CARTESIAN_POINT('',(10.83833306477,-3.112150071431,8.));
#9532 = LINE('',#9533,#9534);
#9533 = CARTESIAN_POINT('',(10.986043122202,-3.173197964398,8.));
#9534 = VECTOR('',#9535,1.);
#9535 = DIRECTION('',(-0.924179242562,0.38195906537,0.));
#9536 = ORIENTED_EDGE('',*,*,#9537,.T.);
#9537 = EDGE_CURVE('',#9530,#9538,#9540,.T.);
#9538 = VERTEX_POINT('',#9539);
#9539 = CARTESIAN_POINT('',(9.731749091528,-2.794402372519,8.));
#9540 = LINE('',#9541,#9542);
#9541 = CARTESIAN_POINT('',(10.83833306477,-3.112150071431,8.));
#9542 = VECTOR('',#9543,1.);
#9543 = DIRECTION('',(-0.961160404102,0.27599035778,0.));
#9544 = ORIENTED_EDGE('',*,*,#9545,.T.);
#9545 = EDGE_CURVE('',#9538,#9546,#9548,.T.);
#9546 = VERTEX_POINT('',#9547);
#9547 = CARTESIAN_POINT('',(9.839627240243,-2.386914488009,8.));
#9548 = LINE('',#9549,#9550);
#9549 = CARTESIAN_POINT('',(9.731749091528,-2.794402372519,8.));
#9550 = VECTOR('',#9551,1.);
#9551 = DIRECTION('',(0.255922952246,0.966697182428,0.));
#9552 = ORIENTED_EDGE('',*,*,#9553,.T.);
#9553 = EDGE_CURVE('',#9546,#9554,#9556,.T.);
#9554 = VERTEX_POINT('',#9555);
#9555 = CARTESIAN_POINT('',(9.930450964083,-1.975289510413,8.));
#9556 = LINE('',#9557,#9558);
#9557 = CARTESIAN_POINT('',(9.839627240243,-2.386914488009,8.));
#9558 = VECTOR('',#9559,1.);
#9559 = DIRECTION('',(0.215464167822,0.976511747182,0.));
#9560 = ORIENTED_EDGE('',*,*,#9561,.T.);
#9561 = EDGE_CURVE('',#9554,#64,#9562,.T.);
#9562 = LINE('',#9563,#9564);
#9563 = CARTESIAN_POINT('',(9.930450964083,-1.975289510413,8.));
#9564 = VECTOR('',#9565,1.);
#9565 = DIRECTION('',(0.174631932516,0.984633783772,0.));
#9566 = ORIENTED_EDGE('',*,*,#71,.T.);
#9567 = FACE_BOUND('',#9568,.T.);
#9568 = EDGE_LOOP('',(#9569));
#9569 = ORIENTED_EDGE('',*,*,#9570,.F.);
#9570 = EDGE_CURVE('',#9571,#9571,#9573,.T.);
#9571 = VERTEX_POINT('',#9572);
#9572 = CARTESIAN_POINT('',(3.006,-7.362576556474E-16,8.));
#9573 = CIRCLE('',#9574,3.006);
#9574 = AXIS2_PLACEMENT_3D('',#9575,#9576,#9577);
#9575 = CARTESIAN_POINT('',(0.,0.,8.));
#9576 = DIRECTION('',(0.,0.,1.));
#9577 = DIRECTION('',(1.,0.,-0.));
#9578 = PLANE('',#9579);
#9579 = AXIS2_PLACEMENT_3D('',#9580,#9581,#9582);
#9580 = CARTESIAN_POINT('',(-3.230273976841E-15,-9.650056941258E-16,8.)
  );
#9581 = DIRECTION('',(0.,0.,1.));
#9582 = DIRECTION('',(1.,0.,-0.));
#9583 = ADVANCED_FACE('',(#9584),#9595,.F.);
#9584 = FACE_BOUND('',#9585,.F.);
#9585 = EDGE_LOOP('',(#9586,#9592,#9593,#9594));
#9586 = ORIENTED_EDGE('',*,*,#9587,.T.);
#9587 = EDGE_CURVE('',#4822,#9554,#9588,.T.);
#9588 = LINE('',#9589,#9590);
#9589 = CARTESIAN_POINT('',(9.930450964083,-1.975289510413,0.));
#9590 = VECTOR('',#9591,1.);
#9591 = DIRECTION('',(0.,0.,1.));
#9592 = ORIENTED_EDGE('',*,*,#9561,.T.);
#9593 = ORIENTED_EDGE('',*,*,#61,.F.);
#9594 = ORIENTED_EDGE('',*,*,#4829,.F.);
#9595 = PLANE('',#9596);
#9596 = AXIS2_PLACEMENT_3D('',#9597,#9598,#9599);
#9597 = CARTESIAN_POINT('',(9.930450964083,-1.975289510413,0.));
#9598 = DIRECTION('',(-0.984633783772,0.174631932516,0.));
#9599 = DIRECTION('',(0.174631932516,0.984633783772,0.));
#9600 = ADVANCED_FACE('',(#9601),#9612,.F.);
#9601 = FACE_BOUND('',#9602,.F.);
#9602 = EDGE_LOOP('',(#9603,#9604,#9605,#9611));
#9603 = ORIENTED_EDGE('',*,*,#101,.T.);
#9604 = ORIENTED_EDGE('',*,*,#4857,.T.);
#9605 = ORIENTED_EDGE('',*,*,#9606,.F.);
#9606 = EDGE_CURVE('',#126,#4858,#9607,.T.);
#9607 = LINE('',#9608,#9609);
#9608 = CARTESIAN_POINT('',(11.525572897424,-1.25751456162,0.));
#9609 = VECTOR('',#9610,1.);
#9610 = DIRECTION('',(0.,0.,1.));
#9611 = ORIENTED_EDGE('',*,*,#125,.F.);
#9612 = PLANE('',#9613);
#9613 = AXIS2_PLACEMENT_3D('',#9614,#9615,#9616);
#9614 = CARTESIAN_POINT('',(11.364110672478,-1.272524038201,0.));
#9615 = DIRECTION('',(-9.256060782807E-02,0.995707052239,0.));
#9616 = DIRECTION('',(0.995707052239,9.256060782807E-02,0.));
#9617 = ADVANCED_FACE('',(#9618),#9629,.F.);
#9618 = FACE_BOUND('',#9619,.F.);
#9619 = EDGE_LOOP('',(#9620,#9626,#9627,#9628));
#9620 = ORIENTED_EDGE('',*,*,#9621,.T.);
#9621 = EDGE_CURVE('',#4814,#9546,#9622,.T.);
#9622 = LINE('',#9623,#9624);
#9623 = CARTESIAN_POINT('',(9.839627240243,-2.386914488009,0.));
#9624 = VECTOR('',#9625,1.);
#9625 = DIRECTION('',(0.,0.,1.));
#9626 = ORIENTED_EDGE('',*,*,#9553,.T.);
#9627 = ORIENTED_EDGE('',*,*,#9587,.F.);
#9628 = ORIENTED_EDGE('',*,*,#4821,.F.);
#9629 = PLANE('',#9630);
#9630 = AXIS2_PLACEMENT_3D('',#9631,#9632,#9633);
#9631 = CARTESIAN_POINT('',(9.839627240243,-2.386914488009,0.));
#9632 = DIRECTION('',(-0.976511747182,0.215464167822,0.));
#9633 = DIRECTION('',(0.215464167822,0.976511747182,0.));
#9634 = ADVANCED_FACE('',(#9635),#9646,.F.);
#9635 = FACE_BOUND('',#9636,.F.);
#9636 = EDGE_LOOP('',(#9637,#9638,#9639,#9645));
#9637 = ORIENTED_EDGE('',*,*,#9606,.T.);
#9638 = ORIENTED_EDGE('',*,*,#4865,.T.);
#9639 = ORIENTED_EDGE('',*,*,#9640,.F.);
#9640 = EDGE_CURVE('',#134,#4866,#9641,.T.);
#9641 = LINE('',#9642,#9643);
#9642 = CARTESIAN_POINT('',(11.688029224477,-1.232253458089,0.));
#9643 = VECTOR('',#9644,1.);
#9644 = DIRECTION('',(0.,0.,1.));
#9645 = ORIENTED_EDGE('',*,*,#133,.F.);
#9646 = PLANE('',#9647);
#9647 = AXIS2_PLACEMENT_3D('',#9648,#9649,#9650);
#9648 = CARTESIAN_POINT('',(11.525572897424,-1.25751456162,0.));
#9649 = DIRECTION('',(-0.15364832758,0.988125594969,0.));
#9650 = DIRECTION('',(0.988125594969,0.15364832758,0.));
#9651 = ADVANCED_FACE('',(#9652),#9663,.F.);
#9652 = FACE_BOUND('',#9653,.F.);
#9653 = EDGE_LOOP('',(#9654,#9660,#9661,#9662));
#9654 = ORIENTED_EDGE('',*,*,#9655,.T.);
#9655 = EDGE_CURVE('',#4806,#9538,#9656,.T.);
#9656 = LINE('',#9657,#9658);
#9657 = CARTESIAN_POINT('',(9.731749091528,-2.794402372519,0.));
#9658 = VECTOR('',#9659,1.);
#9659 = DIRECTION('',(0.,0.,1.));
#9660 = ORIENTED_EDGE('',*,*,#9545,.T.);
#9661 = ORIENTED_EDGE('',*,*,#9621,.F.);
#9662 = ORIENTED_EDGE('',*,*,#4813,.F.);
#9663 = PLANE('',#9664);
#9664 = AXIS2_PLACEMENT_3D('',#9665,#9666,#9667);
#9665 = CARTESIAN_POINT('',(9.731749091528,-2.794402372519,0.));
#9666 = DIRECTION('',(-0.966697182428,0.255922952246,0.));
#9667 = DIRECTION('',(0.255922952246,0.966697182428,0.));
#9668 = ADVANCED_FACE('',(#9669),#9680,.F.);
#9669 = FACE_BOUND('',#9670,.F.);
#9670 = EDGE_LOOP('',(#9671,#9672,#9673,#9679));
#9671 = ORIENTED_EDGE('',*,*,#9640,.T.);
#9672 = ORIENTED_EDGE('',*,*,#4873,.T.);
#9673 = ORIENTED_EDGE('',*,*,#9674,.F.);
#9674 = EDGE_CURVE('',#142,#4874,#9675,.T.);
#9675 = LINE('',#9676,#9677);
#9676 = CARTESIAN_POINT('',(11.851205636944,-1.19839914344,0.));
#9677 = VECTOR('',#9678,1.);
#9678 = DIRECTION('',(0.,0.,1.));
#9679 = ORIENTED_EDGE('',*,*,#141,.F.);
#9680 = PLANE('',#9681);
#9681 = AXIS2_PLACEMENT_3D('',#9682,#9683,#9684);
#9682 = CARTESIAN_POINT('',(11.688029224477,-1.232253458089,0.));
#9683 = DIRECTION('',(-0.203144616314,0.979148745014,0.));
#9684 = DIRECTION('',(0.979148745014,0.203144616314,0.));
#9685 = ADVANCED_FACE('',(#9686),#9697,.F.);
#9686 = FACE_BOUND('',#9687,.F.);
#9687 = EDGE_LOOP('',(#9688,#9694,#9695,#9696));
#9688 = ORIENTED_EDGE('',*,*,#9689,.T.);
#9689 = EDGE_CURVE('',#4798,#9530,#9690,.T.);
#9690 = LINE('',#9691,#9692);
#9691 = CARTESIAN_POINT('',(10.83833306477,-3.112150071431,0.));
#9692 = VECTOR('',#9693,1.);
#9693 = DIRECTION('',(0.,0.,1.));
#9694 = ORIENTED_EDGE('',*,*,#9537,.T.);
#9695 = ORIENTED_EDGE('',*,*,#9655,.F.);
#9696 = ORIENTED_EDGE('',*,*,#4805,.F.);
#9697 = PLANE('',#9698);
#9698 = AXIS2_PLACEMENT_3D('',#9699,#9700,#9701);
#9699 = CARTESIAN_POINT('',(10.83833306477,-3.112150071431,0.));
#9700 = DIRECTION('',(-0.27599035778,-0.961160404102,0.));
#9701 = DIRECTION('',(-0.961160404102,0.27599035778,0.));
#9702 = ADVANCED_FACE('',(#9703),#9714,.F.);
#9703 = FACE_BOUND('',#9704,.F.);
#9704 = EDGE_LOOP('',(#9705,#9706,#9707,#9713));
#9705 = ORIENTED_EDGE('',*,*,#9674,.T.);
#9706 = ORIENTED_EDGE('',*,*,#4881,.T.);
#9707 = ORIENTED_EDGE('',*,*,#9708,.F.);
#9708 = EDGE_CURVE('',#150,#4882,#9709,.T.);
#9709 = LINE('',#9710,#9711);
#9710 = CARTESIAN_POINT('',(12.014911770345,-1.156869955583,0.));
#9711 = VECTOR('',#9712,1.);
#9712 = DIRECTION('',(0.,0.,1.));
#9713 = ORIENTED_EDGE('',*,*,#149,.F.);
#9714 = PLANE('',#9715);
#9715 = AXIS2_PLACEMENT_3D('',#9716,#9717,#9718);
#9716 = CARTESIAN_POINT('',(11.851205636944,-1.19839914344,0.));
#9717 = DIRECTION('',(-0.245892564105,0.96929708909,0.));
#9718 = DIRECTION('',(0.96929708909,0.245892564105,0.));
#9719 = ADVANCED_FACE('',(#9720),#9731,.F.);
#9720 = FACE_BOUND('',#9721,.F.);
#9721 = EDGE_LOOP('',(#9722,#9728,#9729,#9730));
#9722 = ORIENTED_EDGE('',*,*,#9723,.T.);
#9723 = EDGE_CURVE('',#4790,#9522,#9724,.T.);
#9724 = LINE('',#9725,#9726);
#9725 = CARTESIAN_POINT('',(10.986043122202,-3.173197964398,0.));
#9726 = VECTOR('',#9727,1.);
#9727 = DIRECTION('',(0.,0.,1.));
#9728 = ORIENTED_EDGE('',*,*,#9529,.T.);
#9729 = ORIENTED_EDGE('',*,*,#9689,.F.);
#9730 = ORIENTED_EDGE('',*,*,#4797,.F.);
#9731 = PLANE('',#9732);
#9732 = AXIS2_PLACEMENT_3D('',#9733,#9734,#9735);
#9733 = CARTESIAN_POINT('',(10.986043122202,-3.173197964398,0.));
#9734 = DIRECTION('',(-0.38195906537,-0.924179242562,0.));
#9735 = DIRECTION('',(-0.924179242562,0.38195906537,0.));
#9736 = ADVANCED_FACE('',(#9737),#9748,.F.);
#9737 = FACE_BOUND('',#9738,.F.);
#9738 = EDGE_LOOP('',(#9739,#9740,#9741,#9747));
#9739 = ORIENTED_EDGE('',*,*,#9708,.T.);
#9740 = ORIENTED_EDGE('',*,*,#4889,.T.);
#9741 = ORIENTED_EDGE('',*,*,#9742,.F.);
#9742 = EDGE_CURVE('',#158,#4890,#9743,.T.);
#9743 = LINE('',#9744,#9745);
#9744 = CARTESIAN_POINT('',(12.178993663862,-1.108260454223,0.));
#9745 = VECTOR('',#9746,1.);
#9746 = DIRECTION('',(0.,0.,1.));
#9747 = ORIENTED_EDGE('',*,*,#157,.F.);
#9748 = PLANE('',#9749);
#9749 = AXIS2_PLACEMENT_3D('',#9750,#9751,#9752);
#9750 = CARTESIAN_POINT('',(12.014911770345,-1.156869955583,0.));
#9751 = DIRECTION('',(-0.284048814031,0.958809820167,0.));
#9752 = DIRECTION('',(0.958809820167,0.284048814031,0.));
#9753 = ADVANCED_FACE('',(#9754),#9765,.F.);
#9754 = FACE_BOUND('',#9755,.F.);
#9755 = EDGE_LOOP('',(#9756,#9762,#9763,#9764));
#9756 = ORIENTED_EDGE('',*,*,#9757,.T.);
#9757 = EDGE_CURVE('',#4782,#9514,#9758,.T.);
#9758 = LINE('',#9759,#9760);
#9759 = CARTESIAN_POINT('',(11.129470889087,-3.248853831045,0.));
#9760 = VECTOR('',#9761,1.);
#9761 = DIRECTION('',(0.,0.,1.));
#9762 = ORIENTED_EDGE('',*,*,#9521,.T.);
#9763 = ORIENTED_EDGE('',*,*,#9723,.F.);
#9764 = ORIENTED_EDGE('',*,*,#4789,.F.);
#9765 = PLANE('',#9766);
#9766 = AXIS2_PLACEMENT_3D('',#9767,#9768,#9769);
#9767 = CARTESIAN_POINT('',(11.129470889087,-3.248853831045,0.));
#9768 = DIRECTION('',(-0.46655544347,-0.884491954835,0.));
#9769 = DIRECTION('',(-0.884491954835,0.46655544347,0.));
#9770 = ADVANCED_FACE('',(#9771),#9782,.F.);
#9771 = FACE_BOUND('',#9772,.F.);
#9772 = EDGE_LOOP('',(#9773,#9774,#9775,#9781));
#9773 = ORIENTED_EDGE('',*,*,#9742,.T.);
#9774 = ORIENTED_EDGE('',*,*,#4897,.T.);
#9775 = ORIENTED_EDGE('',*,*,#9776,.F.);
#9776 = EDGE_CURVE('',#166,#4898,#9777,.T.);
#9777 = LINE('',#9778,#9779);
#9778 = CARTESIAN_POINT('',(12.343316917213,-1.052989982741,0.));
#9779 = VECTOR('',#9780,1.);
#9780 = DIRECTION('',(0.,0.,1.));
#9781 = ORIENTED_EDGE('',*,*,#165,.F.);
#9782 = PLANE('',#9783);
#9783 = AXIS2_PLACEMENT_3D('',#9784,#9785,#9786);
#9784 = CARTESIAN_POINT('',(12.178993663862,-1.108260454223,0.));
#9785 = DIRECTION('',(-0.318801728293,0.947821427294,0.));
#9786 = DIRECTION('',(0.947821427294,0.318801728293,0.));
#9787 = ADVANCED_FACE('',(#9788),#9799,.F.);
#9788 = FACE_BOUND('',#9789,.F.);
#9789 = EDGE_LOOP('',(#9790,#9796,#9797,#9798));
#9790 = ORIENTED_EDGE('',*,*,#9791,.T.);
#9791 = EDGE_CURVE('',#4774,#9506,#9792,.T.);
#9792 = LINE('',#9793,#9794);
#9793 = CARTESIAN_POINT('',(11.269893958773,-3.334361392412,0.));
#9794 = VECTOR('',#9795,1.);
#9795 = DIRECTION('',(0.,0.,1.));
#9796 = ORIENTED_EDGE('',*,*,#9513,.T.);
#9797 = ORIENTED_EDGE('',*,*,#9757,.F.);
#9798 = ORIENTED_EDGE('',*,*,#4781,.F.);
#9799 = PLANE('',#9800);
#9800 = AXIS2_PLACEMENT_3D('',#9801,#9802,#9803);
#9801 = CARTESIAN_POINT('',(11.269893958773,-3.334361392412,0.));
#9802 = DIRECTION('',(-0.520091839346,-0.854110343367,0.));
#9803 = DIRECTION('',(-0.854110343367,0.520091839346,0.));
#9804 = ADVANCED_FACE('',(#9805),#9816,.F.);
#9805 = FACE_BOUND('',#9806,.F.);
#9806 = EDGE_LOOP('',(#9807,#9808,#9809,#9815));
#9807 = ORIENTED_EDGE('',*,*,#9776,.T.);
#9808 = ORIENTED_EDGE('',*,*,#4905,.T.);
#9809 = ORIENTED_EDGE('',*,*,#9810,.F.);
#9810 = EDGE_CURVE('',#174,#4906,#9811,.T.);
#9811 = LINE('',#9812,#9813);
#9812 = CARTESIAN_POINT('',(12.507758943115,-0.991371139094,0.));
#9813 = VECTOR('',#9814,1.);
#9814 = DIRECTION('',(0.,0.,1.));
#9815 = ORIENTED_EDGE('',*,*,#173,.F.);
#9816 = PLANE('',#9817);
#9817 = AXIS2_PLACEMENT_3D('',#9818,#9819,#9820);
#9818 = CARTESIAN_POINT('',(12.343316917213,-1.052989982741,0.));
#9819 = DIRECTION('',(-0.35088920457,0.936416983035,0.));
#9820 = DIRECTION('',(0.936416983035,0.35088920457,0.));
#9821 = ADVANCED_FACE('',(#9822),#9833,.F.);
#9822 = FACE_BOUND('',#9823,.F.);
#9823 = EDGE_LOOP('',(#9824,#9830,#9831,#9832));
#9824 = ORIENTED_EDGE('',*,*,#9825,.T.);
#9825 = EDGE_CURVE('',#4766,#9498,#9826,.T.);
#9826 = LINE('',#9827,#9828);
#9827 = CARTESIAN_POINT('',(11.40769382111,-3.428083610407,0.));
#9828 = VECTOR('',#9829,1.);
#9829 = DIRECTION('',(0.,0.,1.));
#9830 = ORIENTED_EDGE('',*,*,#9505,.T.);
#9831 = ORIENTED_EDGE('',*,*,#9791,.F.);
#9832 = ORIENTED_EDGE('',*,*,#4773,.F.);
#9833 = PLANE('',#9834);
#9834 = AXIS2_PLACEMENT_3D('',#9835,#9836,#9837);
#9835 = CARTESIAN_POINT('',(11.40769382111,-3.428083610407,0.));
#9836 = DIRECTION('',(-0.56238515569,-0.826875405765,0.));
#9837 = DIRECTION('',(-0.826875405765,0.56238515569,0.));
#9838 = ADVANCED_FACE('',(#9839),#9850,.F.);
#9839 = FACE_BOUND('',#9840,.F.);
#9840 = EDGE_LOOP('',(#9841,#9842,#9843,#9849));
#9841 = ORIENTED_EDGE('',*,*,#9810,.T.);
#9842 = ORIENTED_EDGE('',*,*,#4913,.T.);
#9843 = ORIENTED_EDGE('',*,*,#9844,.F.);
#9844 = EDGE_CURVE('',#182,#4914,#9845,.T.);
#9845 = LINE('',#9846,#9847);
#9846 = CARTESIAN_POINT('',(12.672204845778,-0.923646318345,0.));
#9847 = VECTOR('',#9848,1.);
#9848 = DIRECTION('',(0.,0.,1.));
#9849 = ORIENTED_EDGE('',*,*,#181,.F.);
#9850 = PLANE('',#9851);
#9851 = AXIS2_PLACEMENT_3D('',#9852,#9853,#9854);
#9852 = CARTESIAN_POINT('',(12.507758943115,-0.991371139094,0.));
#9853 = DIRECTION('',(-0.380806545079,0.924654732981,0.));
#9854 = DIRECTION('',(0.924654732981,0.380806545079,0.));
#9855 = ADVANCED_FACE('',(#9856),#9867,.F.);
#9856 = FACE_BOUND('',#9857,.F.);
#9857 = EDGE_LOOP('',(#9858,#9864,#9865,#9866));
#9858 = ORIENTED_EDGE('',*,*,#9859,.T.);
#9859 = EDGE_CURVE('',#4758,#9490,#9860,.T.);
#9860 = LINE('',#9861,#9862);
#9861 = CARTESIAN_POINT('',(11.543046034954,-3.529099202099,0.));
#9862 = VECTOR('',#9863,1.);
#9863 = DIRECTION('',(0.,0.,1.));
#9864 = ORIENTED_EDGE('',*,*,#9497,.T.);
#9865 = ORIENTED_EDGE('',*,*,#9825,.F.);
#9866 = ORIENTED_EDGE('',*,*,#4765,.F.);
#9867 = PLANE('',#9868);
#9868 = AXIS2_PLACEMENT_3D('',#9869,#9870,#9871);
#9869 = CARTESIAN_POINT('',(11.543046034954,-3.529099202099,0.));
#9870 = DIRECTION('',(-0.598109044208,-0.801414731108,0.));
#9871 = DIRECTION('',(-0.801414731108,0.598109044208,0.));
#9872 = ADVANCED_FACE('',(#9873),#9884,.F.);
#9873 = FACE_BOUND('',#9874,.F.);
#9874 = EDGE_LOOP('',(#9875,#9876,#9877,#9883));
#9875 = ORIENTED_EDGE('',*,*,#9844,.T.);
#9876 = ORIENTED_EDGE('',*,*,#4921,.T.);
#9877 = ORIENTED_EDGE('',*,*,#9878,.F.);
#9878 = EDGE_CURVE('',#190,#4922,#9879,.T.);
#9879 = LINE('',#9880,#9881);
#9880 = CARTESIAN_POINT('',(12.836545008172,-0.850009209616,0.));
#9881 = VECTOR('',#9882,1.);
#9882 = DIRECTION('',(0.,0.,1.));
#9883 = ORIENTED_EDGE('',*,*,#189,.F.);
#9884 = PLANE('',#9885);
#9885 = AXIS2_PLACEMENT_3D('',#9886,#9887,#9888);
#9886 = CARTESIAN_POINT('',(12.672204845778,-0.923646318345,0.));
#9887 = DIRECTION('',(-0.408905073191,0.912576923398,0.));
#9888 = DIRECTION('',(0.912576923398,0.408905073191,0.));
#9889 = ADVANCED_FACE('',(#9890),#9901,.F.);
#9890 = FACE_BOUND('',#9891,.F.);
#9891 = EDGE_LOOP('',(#9892,#9898,#9899,#9900));
#9892 = ORIENTED_EDGE('',*,*,#9893,.T.);
#9893 = EDGE_CURVE('',#4750,#9482,#9894,.T.);
#9894 = LINE('',#9895,#9896);
#9895 = CARTESIAN_POINT('',(11.676035887203,-3.636799947691,0.));
#9896 = VECTOR('',#9897,1.);
#9897 = DIRECTION('',(0.,0.,1.));
#9898 = ORIENTED_EDGE('',*,*,#9489,.T.);
#9899 = ORIENTED_EDGE('',*,*,#9859,.F.);
#9900 = ORIENTED_EDGE('',*,*,#4757,.F.);
#9901 = PLANE('',#9902);
#9902 = AXIS2_PLACEMENT_3D('',#9903,#9904,#9905);
#9903 = CARTESIAN_POINT('',(11.676035887203,-3.636799947691,0.));
#9904 = DIRECTION('',(-0.629347518484,-0.77712399331,0.));
#9905 = DIRECTION('',(-0.77712399331,0.629347518484,0.));
#9906 = ADVANCED_FACE('',(#9907),#9918,.F.);
#9907 = FACE_BOUND('',#9908,.F.);
#9908 = EDGE_LOOP('',(#9909,#9910,#9911,#9917));
#9909 = ORIENTED_EDGE('',*,*,#9878,.T.);
#9910 = ORIENTED_EDGE('',*,*,#4929,.T.);
#9911 = ORIENTED_EDGE('',*,*,#9912,.F.);
#9912 = EDGE_CURVE('',#198,#4930,#9913,.T.);
#9913 = LINE('',#9914,#9915);
#9914 = CARTESIAN_POINT('',(13.000673580415,-0.770618359216,0.));
#9915 = VECTOR('',#9916,1.);
#9916 = DIRECTION('',(0.,0.,1.));
#9917 = ORIENTED_EDGE('',*,*,#197,.F.);
#9918 = PLANE('',#9919);
#9919 = AXIS2_PLACEMENT_3D('',#9920,#9921,#9922);
#9920 = CARTESIAN_POINT('',(12.836545008172,-0.850009209616,0.));
#9921 = DIRECTION('',(-0.435444481382,0.900215587309,0.));
#9922 = DIRECTION('',(0.900215587309,0.435444481382,0.));
#9923 = ADVANCED_FACE('',(#9924),#9935,.F.);
#9924 = FACE_BOUND('',#9925,.F.);
#9925 = EDGE_LOOP('',(#9926,#9932,#9933,#9934));
#9926 = ORIENTED_EDGE('',*,*,#9927,.T.);
#9927 = EDGE_CURVE('',#4742,#9474,#9928,.T.);
#9928 = LINE('',#9929,#9930);
#9929 = CARTESIAN_POINT('',(11.806699683955,-3.750746991655,0.));
#9930 = VECTOR('',#9931,1.);
#9931 = DIRECTION('',(0.,0.,1.));
#9932 = ORIENTED_EDGE('',*,*,#9481,.T.);
#9933 = ORIENTED_EDGE('',*,*,#9893,.F.);
#9934 = ORIENTED_EDGE('',*,*,#4749,.F.);
#9935 = PLANE('',#9936);
#9936 = AXIS2_PLACEMENT_3D('',#9937,#9938,#9939);
#9937 = CARTESIAN_POINT('',(11.806699683955,-3.750746991655,0.));
#9938 = DIRECTION('',(-0.657249948765,-0.753672677526,0.));
#9939 = DIRECTION('',(-0.753672677526,0.657249948765,0.));
#9940 = ADVANCED_FACE('',(#9941),#9952,.F.);
#9941 = FACE_BOUND('',#9942,.F.);
#9942 = EDGE_LOOP('',(#9943,#9944,#9945,#9951));
#9943 = ORIENTED_EDGE('',*,*,#9912,.T.);
#9944 = ORIENTED_EDGE('',*,*,#4937,.T.);
#9945 = ORIENTED_EDGE('',*,*,#9946,.F.);
#9946 = EDGE_CURVE('',#206,#4938,#9947,.T.);
#9947 = LINE('',#9948,#9949);
#9948 = CARTESIAN_POINT('',(13.164487483828,-0.68560619399,0.));
#9949 = VECTOR('',#9950,1.);
#9950 = DIRECTION('',(0.,0.,1.));
#9951 = ORIENTED_EDGE('',*,*,#205,.F.);
#9952 = PLANE('',#9953);
#9953 = AXIS2_PLACEMENT_3D('',#9954,#9955,#9956);
#9954 = CARTESIAN_POINT('',(13.000673580415,-0.770618359216,0.));
#9955 = DIRECTION('',(-0.460622981935,0.887595892574,0.));
#9956 = DIRECTION('',(0.887595892574,0.460622981935,0.));
#9957 = ADVANCED_FACE('',(#9958),#9969,.F.);
#9958 = FACE_BOUND('',#9959,.F.);
#9959 = EDGE_LOOP('',(#9960,#9966,#9967,#9968));
#9960 = ORIENTED_EDGE('',*,*,#9961,.T.);
#9961 = EDGE_CURVE('',#4734,#9466,#9962,.T.);
#9962 = LINE('',#9963,#9964);
#9963 = CARTESIAN_POINT('',(11.935043795385,-3.870604619015,0.));
#9964 = VECTOR('',#9965,1.);
#9965 = DIRECTION('',(0.,0.,1.));
#9966 = ORIENTED_EDGE('',*,*,#9473,.T.);
#9967 = ORIENTED_EDGE('',*,*,#9927,.F.);
#9968 = ORIENTED_EDGE('',*,*,#4741,.F.);
#9969 = PLANE('',#9970);
#9970 = AXIS2_PLACEMENT_3D('',#9971,#9972,#9973);
#9971 = CARTESIAN_POINT('',(11.935043795385,-3.870604619015,0.));
#9972 = DIRECTION('',(-0.682530619474,-0.730856999337,0.));
#9973 = DIRECTION('',(-0.730856999337,0.682530619474,0.));
#9974 = ADVANCED_FACE('',(#9975),#9986,.F.);
#9975 = FACE_BOUND('',#9976,.F.);
#9976 = EDGE_LOOP('',(#9977,#9978,#9979,#9985));
#9977 = ORIENTED_EDGE('',*,*,#9946,.T.);
#9978 = ORIENTED_EDGE('',*,*,#4945,.T.);
#9979 = ORIENTED_EDGE('',*,*,#9980,.F.);
#9980 = EDGE_CURVE('',#214,#4946,#9981,.T.);
#9981 = LINE('',#9982,#9983);
#9982 = CARTESIAN_POINT('',(13.327885729112,-0.595085279735,0.));
#9983 = VECTOR('',#9984,1.);
#9984 = DIRECTION('',(0.,0.,1.));
#9985 = ORIENTED_EDGE('',*,*,#213,.F.);
#9986 = PLANE('',#9987);
#9987 = AXIS2_PLACEMENT_3D('',#9988,#9989,#9990);
#9988 = CARTESIAN_POINT('',(13.164487483828,-0.68560619399,0.));
#9989 = DIRECTION('',(-0.48459578968,0.874738201192,0.));
#9990 = DIRECTION('',(0.874738201192,0.48459578968,0.));
#9991 = ADVANCED_FACE('',(#9992),#10003,.F.);
#9992 = FACE_BOUND('',#9993,.F.);
#9993 = EDGE_LOOP('',(#9994,#10000,#10001,#10002));
#9994 = ORIENTED_EDGE('',*,*,#9995,.T.);
#9995 = EDGE_CURVE('',#4726,#9458,#9996,.T.);
#9996 = LINE('',#9997,#9998);
#9997 = CARTESIAN_POINT('',(12.0610548322,-3.996104917217,0.));
#9998 = VECTOR('',#9999,1.);
#9999 = DIRECTION('',(0.,0.,1.));
#10000 = ORIENTED_EDGE('',*,*,#9465,.T.);
#10001 = ORIENTED_EDGE('',*,*,#9961,.F.);
#10002 = ORIENTED_EDGE('',*,*,#4733,.F.);
#10003 = PLANE('',#10004);
#10004 = AXIS2_PLACEMENT_3D('',#10005,#10006,#10007);
#10005 = CARTESIAN_POINT('',(12.0610548322,-3.996104917217,0.));
#10006 = DIRECTION('',(-0.705669419815,-0.708541226703,0.));
#10007 = DIRECTION('',(-0.708541226703,0.705669419815,0.));
#10008 = ADVANCED_FACE('',(#10009),#10020,.F.);
#10009 = FACE_BOUND('',#10010,.F.);
#10010 = EDGE_LOOP('',(#10011,#10012,#10013,#10019));
#10011 = ORIENTED_EDGE('',*,*,#9980,.T.);
#10012 = ORIENTED_EDGE('',*,*,#4953,.T.);
#10013 = ORIENTED_EDGE('',*,*,#10014,.F.);
#10014 = EDGE_CURVE('',#222,#4954,#10015,.T.);
#10015 = LINE('',#10016,#10017);
#10016 = CARTESIAN_POINT('',(13.49076893553,-0.49915281042,0.));
#10017 = VECTOR('',#10018,1.);
#10018 = DIRECTION('',(0.,0.,1.));
#10019 = ORIENTED_EDGE('',*,*,#221,.F.);
#10020 = PLANE('',#10021);
#10021 = AXIS2_PLACEMENT_3D('',#10022,#10023,#10024);
#10022 = CARTESIAN_POINT('',(13.327885729112,-0.595085279735,0.));
#10023 = DIRECTION('',(-0.507487024925,0.861659398796,0.));
#10024 = DIRECTION('',(0.861659398796,0.507487024925,0.));
#10025 = ADVANCED_FACE('',(#10026),#10037,.F.);
#10026 = FACE_BOUND('',#10027,.F.);
#10027 = EDGE_LOOP('',(#10028,#10034,#10035,#10036));
#10028 = ORIENTED_EDGE('',*,*,#10029,.T.);
#10029 = EDGE_CURVE('',#4718,#9450,#10030,.T.);
#10030 = LINE('',#10031,#10032);
#10031 = CARTESIAN_POINT('',(12.184705643088,-4.127026992226,0.));
#10032 = VECTOR('',#10033,1.);
#10033 = DIRECTION('',(0.,0.,1.));
#10034 = ORIENTED_EDGE('',*,*,#9457,.T.);
#10035 = ORIENTED_EDGE('',*,*,#9995,.F.);
#10036 = ORIENTED_EDGE('',*,*,#4725,.F.);
#10037 = PLANE('',#10038);
#10038 = AXIS2_PLACEMENT_3D('',#10039,#10040,#10041);
#10039 = CARTESIAN_POINT('',(12.184705643088,-4.127026992226,0.));
#10040 = DIRECTION('',(-0.727007097204,-0.68662994445,0.));
#10041 = DIRECTION('',(-0.68662994445,0.727007097204,0.));
#10042 = ADVANCED_FACE('',(#10043),#10054,.F.);
#10043 = FACE_BOUND('',#10044,.F.);
#10044 = EDGE_LOOP('',(#10045,#10046,#10047,#10053));
#10045 = ORIENTED_EDGE('',*,*,#10014,.T.);
#10046 = ORIENTED_EDGE('',*,*,#4961,.T.);
#10047 = ORIENTED_EDGE('',*,*,#10048,.F.);
#10048 = EDGE_CURVE('',#230,#4962,#10049,.T.);
#10049 = LINE('',#10050,#10051);
#10050 = CARTESIAN_POINT('',(13.49897422225,-0.166417988932,0.));
#10051 = VECTOR('',#10052,1.);
#10052 = DIRECTION('',(0.,0.,1.));
#10053 = ORIENTED_EDGE('',*,*,#229,.F.);
#10054 = PLANE('',#10055);
#10055 = AXIS2_PLACEMENT_3D('',#10056,#10057,#10058);
#10056 = CARTESIAN_POINT('',(13.49076893553,-0.49915281042,0.));
#10057 = DIRECTION('',(-0.999696077399,2.465264354143E-02,0.));
#10058 = DIRECTION('',(2.465264354143E-02,0.999696077399,0.));
#10059 = ADVANCED_FACE('',(#10060),#10071,.F.);
#10060 = FACE_BOUND('',#10061,.F.);
#10061 = EDGE_LOOP('',(#10062,#10068,#10069,#10070));
#10062 = ORIENTED_EDGE('',*,*,#10063,.T.);
#10063 = EDGE_CURVE('',#4710,#9442,#10064,.T.);
#10064 = LINE('',#10065,#10066);
#10065 = CARTESIAN_POINT('',(12.305959108553,-4.263183859355,0.));
#10066 = VECTOR('',#10067,1.);
#10067 = DIRECTION('',(0.,0.,1.));
#10068 = ORIENTED_EDGE('',*,*,#9449,.T.);
#10069 = ORIENTED_EDGE('',*,*,#10029,.F.);
#10070 = ORIENTED_EDGE('',*,*,#4717,.F.);
#10071 = PLANE('',#10072);
#10072 = AXIS2_PLACEMENT_3D('',#10073,#10074,#10075);
#10073 = CARTESIAN_POINT('',(12.305959108553,-4.263183859355,0.));
#10074 = DIRECTION('',(-0.746795834714,-0.665053367223,0.));
#10075 = DIRECTION('',(-0.665053367223,0.746795834714,0.));
#10076 = ADVANCED_FACE('',(#10077),#10088,.F.);
#10077 = FACE_BOUND('',#10078,.F.);
#10078 = EDGE_LOOP('',(#10079,#10080,#10081,#10087));
#10079 = ORIENTED_EDGE('',*,*,#10048,.T.);
#10080 = ORIENTED_EDGE('',*,*,#4969,.T.);
#10081 = ORIENTED_EDGE('',*,*,#10082,.F.);
#10082 = EDGE_CURVE('',#238,#4970,#10083,.T.);
#10083 = LINE('',#10084,#10085);
#10084 = CARTESIAN_POINT('',(13.49897422225,0.166417988932,0.));
#10085 = VECTOR('',#10086,1.);
#10086 = DIRECTION('',(0.,0.,1.));
#10087 = ORIENTED_EDGE('',*,*,#237,.F.);
#10088 = PLANE('',#10089);
#10089 = AXIS2_PLACEMENT_3D('',#10090,#10091,#10092);
#10090 = CARTESIAN_POINT('',(13.49897422225,-0.166417988932,0.));
#10091 = DIRECTION('',(-1.,0.,0.));
#10092 = DIRECTION('',(0.,1.,0.));
#10093 = ADVANCED_FACE('',(#10094),#10105,.F.);
#10094 = FACE_BOUND('',#10095,.F.);
#10095 = EDGE_LOOP('',(#10096,#10102,#10103,#10104));
#10096 = ORIENTED_EDGE('',*,*,#10097,.T.);
#10097 = EDGE_CURVE('',#4702,#9434,#10098,.T.);
#10098 = LINE('',#10099,#10100);
#10099 = CARTESIAN_POINT('',(12.424770673877,-4.404413725648,0.));
#10100 = VECTOR('',#10101,1.);
#10101 = DIRECTION('',(0.,0.,1.));
#10102 = ORIENTED_EDGE('',*,*,#9441,.T.);
#10103 = ORIENTED_EDGE('',*,*,#10063,.F.);
#10104 = ORIENTED_EDGE('',*,*,#4709,.F.);
#10105 = PLANE('',#10106);
#10106 = AXIS2_PLACEMENT_3D('',#10107,#10108,#10109);
#10107 = CARTESIAN_POINT('',(12.424770673877,-4.404413725648,0.));
#10108 = DIRECTION('',(-0.765228387937,-0.643758894537,0.));
#10109 = DIRECTION('',(-0.643758894537,0.765228387937,0.));
#10110 = ADVANCED_FACE('',(#10111),#10122,.F.);
#10111 = FACE_BOUND('',#10112,.F.);
#10112 = EDGE_LOOP('',(#10113,#10114,#10115,#10121));
#10113 = ORIENTED_EDGE('',*,*,#10082,.T.);
#10114 = ORIENTED_EDGE('',*,*,#4977,.T.);
#10115 = ORIENTED_EDGE('',*,*,#10116,.F.);
#10116 = EDGE_CURVE('',#246,#4978,#10117,.T.);
#10117 = LINE('',#10118,#10119);
#10118 = CARTESIAN_POINT('',(13.49076893553,0.49915281042,0.));
#10119 = VECTOR('',#10120,1.);
#10120 = DIRECTION('',(0.,0.,1.));
#10121 = ORIENTED_EDGE('',*,*,#245,.F.);
#10122 = PLANE('',#10123);
#10123 = AXIS2_PLACEMENT_3D('',#10124,#10125,#10126);
#10124 = CARTESIAN_POINT('',(13.49897422225,0.166417988932,0.));
#10125 = DIRECTION('',(-0.999696077399,-2.465264354143E-02,0.));
#10126 = DIRECTION('',(-2.465264354143E-02,0.999696077399,0.));
#10127 = ADVANCED_FACE('',(#10128),#10139,.F.);
#10128 = FACE_BOUND('',#10129,.F.);
#10129 = EDGE_LOOP('',(#10130,#10136,#10137,#10138));
#10130 = ORIENTED_EDGE('',*,*,#10131,.T.);
#10131 = EDGE_CURVE('',#4694,#9426,#10132,.T.);
#10132 = LINE('',#10133,#10134);
#10133 = CARTESIAN_POINT('',(12.541090114175,-4.55057394694,0.));
#10134 = VECTOR('',#10135,1.);
#10135 = DIRECTION('',(0.,0.,1.));
#10136 = ORIENTED_EDGE('',*,*,#9433,.T.);
#10137 = ORIENTED_EDGE('',*,*,#10097,.F.);
#10138 = ORIENTED_EDGE('',*,*,#4701,.F.);
#10139 = PLANE('',#10140);
#10140 = AXIS2_PLACEMENT_3D('',#10141,#10142,#10143);
#10141 = CARTESIAN_POINT('',(12.541090114175,-4.55057394694,0.));
#10142 = DIRECTION('',(-0.78245594888,-0.622705940282,0.));
#10143 = DIRECTION('',(-0.622705940282,0.78245594888,0.));
#10144 = ADVANCED_FACE('',(#10145),#10156,.F.);
#10145 = FACE_BOUND('',#10146,.F.);
#10146 = EDGE_LOOP('',(#10147,#10148,#10149,#10155));
#10147 = ORIENTED_EDGE('',*,*,#10116,.T.);
#10148 = ORIENTED_EDGE('',*,*,#4985,.T.);
#10149 = ORIENTED_EDGE('',*,*,#10150,.F.);
#10150 = EDGE_CURVE('',#254,#4986,#10151,.T.);
#10151 = LINE('',#10152,#10153);
#10152 = CARTESIAN_POINT('',(13.327885729112,0.595085279735,0.));
#10153 = VECTOR('',#10154,1.);
#10154 = DIRECTION('',(0.,0.,1.));
#10155 = ORIENTED_EDGE('',*,*,#253,.F.);
#10156 = PLANE('',#10157);
#10157 = AXIS2_PLACEMENT_3D('',#10158,#10159,#10160);
#10158 = CARTESIAN_POINT('',(13.49076893553,0.49915281042,0.));
#10159 = DIRECTION('',(-0.507487024925,-0.861659398796,0.));
#10160 = DIRECTION('',(-0.861659398796,0.507487024925,0.));
#10161 = ADVANCED_FACE('',(#10162),#10173,.F.);
#10162 = FACE_BOUND('',#10163,.F.);
#10163 = EDGE_LOOP('',(#10164,#10170,#10171,#10172));
#10164 = ORIENTED_EDGE('',*,*,#10165,.T.);
#10165 = EDGE_CURVE('',#4686,#9418,#10166,.T.);
#10166 = LINE('',#10167,#10168);
#10167 = CARTESIAN_POINT('',(12.654862808141,-4.70153669635,0.));
#10168 = VECTOR('',#10169,1.);
#10169 = DIRECTION('',(0.,0.,1.));
#10170 = ORIENTED_EDGE('',*,*,#9425,.T.);
#10171 = ORIENTED_EDGE('',*,*,#10131,.F.);
#10172 = ORIENTED_EDGE('',*,*,#4693,.F.);
#10173 = PLANE('',#10174);
#10174 = AXIS2_PLACEMENT_3D('',#10175,#10176,#10177);
#10175 = CARTESIAN_POINT('',(12.654862808141,-4.70153669635,0.));
#10176 = DIRECTION('',(-0.798599651604,-0.601862605964,0.));
#10177 = DIRECTION('',(-0.601862605964,0.798599651604,0.));
#10178 = ADVANCED_FACE('',(#10179),#10190,.F.);
#10179 = FACE_BOUND('',#10180,.F.);
#10180 = EDGE_LOOP('',(#10181,#10182,#10183,#10189));
#10181 = ORIENTED_EDGE('',*,*,#10150,.T.);
#10182 = ORIENTED_EDGE('',*,*,#4993,.T.);
#10183 = ORIENTED_EDGE('',*,*,#10184,.F.);
#10184 = EDGE_CURVE('',#262,#4994,#10185,.T.);
#10185 = LINE('',#10186,#10187);
#10186 = CARTESIAN_POINT('',(13.164487483828,0.68560619399,0.));
#10187 = VECTOR('',#10188,1.);
#10188 = DIRECTION('',(0.,0.,1.));
#10189 = ORIENTED_EDGE('',*,*,#261,.F.);
#10190 = PLANE('',#10191);
#10191 = AXIS2_PLACEMENT_3D('',#10192,#10193,#10194);
#10192 = CARTESIAN_POINT('',(13.327885729112,0.595085279735,0.));
#10193 = DIRECTION('',(-0.48459578968,-0.874738201192,0.));
#10194 = DIRECTION('',(-0.874738201192,0.48459578968,0.));
#10195 = ADVANCED_FACE('',(#10196),#10207,.F.);
#10196 = FACE_BOUND('',#10197,.F.);
#10197 = EDGE_LOOP('',(#10198,#10204,#10205,#10206));
#10198 = ORIENTED_EDGE('',*,*,#10199,.T.);
#10199 = EDGE_CURVE('',#4678,#9410,#10200,.T.);
#10200 = LINE('',#10201,#10202);
#10201 = CARTESIAN_POINT('',(12.535111401046,-5.012083614962,0.));
#10202 = VECTOR('',#10203,1.);
#10203 = DIRECTION('',(0.,0.,1.));
#10204 = ORIENTED_EDGE('',*,*,#9417,.T.);
#10205 = ORIENTED_EDGE('',*,*,#10165,.F.);
#10206 = ORIENTED_EDGE('',*,*,#4685,.F.);
#10207 = PLANE('',#10208);
#10208 = AXIS2_PLACEMENT_3D('',#10209,#10210,#10211);
#10209 = CARTESIAN_POINT('',(12.535111401046,-5.012083614962,0.));
#10210 = DIRECTION('',(-0.933032902888,0.359791053431,0.));
#10211 = DIRECTION('',(0.359791053431,0.933032902888,0.));
#10212 = ADVANCED_FACE('',(#10213),#10224,.F.);
#10213 = FACE_BOUND('',#10214,.F.);
#10214 = EDGE_LOOP('',(#10215,#10216,#10217,#10223));
#10215 = ORIENTED_EDGE('',*,*,#10184,.T.);
#10216 = ORIENTED_EDGE('',*,*,#5001,.T.);
#10217 = ORIENTED_EDGE('',*,*,#10218,.F.);
#10218 = EDGE_CURVE('',#270,#5002,#10219,.T.);
#10219 = LINE('',#10220,#10221);
#10220 = CARTESIAN_POINT('',(13.000673580415,0.770618359216,0.));
#10221 = VECTOR('',#10222,1.);
#10222 = DIRECTION('',(0.,0.,1.));
#10223 = ORIENTED_EDGE('',*,*,#269,.F.);
#10224 = PLANE('',#10225);
#10225 = AXIS2_PLACEMENT_3D('',#10226,#10227,#10228);
#10226 = CARTESIAN_POINT('',(13.164487483828,0.68560619399,0.));
#10227 = DIRECTION('',(-0.460622981935,-0.887595892574,0.));
#10228 = DIRECTION('',(-0.887595892574,0.460622981935,0.));
#10229 = ADVANCED_FACE('',(#10230),#10241,.F.);
#10230 = FACE_BOUND('',#10231,.F.);
#10231 = EDGE_LOOP('',(#10232,#10238,#10239,#10240));
#10232 = ORIENTED_EDGE('',*,*,#10233,.T.);
#10233 = EDGE_CURVE('',#4670,#9402,#10234,.T.);
#10234 = LINE('',#10235,#10236);
#10235 = CARTESIAN_POINT('',(12.407740586622,-5.319583962594,0.));
#10236 = VECTOR('',#10237,1.);
#10237 = DIRECTION('',(0.,0.,1.));
#10238 = ORIENTED_EDGE('',*,*,#9409,.T.);
#10239 = ORIENTED_EDGE('',*,*,#10199,.F.);
#10240 = ORIENTED_EDGE('',*,*,#4677,.F.);
#10241 = PLANE('',#10242);
#10242 = AXIS2_PLACEMENT_3D('',#10243,#10244,#10245);
#10243 = CARTESIAN_POINT('',(12.407740586622,-5.319583962594,0.));
#10244 = DIRECTION('',(-0.923879532511,0.382683432365,0.));
#10245 = DIRECTION('',(0.382683432365,0.923879532511,0.));
#10246 = ADVANCED_FACE('',(#10247),#10258,.F.);
#10247 = FACE_BOUND('',#10248,.F.);
#10248 = EDGE_LOOP('',(#10249,#10250,#10251,#10257));
#10249 = ORIENTED_EDGE('',*,*,#10218,.T.);
#10250 = ORIENTED_EDGE('',*,*,#5009,.T.);
#10251 = ORIENTED_EDGE('',*,*,#10252,.F.);
#10252 = EDGE_CURVE('',#278,#5010,#10253,.T.);
#10253 = LINE('',#10254,#10255);
#10254 = CARTESIAN_POINT('',(12.836545008172,0.850009209616,0.));
#10255 = VECTOR('',#10256,1.);
#10256 = DIRECTION('',(0.,0.,1.));
#10257 = ORIENTED_EDGE('',*,*,#277,.F.);
#10258 = PLANE('',#10259);
#10259 = AXIS2_PLACEMENT_3D('',#10260,#10261,#10262);
#10260 = CARTESIAN_POINT('',(13.000673580415,0.770618359216,0.));
#10261 = DIRECTION('',(-0.435444481382,-0.900215587309,0.));
#10262 = DIRECTION('',(-0.900215587309,0.435444481382,0.));
#10263 = ADVANCED_FACE('',(#10264),#10275,.F.);
#10264 = FACE_BOUND('',#10265,.F.);
#10265 = EDGE_LOOP('',(#10266,#10272,#10273,#10274));
#10266 = ORIENTED_EDGE('',*,*,#10267,.T.);
#10267 = EDGE_CURVE('',#4662,#9394,#10268,.T.);
#10268 = LINE('',#10269,#10270);
#10269 = CARTESIAN_POINT('',(12.272827786609,-5.623850826635,0.));
#10270 = VECTOR('',#10271,1.);
#10271 = DIRECTION('',(0.,0.,1.));
#10272 = ORIENTED_EDGE('',*,*,#9401,.T.);
#10273 = ORIENTED_EDGE('',*,*,#10233,.F.);
#10274 = ORIENTED_EDGE('',*,*,#4669,.F.);
#10275 = PLANE('',#10276);
#10276 = AXIS2_PLACEMENT_3D('',#10277,#10278,#10279);
#10277 = CARTESIAN_POINT('',(12.272827786609,-5.623850826635,0.));
#10278 = DIRECTION('',(-0.914164586393,0.405343199011,0.));
#10279 = DIRECTION('',(0.405343199011,0.914164586393,0.));
#10280 = ADVANCED_FACE('',(#10281),#10292,.F.);
#10281 = FACE_BOUND('',#10282,.F.);
#10282 = EDGE_LOOP('',(#10283,#10284,#10285,#10291));
#10283 = ORIENTED_EDGE('',*,*,#10252,.T.);
#10284 = ORIENTED_EDGE('',*,*,#5017,.T.);
#10285 = ORIENTED_EDGE('',*,*,#10286,.F.);
#10286 = EDGE_CURVE('',#286,#5018,#10287,.T.);
#10287 = LINE('',#10288,#10289);
#10288 = CARTESIAN_POINT('',(12.672204845778,0.923646318345,0.));
#10289 = VECTOR('',#10290,1.);
#10290 = DIRECTION('',(0.,0.,1.));
#10291 = ORIENTED_EDGE('',*,*,#285,.F.);
#10292 = PLANE('',#10293);
#10293 = AXIS2_PLACEMENT_3D('',#10294,#10295,#10296);
#10294 = CARTESIAN_POINT('',(12.836545008172,0.850009209616,0.));
#10295 = DIRECTION('',(-0.408905073191,-0.912576923398,0.));
#10296 = DIRECTION('',(-0.912576923398,0.408905073191,0.));
#10297 = ADVANCED_FACE('',(#10298),#10309,.F.);
#10298 = FACE_BOUND('',#10299,.F.);
#10299 = EDGE_LOOP('',(#10300,#10306,#10307,#10308));
#10300 = ORIENTED_EDGE('',*,*,#10301,.T.);
#10301 = EDGE_CURVE('',#4654,#9386,#10302,.T.);
#10302 = LINE('',#10303,#10304);
#10303 = CARTESIAN_POINT('',(12.085631559377,-5.650148167032,0.));
#10304 = VECTOR('',#10305,1.);
#10305 = DIRECTION('',(0.,0.,1.));
#10306 = ORIENTED_EDGE('',*,*,#9393,.T.);
#10307 = ORIENTED_EDGE('',*,*,#10267,.F.);
#10308 = ORIENTED_EDGE('',*,*,#4661,.F.);
#10309 = PLANE('',#10310);
#10310 = AXIS2_PLACEMENT_3D('',#10311,#10312,#10313);
#10311 = CARTESIAN_POINT('',(12.085631559377,-5.650148167032,0.));
#10312 = DIRECTION('',(-0.139114099083,0.990276359122,0.));
#10313 = DIRECTION('',(0.990276359122,0.139114099083,0.));
#10314 = ADVANCED_FACE('',(#10315),#10326,.F.);
#10315 = FACE_BOUND('',#10316,.F.);
#10316 = EDGE_LOOP('',(#10317,#10318,#10319,#10325));
#10317 = ORIENTED_EDGE('',*,*,#10286,.T.);
#10318 = ORIENTED_EDGE('',*,*,#5025,.T.);
#10319 = ORIENTED_EDGE('',*,*,#10320,.F.);
#10320 = EDGE_CURVE('',#294,#5026,#10321,.T.);
#10321 = LINE('',#10322,#10323);
#10322 = CARTESIAN_POINT('',(12.507758943115,0.991371139094,0.));
#10323 = VECTOR('',#10324,1.);
#10324 = DIRECTION('',(0.,0.,1.));
#10325 = ORIENTED_EDGE('',*,*,#293,.F.);
#10326 = PLANE('',#10327);
#10327 = AXIS2_PLACEMENT_3D('',#10328,#10329,#10330);
#10328 = CARTESIAN_POINT('',(12.672204845778,0.923646318345,0.));
#10329 = DIRECTION('',(-0.380806545079,-0.924654732981,0.));
#10330 = DIRECTION('',(-0.924654732981,0.380806545079,0.));
#10331 = ADVANCED_FACE('',(#10332),#10343,.F.);
#10332 = FACE_BOUND('',#10333,.F.);
#10333 = EDGE_LOOP('',(#10334,#10340,#10341,#10342));
#10334 = ORIENTED_EDGE('',*,*,#10335,.T.);
#10335 = EDGE_CURVE('',#4646,#9378,#10336,.T.);
#10336 = LINE('',#10337,#10338);
#10337 = CARTESIAN_POINT('',(11.900030410743,-5.671248785629,0.));
#10338 = VECTOR('',#10339,1.);
#10339 = DIRECTION('',(0.,0.,1.));
#10340 = ORIENTED_EDGE('',*,*,#9385,.T.);
#10341 = ORIENTED_EDGE('',*,*,#10301,.F.);
#10342 = ORIENTED_EDGE('',*,*,#4653,.F.);
#10343 = PLANE('',#10344);
#10344 = AXIS2_PLACEMENT_3D('',#10345,#10346,#10347);
#10345 = CARTESIAN_POINT('',(11.900030410743,-5.671248785629,0.));
#10346 = DIRECTION('',(-0.112960314374,0.993599500491,0.));
#10347 = DIRECTION('',(0.993599500491,0.112960314374,0.));
#10348 = ADVANCED_FACE('',(#10349),#10360,.F.);
#10349 = FACE_BOUND('',#10350,.F.);
#10350 = EDGE_LOOP('',(#10351,#10352,#10353,#10359));
#10351 = ORIENTED_EDGE('',*,*,#10320,.T.);
#10352 = ORIENTED_EDGE('',*,*,#5033,.T.);
#10353 = ORIENTED_EDGE('',*,*,#10354,.F.);
#10354 = EDGE_CURVE('',#302,#5034,#10355,.T.);
#10355 = LINE('',#10356,#10357);
#10356 = CARTESIAN_POINT('',(12.343316917213,1.052989982741,0.));
#10357 = VECTOR('',#10358,1.);
#10358 = DIRECTION('',(0.,0.,1.));
#10359 = ORIENTED_EDGE('',*,*,#301,.F.);
#10360 = PLANE('',#10361);
#10361 = AXIS2_PLACEMENT_3D('',#10362,#10363,#10364);
#10362 = CARTESIAN_POINT('',(12.507758943115,0.991371139094,0.));
#10363 = DIRECTION('',(-0.35088920457,-0.936416983035,0.));
#10364 = DIRECTION('',(-0.936416983035,0.35088920457,0.));
#10365 = ADVANCED_FACE('',(#10366),#10377,.F.);
#10366 = FACE_BOUND('',#10367,.F.);
#10367 = EDGE_LOOP('',(#10368,#10374,#10375,#10376));
#10368 = ORIENTED_EDGE('',*,*,#10369,.T.);
#10369 = EDGE_CURVE('',#4638,#9370,#10370,.T.);
#10370 = LINE('',#10371,#10372);
#10371 = CARTESIAN_POINT('',(11.716153351057,-5.687100918268,0.));
#10372 = VECTOR('',#10373,1.);
#10373 = DIRECTION('',(0.,0.,1.));
#10374 = ORIENTED_EDGE('',*,*,#9377,.T.);
#10375 = ORIENTED_EDGE('',*,*,#10335,.F.);
#10376 = ORIENTED_EDGE('',*,*,#4645,.F.);
#10377 = PLANE('',#10378);
#10378 = AXIS2_PLACEMENT_3D('',#10379,#10380,#10381);
#10379 = CARTESIAN_POINT('',(11.716153351057,-5.687100918268,0.));
#10380 = DIRECTION('',(-8.589190249037E-02,0.996304462043,0.));
#10381 = DIRECTION('',(0.996304462043,8.589190249037E-02,0.));
#10382 = ADVANCED_FACE('',(#10383),#10394,.F.);
#10383 = FACE_BOUND('',#10384,.F.);
#10384 = EDGE_LOOP('',(#10385,#10386,#10387,#10393));
#10385 = ORIENTED_EDGE('',*,*,#10354,.T.);
#10386 = ORIENTED_EDGE('',*,*,#5041,.T.);
#10387 = ORIENTED_EDGE('',*,*,#10388,.F.);
#10388 = EDGE_CURVE('',#310,#5042,#10389,.T.);
#10389 = LINE('',#10390,#10391);
#10390 = CARTESIAN_POINT('',(12.178993663862,1.108260454223,0.));
#10391 = VECTOR('',#10392,1.);
#10392 = DIRECTION('',(0.,0.,1.));
#10393 = ORIENTED_EDGE('',*,*,#309,.F.);
#10394 = PLANE('',#10395);
#10395 = AXIS2_PLACEMENT_3D('',#10396,#10397,#10398);
#10396 = CARTESIAN_POINT('',(12.343316917213,1.052989982741,0.));
#10397 = DIRECTION('',(-0.318801728293,-0.947821427294,0.));
#10398 = DIRECTION('',(-0.947821427294,0.318801728293,0.));
#10399 = ADVANCED_FACE('',(#10400),#10411,.F.);
#10400 = FACE_BOUND('',#10401,.F.);
#10401 = EDGE_LOOP('',(#10402,#10408,#10409,#10410));
#10402 = ORIENTED_EDGE('',*,*,#10403,.T.);
#10403 = EDGE_CURVE('',#4630,#9362,#10404,.T.);
#10404 = LINE('',#10405,#10406);
#10405 = CARTESIAN_POINT('',(11.534136759333,-5.697639214646,0.));
#10406 = VECTOR('',#10407,1.);
#10407 = DIRECTION('',(0.,0.,1.));
#10408 = ORIENTED_EDGE('',*,*,#9369,.T.);
#10409 = ORIENTED_EDGE('',*,*,#10369,.F.);
#10410 = ORIENTED_EDGE('',*,*,#4637,.F.);
#10411 = PLANE('',#10412);
#10412 = AXIS2_PLACEMENT_3D('',#10413,#10414,#10415);
#10413 = CARTESIAN_POINT('',(11.534136759333,-5.697639214646,0.));
#10414 = DIRECTION('',(-5.780065307352E-02,0.998328144702,0.));
#10415 = DIRECTION('',(0.998328144702,5.780065307352E-02,0.));
#10416 = ADVANCED_FACE('',(#10417),#10428,.F.);
#10417 = FACE_BOUND('',#10418,.F.);
#10418 = EDGE_LOOP('',(#10419,#10420,#10421,#10427));
#10419 = ORIENTED_EDGE('',*,*,#10388,.T.);
#10420 = ORIENTED_EDGE('',*,*,#5049,.T.);
#10421 = ORIENTED_EDGE('',*,*,#10422,.F.);
#10422 = EDGE_CURVE('',#318,#5050,#10423,.T.);
#10423 = LINE('',#10424,#10425);
#10424 = CARTESIAN_POINT('',(12.014911770345,1.156869955583,0.));
#10425 = VECTOR('',#10426,1.);
#10426 = DIRECTION('',(0.,0.,1.));
#10427 = ORIENTED_EDGE('',*,*,#317,.F.);
#10428 = PLANE('',#10429);
#10429 = AXIS2_PLACEMENT_3D('',#10430,#10431,#10432);
#10430 = CARTESIAN_POINT('',(12.178993663862,1.108260454223,0.));
#10431 = DIRECTION('',(-0.284048814031,-0.958809820167,0.));
#10432 = DIRECTION('',(-0.958809820167,0.284048814031,0.));
#10433 = ADVANCED_FACE('',(#10434),#10445,.F.);
#10434 = FACE_BOUND('',#10435,.F.);
#10435 = EDGE_LOOP('',(#10436,#10442,#10443,#10444));
#10436 = ORIENTED_EDGE('',*,*,#10437,.T.);
#10437 = EDGE_CURVE('',#4622,#9354,#10438,.T.);
#10438 = LINE('',#10439,#10440);
#10439 = CARTESIAN_POINT('',(11.354126545409,-5.702780774814,0.));
#10440 = VECTOR('',#10441,1.);
#10441 = DIRECTION('',(0.,0.,1.));
#10442 = ORIENTED_EDGE('',*,*,#9361,.T.);
#10443 = ORIENTED_EDGE('',*,*,#10403,.F.);
#10444 = ORIENTED_EDGE('',*,*,#4629,.F.);
#10445 = PLANE('',#10446);
#10446 = AXIS2_PLACEMENT_3D('',#10447,#10448,#10449);
#10447 = CARTESIAN_POINT('',(11.354126545409,-5.702780774814,0.));
#10448 = DIRECTION('',(-2.855095851751E-02,0.99959233829,0.));
#10449 = DIRECTION('',(0.99959233829,2.855095851751E-02,0.));
#10450 = ADVANCED_FACE('',(#10451),#10462,.F.);
#10451 = FACE_BOUND('',#10452,.F.);
#10452 = EDGE_LOOP('',(#10453,#10454,#10455,#10461));
#10453 = ORIENTED_EDGE('',*,*,#10422,.T.);
#10454 = ORIENTED_EDGE('',*,*,#5057,.T.);
#10455 = ORIENTED_EDGE('',*,*,#10456,.F.);
#10456 = EDGE_CURVE('',#326,#5058,#10457,.T.);
#10457 = LINE('',#10458,#10459);
#10458 = CARTESIAN_POINT('',(11.851205636944,1.19839914344,0.));
#10459 = VECTOR('',#10460,1.);
#10460 = DIRECTION('',(0.,0.,1.));
#10461 = ORIENTED_EDGE('',*,*,#325,.F.);
#10462 = PLANE('',#10463);
#10463 = AXIS2_PLACEMENT_3D('',#10464,#10465,#10466);
#10464 = CARTESIAN_POINT('',(12.014911770345,1.156869955583,0.));
#10465 = DIRECTION('',(-0.245892564105,-0.96929708909,0.));
#10466 = DIRECTION('',(-0.96929708909,0.245892564105,0.));
#10467 = ADVANCED_FACE('',(#10468),#10479,.F.);
#10468 = FACE_BOUND('',#10469,.F.);
#10469 = EDGE_LOOP('',(#10470,#10476,#10477,#10478));
#10470 = ORIENTED_EDGE('',*,*,#10471,.T.);
#10471 = EDGE_CURVE('',#4614,#9346,#10472,.T.);
#10472 = LINE('',#10473,#10474);
#10473 = CARTESIAN_POINT('',(11.176281174872,-5.702419628077,0.));
#10474 = VECTOR('',#10475,1.);
#10475 = DIRECTION('',(0.,0.,1.));
#10476 = ORIENTED_EDGE('',*,*,#9353,.T.);
#10477 = ORIENTED_EDGE('',*,*,#10437,.F.);
#10478 = ORIENTED_EDGE('',*,*,#4621,.F.);
#10479 = PLANE('',#10480);
#10480 = AXIS2_PLACEMENT_3D('',#10481,#10482,#10483);
#10481 = CARTESIAN_POINT('',(11.176281174872,-5.702419628077,0.));
#10482 = DIRECTION('',(2.03067412486E-03,0.999997938179,-0.));
#10483 = DIRECTION('',(0.999997938179,-2.03067412486E-03,0.));
#10484 = ADVANCED_FACE('',(#10485),#10496,.F.);
#10485 = FACE_BOUND('',#10486,.F.);
#10486 = EDGE_LOOP('',(#10487,#10488,#10489,#10495));
#10487 = ORIENTED_EDGE('',*,*,#10456,.T.);
#10488 = ORIENTED_EDGE('',*,*,#5065,.T.);
#10489 = ORIENTED_EDGE('',*,*,#10490,.F.);
#10490 = EDGE_CURVE('',#334,#5066,#10491,.T.);
#10491 = LINE('',#10492,#10493);
#10492 = CARTESIAN_POINT('',(11.688029224477,1.232253458089,0.));
#10493 = VECTOR('',#10494,1.);
#10494 = DIRECTION('',(0.,0.,1.));
#10495 = ORIENTED_EDGE('',*,*,#333,.F.);
#10496 = PLANE('',#10497);
#10497 = AXIS2_PLACEMENT_3D('',#10498,#10499,#10500);
#10498 = CARTESIAN_POINT('',(11.851205636944,1.19839914344,0.));
#10499 = DIRECTION('',(-0.203144616314,-0.979148745014,0.));
#10500 = DIRECTION('',(-0.979148745014,0.203144616314,0.));
#10501 = ADVANCED_FACE('',(#10502),#10513,.F.);
#10502 = FACE_BOUND('',#10503,.F.);
#10503 = EDGE_LOOP('',(#10504,#10510,#10511,#10512));
#10504 = ORIENTED_EDGE('',*,*,#10505,.T.);
#10505 = EDGE_CURVE('',#4606,#9338,#10506,.T.);
#10506 = LINE('',#10507,#10508);
#10507 = CARTESIAN_POINT('',(11.000776042271,-5.696418777643,0.));
#10508 = VECTOR('',#10509,1.);
#10509 = DIRECTION('',(0.,0.,1.));
#10510 = ORIENTED_EDGE('',*,*,#9345,.T.);
#10511 = ORIENTED_EDGE('',*,*,#10471,.F.);
#10512 = ORIENTED_EDGE('',*,*,#4613,.F.);
#10513 = PLANE('',#10514);
#10514 = AXIS2_PLACEMENT_3D('',#10515,#10516,#10517);
#10515 = CARTESIAN_POINT('',(11.000776042271,-5.696418777643,0.));
#10516 = DIRECTION('',(3.417191091091E-02,0.999415969707,-0.));
#10517 = DIRECTION('',(0.999415969707,-3.417191091091E-02,0.));
#10518 = ADVANCED_FACE('',(#10519),#10530,.F.);
#10519 = FACE_BOUND('',#10520,.F.);
#10520 = EDGE_LOOP('',(#10521,#10522,#10523,#10529));
#10521 = ORIENTED_EDGE('',*,*,#10490,.T.);
#10522 = ORIENTED_EDGE('',*,*,#5073,.T.);
#10523 = ORIENTED_EDGE('',*,*,#10524,.F.);
#10524 = EDGE_CURVE('',#342,#5074,#10525,.T.);
#10525 = LINE('',#10526,#10527);
#10526 = CARTESIAN_POINT('',(11.525572897424,1.25751456162,0.));
#10527 = VECTOR('',#10528,1.);
#10528 = DIRECTION('',(0.,0.,1.));
#10529 = ORIENTED_EDGE('',*,*,#341,.F.);
#10530 = PLANE('',#10531);
#10531 = AXIS2_PLACEMENT_3D('',#10532,#10533,#10534);
#10532 = CARTESIAN_POINT('',(11.688029224477,1.232253458089,0.));
#10533 = DIRECTION('',(-0.15364832758,-0.988125594969,0.));
#10534 = DIRECTION('',(-0.988125594969,0.15364832758,0.));
#10535 = ADVANCED_FACE('',(#10536),#10547,.F.);
#10536 = FACE_BOUND('',#10537,.F.);
#10537 = EDGE_LOOP('',(#10538,#10544,#10545,#10546));
#10538 = ORIENTED_EDGE('',*,*,#10539,.T.);
#10539 = EDGE_CURVE('',#4598,#9330,#10540,.T.);
#10540 = LINE('',#10541,#10542);
#10541 = CARTESIAN_POINT('',(10.82781005805,-5.684598248388,0.));
#10542 = VECTOR('',#10543,1.);
#10543 = DIRECTION('',(0.,0.,1.));
#10544 = ORIENTED_EDGE('',*,*,#9337,.T.);
#10545 = ORIENTED_EDGE('',*,*,#10505,.F.);
#10546 = ORIENTED_EDGE('',*,*,#4605,.F.);
#10547 = PLANE('',#10548);
#10548 = AXIS2_PLACEMENT_3D('',#10549,#10550,#10551);
#10549 = CARTESIAN_POINT('',(10.82781005805,-5.684598248388,0.));
#10550 = DIRECTION('',(6.818116536718E-02,0.99767295678,-0.));
#10551 = DIRECTION('',(0.99767295678,-6.818116536718E-02,0.));
#10552 = ADVANCED_FACE('',(#10553),#10564,.F.);
#10553 = FACE_BOUND('',#10554,.F.);
#10554 = EDGE_LOOP('',(#10555,#10556,#10557,#10563));
#10555 = ORIENTED_EDGE('',*,*,#10524,.T.);
#10556 = ORIENTED_EDGE('',*,*,#5081,.T.);
#10557 = ORIENTED_EDGE('',*,*,#10558,.F.);
#10558 = EDGE_CURVE('',#350,#5082,#10559,.T.);
#10559 = LINE('',#10560,#10561);
#10560 = CARTESIAN_POINT('',(11.364110672478,1.272524038201,0.));
#10561 = VECTOR('',#10562,1.);
#10562 = DIRECTION('',(0.,0.,1.));
#10563 = ORIENTED_EDGE('',*,*,#349,.F.);
#10564 = PLANE('',#10565);
#10565 = AXIS2_PLACEMENT_3D('',#10566,#10567,#10568);
#10566 = CARTESIAN_POINT('',(11.525572897424,1.25751456162,0.));
#10567 = DIRECTION('',(-9.256060782807E-02,-0.995707052239,0.));
#10568 = DIRECTION('',(-0.995707052239,9.256060782807E-02,0.));
#10569 = ADVANCED_FACE('',(#10570),#10581,.F.);
#10570 = FACE_BOUND('',#10571,.F.);
#10571 = EDGE_LOOP('',(#10572,#10578,#10579,#10580));
#10572 = ORIENTED_EDGE('',*,*,#10573,.T.);
#10573 = EDGE_CURVE('',#4590,#9322,#10574,.T.);
#10574 = LINE('',#10575,#10576);
#10575 = CARTESIAN_POINT('',(10.657616104149,-5.66671614958,0.));
#10576 = VECTOR('',#10577,1.);
#10577 = DIRECTION('',(0.,0.,1.));
#10578 = ORIENTED_EDGE('',*,*,#9329,.T.);
#10579 = ORIENTED_EDGE('',*,*,#10539,.F.);
#10580 = ORIENTED_EDGE('',*,*,#4597,.F.);
#10581 = PLANE('',#10582);
#10582 = AXIS2_PLACEMENT_3D('',#10583,#10584,#10585);
#10583 = CARTESIAN_POINT('',(10.657616104149,-5.66671614958,0.));
#10584 = DIRECTION('',(0.10449374745,0.994525543535,-0.));
#10585 = DIRECTION('',(0.994525543535,-0.10449374745,0.));
#10586 = ADVANCED_FACE('',(#10587),#10598,.F.);
#10587 = FACE_BOUND('',#10588,.F.);
#10588 = EDGE_LOOP('',(#10589,#10590,#10591,#10597));
#10589 = ORIENTED_EDGE('',*,*,#10558,.T.);
#10590 = ORIENTED_EDGE('',*,*,#5089,.T.);
#10591 = ORIENTED_EDGE('',*,*,#10592,.F.);
#10592 = EDGE_CURVE('',#358,#5090,#10593,.T.);
#10593 = LINE('',#10594,#10595);
#10594 = CARTESIAN_POINT('',(11.204282356452,1.272398745244,0.));
#10595 = VECTOR('',#10596,1.);
#10596 = DIRECTION('',(0.,0.,1.));
#10597 = ORIENTED_EDGE('',*,*,#357,.F.);
#10598 = PLANE('',#10599);
#10599 = AXIS2_PLACEMENT_3D('',#10600,#10601,#10602);
#10600 = CARTESIAN_POINT('',(11.364110672478,1.272524038201,0.));
#10601 = DIRECTION('',(7.839219114714E-04,-0.999999692733,0.));
#10602 = DIRECTION('',(-0.999999692733,-7.839219114714E-04,0.));
#10603 = ADVANCED_FACE('',(#10604),#10615,.F.);
#10604 = FACE_BOUND('',#10605,.F.);
#10605 = EDGE_LOOP('',(#10606,#10612,#10613,#10614));
#10606 = ORIENTED_EDGE('',*,*,#10607,.T.);
#10607 = EDGE_CURVE('',#4582,#9314,#10608,.T.);
#10608 = LINE('',#10609,#10610);
#10609 = CARTESIAN_POINT('',(10.490478826,-5.642436491213,0.));
#10610 = VECTOR('',#10611,1.);
#10611 = DIRECTION('',(0.,0.,1.));
#10612 = ORIENTED_EDGE('',*,*,#9321,.T.);
#10613 = ORIENTED_EDGE('',*,*,#10573,.F.);
#10614 = ORIENTED_EDGE('',*,*,#4589,.F.);
#10615 = PLANE('',#10616);
#10616 = AXIS2_PLACEMENT_3D('',#10617,#10618,#10619);
#10617 = CARTESIAN_POINT('',(10.490478826,-5.642436491213,0.));
#10618 = DIRECTION('',(0.143758829861,0.989612751958,-0.));
#10619 = DIRECTION('',(0.989612751958,-0.143758829861,0.));
#10620 = ADVANCED_FACE('',(#10621),#10632,.F.);
#10621 = FACE_BOUND('',#10622,.F.);
#10622 = EDGE_LOOP('',(#10623,#10624,#10625,#10631));
#10623 = ORIENTED_EDGE('',*,*,#10592,.T.);
#10624 = ORIENTED_EDGE('',*,*,#5097,.T.);
#10625 = ORIENTED_EDGE('',*,*,#10626,.F.);
#10626 = EDGE_CURVE('',#366,#5098,#10627,.T.);
#10627 = LINE('',#10628,#10629);
#10628 = CARTESIAN_POINT('',(10.060335292523,1.14248798769,0.));
#10629 = VECTOR('',#10630,1.);
#10630 = DIRECTION('',(0.,0.,1.));
#10631 = ORIENTED_EDGE('',*,*,#365,.F.);
#10632 = PLANE('',#10633);
#10633 = AXIS2_PLACEMENT_3D('',#10634,#10635,#10636);
#10634 = CARTESIAN_POINT('',(11.204282356452,1.272398745244,0.));
#10635 = DIRECTION('',(0.112838319772,-0.993613362224,0.));
#10636 = DIRECTION('',(-0.993613362224,-0.112838319772,0.));
#10637 = ADVANCED_FACE('',(#10638),#10649,.F.);
#10638 = FACE_BOUND('',#10639,.F.);
#10639 = EDGE_LOOP('',(#10640,#10646,#10647,#10648));
#10640 = ORIENTED_EDGE('',*,*,#10641,.T.);
#10641 = EDGE_CURVE('',#4574,#9306,#10642,.T.);
#10642 = LINE('',#10643,#10644);
#10643 = CARTESIAN_POINT('',(10.326767993003,-5.611268890001,0.));
#10644 = VECTOR('',#10645,1.);
#10645 = DIRECTION('',(0.,0.,1.));
#10646 = ORIENTED_EDGE('',*,*,#9313,.T.);
#10647 = ORIENTED_EDGE('',*,*,#10607,.F.);
#10648 = ORIENTED_EDGE('',*,*,#4581,.F.);
#10649 = PLANE('',#10650);
#10650 = AXIS2_PLACEMENT_3D('',#10651,#10652,#10653);
#10651 = CARTESIAN_POINT('',(10.326767993003,-5.611268890001,0.));
#10652 = DIRECTION('',(0.187022849386,0.98235556384,-0.));
#10653 = DIRECTION('',(0.98235556384,-0.187022849386,0.));
#10654 = ADVANCED_FACE('',(#10655),#10666,.F.);
#10655 = FACE_BOUND('',#10656,.F.);
#10656 = EDGE_LOOP('',(#10657,#10658,#10659,#10665));
#10657 = ORIENTED_EDGE('',*,*,#10626,.T.);
#10658 = ORIENTED_EDGE('',*,*,#5105,.T.);
#10659 = ORIENTED_EDGE('',*,*,#10660,.F.);
#10660 = EDGE_CURVE('',#374,#5106,#10661,.T.);
#10661 = LINE('',#10662,#10663);
#10662 = CARTESIAN_POINT('',(10.004062843834,1.560240884163,0.));
#10663 = VECTOR('',#10664,1.);
#10664 = DIRECTION('',(0.,0.,1.));
#10665 = ORIENTED_EDGE('',*,*,#373,.F.);
#10666 = PLANE('',#10667);
#10667 = AXIS2_PLACEMENT_3D('',#10668,#10669,#10670);
#10668 = CARTESIAN_POINT('',(10.060335292523,1.14248798769,0.));
#10669 = DIRECTION('',(-0.991049214768,-0.133497018349,0.));
#10670 = DIRECTION('',(-0.133497018349,0.991049214768,0.));
#10671 = ADVANCED_FACE('',(#10672),#10683,.F.);
#10672 = FACE_BOUND('',#10673,.F.);
#10673 = EDGE_LOOP('',(#10674,#10680,#10681,#10682));
#10674 = ORIENTED_EDGE('',*,*,#10675,.T.);
#10675 = EDGE_CURVE('',#4566,#9298,#10676,.T.);
#10676 = LINE('',#10677,#10678);
#10677 = CARTESIAN_POINT('',(10.167010911707,-5.572437761676,0.));
#10678 = VECTOR('',#10679,1.);
#10679 = DIRECTION('',(0.,0.,1.));
#10680 = ORIENTED_EDGE('',*,*,#9305,.T.);
#10681 = ORIENTED_EDGE('',*,*,#10641,.F.);
#10682 = ORIENTED_EDGE('',*,*,#4573,.F.);
#10683 = PLANE('',#10684);
#10684 = AXIS2_PLACEMENT_3D('',#10685,#10686,#10687);
#10685 = CARTESIAN_POINT('',(10.167010911707,-5.572437761676,0.));
#10686 = DIRECTION('',(0.236186749235,0.971707682117,-0.));
#10687 = DIRECTION('',(0.971707682117,-0.236186749235,0.));
#10688 = ADVANCED_FACE('',(#10689),#10700,.F.);
#10689 = FACE_BOUND('',#10690,.F.);
#10690 = EDGE_LOOP('',(#10691,#10692,#10693,#10699));
#10691 = ORIENTED_EDGE('',*,*,#10660,.T.);
#10692 = ORIENTED_EDGE('',*,*,#5113,.T.);
#10693 = ORIENTED_EDGE('',*,*,#10694,.F.);
#10694 = EDGE_CURVE('',#382,#5114,#10695,.T.);
#10695 = LINE('',#10696,#10697);
#10696 = CARTESIAN_POINT('',(9.930450964083,1.975289510413,0.));
#10697 = VECTOR('',#10698,1.);
#10698 = DIRECTION('',(0.,0.,1.));
#10699 = ORIENTED_EDGE('',*,*,#381,.F.);
#10700 = PLANE('',#10701);
#10701 = AXIS2_PLACEMENT_3D('',#10702,#10703,#10704);
#10702 = CARTESIAN_POINT('',(10.004062843834,1.560240884163,0.));
#10703 = DIRECTION('',(-0.984633783772,-0.174631932517,0.));
#10704 = DIRECTION('',(-0.174631932517,0.984633783772,0.));
#10705 = ADVANCED_FACE('',(#10706),#10717,.F.);
#10706 = FACE_BOUND('',#10707,.F.);
#10707 = EDGE_LOOP('',(#10708,#10714,#10715,#10716));
#10708 = ORIENTED_EDGE('',*,*,#10709,.T.);
#10709 = EDGE_CURVE('',#4558,#9290,#10710,.T.);
#10710 = LINE('',#10711,#10712);
#10711 = CARTESIAN_POINT('',(10.01209538879,-5.524515791444,0.));
#10712 = VECTOR('',#10713,1.);
#10713 = DIRECTION('',(0.,0.,1.));
#10714 = ORIENTED_EDGE('',*,*,#9297,.T.);
#10715 = ORIENTED_EDGE('',*,*,#10675,.F.);
#10716 = ORIENTED_EDGE('',*,*,#4565,.F.);
#10717 = PLANE('',#10718);
#10718 = AXIS2_PLACEMENT_3D('',#10719,#10720,#10721);
#10719 = CARTESIAN_POINT('',(10.01209538879,-5.524515791444,0.));
#10720 = DIRECTION('',(0.295525741292,0.955334777046,-0.));
#10721 = DIRECTION('',(0.955334777046,-0.295525741292,0.));
#10722 = ADVANCED_FACE('',(#10723),#10734,.F.);
#10723 = FACE_BOUND('',#10724,.F.);
#10724 = EDGE_LOOP('',(#10725,#10726,#10727,#10733));
#10725 = ORIENTED_EDGE('',*,*,#10694,.T.);
#10726 = ORIENTED_EDGE('',*,*,#5121,.T.);
#10727 = ORIENTED_EDGE('',*,*,#10728,.F.);
#10728 = EDGE_CURVE('',#390,#5122,#10729,.T.);
#10729 = LINE('',#10730,#10731);
#10730 = CARTESIAN_POINT('',(9.839627240243,2.386914488009,0.));
#10731 = VECTOR('',#10732,1.);
#10732 = DIRECTION('',(0.,0.,1.));
#10733 = ORIENTED_EDGE('',*,*,#389,.F.);
#10734 = PLANE('',#10735);
#10735 = AXIS2_PLACEMENT_3D('',#10736,#10737,#10738);
#10736 = CARTESIAN_POINT('',(9.930450964083,1.975289510413,0.));
#10737 = DIRECTION('',(-0.976511747182,-0.215464167822,0.));
#10738 = DIRECTION('',(-0.215464167822,0.976511747182,0.));
#10739 = ADVANCED_FACE('',(#10740),#10751,.F.);
#10740 = FACE_BOUND('',#10741,.F.);
#10741 = EDGE_LOOP('',(#10742,#10748,#10749,#10750));
#10742 = ORIENTED_EDGE('',*,*,#10743,.T.);
#10743 = EDGE_CURVE('',#4550,#9282,#10744,.T.);
#10744 = LINE('',#10745,#10746);
#10745 = CARTESIAN_POINT('',(9.864481226436,-5.463236387278,0.));
#10746 = VECTOR('',#10747,1.);
#10747 = DIRECTION('',(0.,0.,1.));
#10748 = ORIENTED_EDGE('',*,*,#9289,.T.);
#10749 = ORIENTED_EDGE('',*,*,#10709,.F.);
#10750 = ORIENTED_EDGE('',*,*,#4557,.F.);
#10751 = PLANE('',#10752);
#10752 = AXIS2_PLACEMENT_3D('',#10753,#10754,#10755);
#10753 = CARTESIAN_POINT('',(9.864481226436,-5.463236387278,0.));
#10754 = DIRECTION('',(0.383407564188,0.923579254706,-0.));
#10755 = DIRECTION('',(0.923579254706,-0.383407564188,0.));
#10756 = ADVANCED_FACE('',(#10757),#10768,.F.);
#10757 = FACE_BOUND('',#10758,.F.);
#10758 = EDGE_LOOP('',(#10759,#10760,#10761,#10767));
#10759 = ORIENTED_EDGE('',*,*,#10728,.T.);
#10760 = ORIENTED_EDGE('',*,*,#5129,.T.);
#10761 = ORIENTED_EDGE('',*,*,#10762,.F.);
#10762 = EDGE_CURVE('',#398,#5130,#10763,.T.);
#10763 = LINE('',#10764,#10765);
#10764 = CARTESIAN_POINT('',(9.731749091528,2.794402372519,0.));
#10765 = VECTOR('',#10766,1.);
#10766 = DIRECTION('',(0.,0.,1.));
#10767 = ORIENTED_EDGE('',*,*,#397,.F.);
#10768 = PLANE('',#10769);
#10769 = AXIS2_PLACEMENT_3D('',#10770,#10771,#10772);
#10770 = CARTESIAN_POINT('',(9.839627240243,2.386914488009,0.));
#10771 = DIRECTION('',(-0.966697182428,-0.255922952246,0.));
#10772 = DIRECTION('',(-0.255922952246,0.966697182428,0.));
#10773 = ADVANCED_FACE('',(#10774),#10785,.F.);
#10774 = FACE_BOUND('',#10775,.F.);
#10775 = EDGE_LOOP('',(#10776,#10782,#10783,#10784));
#10776 = ORIENTED_EDGE('',*,*,#10777,.T.);
#10777 = EDGE_CURVE('',#4542,#9274,#10778,.T.);
#10778 = LINE('',#10779,#10780);
#10779 = CARTESIAN_POINT('',(8.857326642398,-4.905444908454,0.));
#10780 = VECTOR('',#10781,1.);
#10781 = DIRECTION('',(0.,0.,1.));
#10782 = ORIENTED_EDGE('',*,*,#9281,.T.);
#10783 = ORIENTED_EDGE('',*,*,#10743,.F.);
#10784 = ORIENTED_EDGE('',*,*,#4549,.F.);
#10785 = PLANE('',#10786);
#10786 = AXIS2_PLACEMENT_3D('',#10787,#10788,#10789);
#10787 = CARTESIAN_POINT('',(8.857326642398,-4.905444908454,0.));
#10788 = DIRECTION('',(0.48448838602,0.874797693076,-0.));
#10789 = DIRECTION('',(0.874797693076,-0.48448838602,0.));
#10790 = ADVANCED_FACE('',(#10791),#10802,.F.);
#10791 = FACE_BOUND('',#10792,.F.);
#10792 = EDGE_LOOP('',(#10793,#10794,#10795,#10801));
#10793 = ORIENTED_EDGE('',*,*,#10762,.T.);
#10794 = ORIENTED_EDGE('',*,*,#5137,.T.);
#10795 = ORIENTED_EDGE('',*,*,#10796,.F.);
#10796 = EDGE_CURVE('',#406,#5138,#10797,.T.);
#10797 = LINE('',#10798,#10799);
#10798 = CARTESIAN_POINT('',(10.83833306477,3.112150071431,0.));
#10799 = VECTOR('',#10800,1.);
#10800 = DIRECTION('',(0.,0.,1.));
#10801 = ORIENTED_EDGE('',*,*,#405,.F.);
#10802 = PLANE('',#10803);
#10803 = AXIS2_PLACEMENT_3D('',#10804,#10805,#10806);
#10804 = CARTESIAN_POINT('',(9.731749091528,2.794402372519,0.));
#10805 = DIRECTION('',(-0.27599035778,0.961160404102,0.));
#10806 = DIRECTION('',(0.961160404102,0.27599035778,0.));
#10807 = ADVANCED_FACE('',(#10808),#10819,.F.);
#10808 = FACE_BOUND('',#10809,.F.);
#10809 = EDGE_LOOP('',(#10810,#10816,#10817,#10818));
#10810 = ORIENTED_EDGE('',*,*,#10811,.T.);
#10811 = EDGE_CURVE('',#4534,#9266,#10812,.T.);
#10812 = LINE('',#10813,#10814);
#10813 = CARTESIAN_POINT('',(8.645470566507,-5.26986372534,0.));
#10814 = VECTOR('',#10815,1.);
#10815 = DIRECTION('',(0.,0.,1.));
#10816 = ORIENTED_EDGE('',*,*,#9273,.T.);
#10817 = ORIENTED_EDGE('',*,*,#10777,.F.);
#10818 = ORIENTED_EDGE('',*,*,#4541,.F.);
#10819 = PLANE('',#10820);
#10820 = AXIS2_PLACEMENT_3D('',#10821,#10822,#10823);
#10821 = CARTESIAN_POINT('',(8.645470566507,-5.26986372534,0.));
#10822 = DIRECTION('',(-0.864522988043,0.502593278054,0.));
#10823 = DIRECTION('',(0.502593278054,0.864522988043,0.));
#10824 = ADVANCED_FACE('',(#10825),#10836,.F.);
#10825 = FACE_BOUND('',#10826,.F.);
#10826 = EDGE_LOOP('',(#10827,#10828,#10829,#10835));
#10827 = ORIENTED_EDGE('',*,*,#10796,.T.);
#10828 = ORIENTED_EDGE('',*,*,#5145,.T.);
#10829 = ORIENTED_EDGE('',*,*,#10830,.F.);
#10830 = EDGE_CURVE('',#414,#5146,#10831,.T.);
#10831 = LINE('',#10832,#10833);
#10832 = CARTESIAN_POINT('',(10.986043122202,3.173197964398,0.));
#10833 = VECTOR('',#10834,1.);
#10834 = DIRECTION('',(0.,0.,1.));
#10835 = ORIENTED_EDGE('',*,*,#413,.F.);
#10836 = PLANE('',#10837);
#10837 = AXIS2_PLACEMENT_3D('',#10838,#10839,#10840);
#10838 = CARTESIAN_POINT('',(10.83833306477,3.112150071431,0.));
#10839 = DIRECTION('',(-0.38195906537,0.924179242562,0.));
#10840 = DIRECTION('',(0.924179242562,0.38195906537,0.));
#10841 = ADVANCED_FACE('',(#10842),#10853,.F.);
#10842 = FACE_BOUND('',#10843,.F.);
#10843 = EDGE_LOOP('',(#10844,#10850,#10851,#10852));
#10844 = ORIENTED_EDGE('',*,*,#10845,.T.);
#10845 = EDGE_CURVE('',#4526,#9258,#10846,.T.);
#10846 = LINE('',#10847,#10848);
#10847 = CARTESIAN_POINT('',(8.418629824563,-5.625148609323,0.));
#10848 = VECTOR('',#10849,1.);
#10849 = DIRECTION('',(0.,0.,1.));
#10850 = ORIENTED_EDGE('',*,*,#9265,.T.);
#10851 = ORIENTED_EDGE('',*,*,#10811,.F.);
#10852 = ORIENTED_EDGE('',*,*,#4533,.F.);
#10853 = PLANE('',#10854);
#10854 = AXIS2_PLACEMENT_3D('',#10855,#10856,#10857);
#10855 = CARTESIAN_POINT('',(8.418629824563,-5.625148609323,0.));
#10856 = DIRECTION('',(-0.84285425251,0.538141904171,0.));
#10857 = DIRECTION('',(0.538141904171,0.84285425251,0.));
#10858 = ADVANCED_FACE('',(#10859),#10870,.F.);
#10859 = FACE_BOUND('',#10860,.F.);
#10860 = EDGE_LOOP('',(#10861,#10862,#10863,#10869));
#10861 = ORIENTED_EDGE('',*,*,#10830,.T.);
#10862 = ORIENTED_EDGE('',*,*,#5153,.T.);
#10863 = ORIENTED_EDGE('',*,*,#10864,.F.);
#10864 = EDGE_CURVE('',#422,#5154,#10865,.T.);
#10865 = LINE('',#10866,#10867);
#10866 = CARTESIAN_POINT('',(11.129470889087,3.248853831045,0.));
#10867 = VECTOR('',#10868,1.);
#10868 = DIRECTION('',(0.,0.,1.));
#10869 = ORIENTED_EDGE('',*,*,#421,.F.);
#10870 = PLANE('',#10871);
#10871 = AXIS2_PLACEMENT_3D('',#10872,#10873,#10874);
#10872 = CARTESIAN_POINT('',(10.986043122202,3.173197964398,0.));
#10873 = DIRECTION('',(-0.46655544347,0.884491954835,0.));
#10874 = DIRECTION('',(0.884491954835,0.46655544347,0.));
#10875 = ADVANCED_FACE('',(#10876),#10887,.F.);
#10876 = FACE_BOUND('',#10877,.F.);
#10877 = EDGE_LOOP('',(#10878,#10884,#10885,#10886));
#10878 = ORIENTED_EDGE('',*,*,#10879,.T.);
#10879 = EDGE_CURVE('',#4518,#9250,#10880,.T.);
#10880 = LINE('',#10881,#10882);
#10881 = CARTESIAN_POINT('',(8.177197585768,-5.970683766815,0.));
#10882 = VECTOR('',#10883,1.);
#10883 = DIRECTION('',(0.,0.,1.));
#10884 = ORIENTED_EDGE('',*,*,#9257,.T.);
#10885 = ORIENTED_EDGE('',*,*,#10845,.F.);
#10886 = ORIENTED_EDGE('',*,*,#4525,.F.);
#10887 = PLANE('',#10888);
#10888 = AXIS2_PLACEMENT_3D('',#10889,#10890,#10891);
#10889 = CARTESIAN_POINT('',(8.177197585768,-5.970683766815,0.));
#10890 = DIRECTION('',(-0.819724649185,0.572757801797,0.));
#10891 = DIRECTION('',(0.572757801797,0.819724649185,0.));
#10892 = ADVANCED_FACE('',(#10893),#10904,.F.);
#10893 = FACE_BOUND('',#10894,.F.);
#10894 = EDGE_LOOP('',(#10895,#10896,#10897,#10903));
#10895 = ORIENTED_EDGE('',*,*,#10864,.T.);
#10896 = ORIENTED_EDGE('',*,*,#5161,.T.);
#10897 = ORIENTED_EDGE('',*,*,#10898,.F.);
#10898 = EDGE_CURVE('',#430,#5162,#10899,.T.);
#10899 = LINE('',#10900,#10901);
#10900 = CARTESIAN_POINT('',(11.269893958773,3.334361392412,0.));
#10901 = VECTOR('',#10902,1.);
#10902 = DIRECTION('',(0.,0.,1.));
#10903 = ORIENTED_EDGE('',*,*,#429,.F.);
#10904 = PLANE('',#10905);
#10905 = AXIS2_PLACEMENT_3D('',#10906,#10907,#10908);
#10906 = CARTESIAN_POINT('',(11.129470889087,3.248853831045,0.));
#10907 = DIRECTION('',(-0.520091839346,0.854110343367,0.));
#10908 = DIRECTION('',(0.854110343367,0.520091839346,0.));
#10909 = ADVANCED_FACE('',(#10910),#10921,.F.);
#10910 = FACE_BOUND('',#10911,.F.);
#10911 = EDGE_LOOP('',(#10912,#10918,#10919,#10920));
#10912 = ORIENTED_EDGE('',*,*,#10913,.T.);
#10913 = EDGE_CURVE('',#4510,#9242,#10914,.T.);
#10914 = LINE('',#10915,#10916);
#10915 = CARTESIAN_POINT('',(7.921592309873,-6.305870302833,0.));
#10916 = VECTOR('',#10917,1.);
#10917 = DIRECTION('',(0.,0.,1.));
#10918 = ORIENTED_EDGE('',*,*,#9249,.T.);
#10919 = ORIENTED_EDGE('',*,*,#10879,.F.);
#10920 = ORIENTED_EDGE('',*,*,#4517,.F.);
#10921 = PLANE('',#10922);
#10922 = AXIS2_PLACEMENT_3D('',#10923,#10924,#10925);
#10923 = CARTESIAN_POINT('',(7.921592309873,-6.305870302833,0.));
#10924 = DIRECTION('',(-0.795174267195,0.606380973309,0.));
#10925 = DIRECTION('',(0.606380973309,0.795174267195,0.));
#10926 = ADVANCED_FACE('',(#10927),#10938,.F.);
#10927 = FACE_BOUND('',#10928,.F.);
#10928 = EDGE_LOOP('',(#10929,#10930,#10931,#10937));
#10929 = ORIENTED_EDGE('',*,*,#10898,.T.);
#10930 = ORIENTED_EDGE('',*,*,#5169,.T.);
#10931 = ORIENTED_EDGE('',*,*,#10932,.F.);
#10932 = EDGE_CURVE('',#438,#5170,#10933,.T.);
#10933 = LINE('',#10934,#10935);
#10934 = CARTESIAN_POINT('',(11.40769382111,3.428083610407,0.));
#10935 = VECTOR('',#10936,1.);
#10936 = DIRECTION('',(0.,0.,1.));
#10937 = ORIENTED_EDGE('',*,*,#437,.F.);
#10938 = PLANE('',#10939);
#10939 = AXIS2_PLACEMENT_3D('',#10940,#10941,#10942);
#10940 = CARTESIAN_POINT('',(11.269893958773,3.334361392412,0.));
#10941 = DIRECTION('',(-0.56238515569,0.826875405765,0.));
#10942 = DIRECTION('',(0.826875405765,0.56238515569,0.));
#10943 = ADVANCED_FACE('',(#10944),#10955,.F.);
#10944 = FACE_BOUND('',#10945,.F.);
#10945 = EDGE_LOOP('',(#10946,#10952,#10953,#10954));
#10946 = ORIENTED_EDGE('',*,*,#10947,.T.);
#10947 = EDGE_CURVE('',#4502,#9234,#10948,.T.);
#10948 = LINE('',#10949,#10950);
#10949 = CARTESIAN_POINT('',(8.822345813711,-7.022902251441,0.));
#10950 = VECTOR('',#10951,1.);
#10951 = DIRECTION('',(0.,0.,1.));
#10952 = ORIENTED_EDGE('',*,*,#9241,.T.);
#10953 = ORIENTED_EDGE('',*,*,#10913,.F.);
#10954 = ORIENTED_EDGE('',*,*,#4509,.F.);
#10955 = PLANE('',#10956);
#10956 = AXIS2_PLACEMENT_3D('',#10957,#10958,#10959);
#10957 = CARTESIAN_POINT('',(8.822345813711,-7.022902251441,0.));
#10958 = DIRECTION('',(-0.622802005218,-0.782379487395,0.));
#10959 = DIRECTION('',(-0.782379487395,0.622802005218,0.));
#10960 = ADVANCED_FACE('',(#10961),#10972,.F.);
#10961 = FACE_BOUND('',#10962,.F.);
#10962 = EDGE_LOOP('',(#10963,#10964,#10965,#10971));
#10963 = ORIENTED_EDGE('',*,*,#10932,.T.);
#10964 = ORIENTED_EDGE('',*,*,#5177,.T.);
#10965 = ORIENTED_EDGE('',*,*,#10966,.F.);
#10966 = EDGE_CURVE('',#446,#5178,#10967,.T.);
#10967 = LINE('',#10968,#10969);
#10968 = CARTESIAN_POINT('',(11.543046034954,3.529099202099,0.));
#10969 = VECTOR('',#10970,1.);
#10970 = DIRECTION('',(0.,0.,1.));
#10971 = ORIENTED_EDGE('',*,*,#445,.F.);
#10972 = PLANE('',#10973);
#10973 = AXIS2_PLACEMENT_3D('',#10974,#10975,#10976);
#10974 = CARTESIAN_POINT('',(11.40769382111,3.428083610407,0.));
#10975 = DIRECTION('',(-0.598109044208,0.801414731108,0.));
#10976 = DIRECTION('',(0.801414731108,0.598109044208,0.));
#10977 = ADVANCED_FACE('',(#10978),#10989,.F.);
#10978 = FACE_BOUND('',#10979,.F.);
#10979 = EDGE_LOOP('',(#10980,#10986,#10987,#10988));
#10980 = ORIENTED_EDGE('',*,*,#10981,.T.);
#10981 = EDGE_CURVE('',#4494,#9226,#10982,.T.);
#10982 = LINE('',#10983,#10984);
#10983 = CARTESIAN_POINT('',(8.935450095299,-7.135829342029,0.));
#10984 = VECTOR('',#10985,1.);
#10985 = DIRECTION('',(0.,0.,1.));
#10986 = ORIENTED_EDGE('',*,*,#9233,.T.);
#10987 = ORIENTED_EDGE('',*,*,#10947,.F.);
#10988 = ORIENTED_EDGE('',*,*,#4501,.F.);
#10989 = PLANE('',#10990);
#10990 = AXIS2_PLACEMENT_3D('',#10991,#10992,#10993);
#10991 = CARTESIAN_POINT('',(8.935450095299,-7.135829342029,0.));
#10992 = DIRECTION('',(-0.706552247417,-0.707660880416,0.));
#10993 = DIRECTION('',(-0.707660880416,0.706552247417,0.));
#10994 = ADVANCED_FACE('',(#10995),#11006,.F.);
#10995 = FACE_BOUND('',#10996,.F.);
#10996 = EDGE_LOOP('',(#10997,#10998,#10999,#11005));
#10997 = ORIENTED_EDGE('',*,*,#10966,.T.);
#10998 = ORIENTED_EDGE('',*,*,#5185,.T.);
#10999 = ORIENTED_EDGE('',*,*,#11000,.F.);
#11000 = EDGE_CURVE('',#454,#5186,#11001,.T.);
#11001 = LINE('',#11002,#11003);
#11002 = CARTESIAN_POINT('',(11.676035887203,3.636799947691,0.));
#11003 = VECTOR('',#11004,1.);
#11004 = DIRECTION('',(0.,0.,1.));
#11005 = ORIENTED_EDGE('',*,*,#453,.F.);
#11006 = PLANE('',#11007);
#11007 = AXIS2_PLACEMENT_3D('',#11008,#11009,#11010);
#11008 = CARTESIAN_POINT('',(11.543046034954,3.529099202099,0.));
#11009 = DIRECTION('',(-0.629347518484,0.77712399331,0.));
#11010 = DIRECTION('',(0.77712399331,0.629347518484,0.));
#11011 = ADVANCED_FACE('',(#11012),#11023,.F.);
#11012 = FACE_BOUND('',#11013,.F.);
#11013 = EDGE_LOOP('',(#11014,#11020,#11021,#11022));
#11014 = ORIENTED_EDGE('',*,*,#11015,.T.);
#11015 = EDGE_CURVE('',#4486,#9218,#11016,.T.);
#11016 = LINE('',#11017,#11018);
#11017 = CARTESIAN_POINT('',(9.039007826791,-7.260613678866,0.));
#11018 = VECTOR('',#11019,1.);
#11019 = DIRECTION('',(0.,0.,1.));
#11020 = ORIENTED_EDGE('',*,*,#9225,.T.);
#11021 = ORIENTED_EDGE('',*,*,#10981,.F.);
#11022 = ORIENTED_EDGE('',*,*,#4493,.F.);
#11023 = PLANE('',#11024);
#11024 = AXIS2_PLACEMENT_3D('',#11025,#11026,#11027);
#11025 = CARTESIAN_POINT('',(9.039007826791,-7.260613678866,0.));
#11026 = DIRECTION('',(-0.769521442179,-0.638620975248,0.));
#11027 = DIRECTION('',(-0.638620975248,0.769521442179,0.));
#11028 = ADVANCED_FACE('',(#11029),#11040,.F.);
#11029 = FACE_BOUND('',#11030,.F.);
#11030 = EDGE_LOOP('',(#11031,#11032,#11033,#11039));
#11031 = ORIENTED_EDGE('',*,*,#11000,.T.);
#11032 = ORIENTED_EDGE('',*,*,#5193,.T.);
#11033 = ORIENTED_EDGE('',*,*,#11034,.F.);
#11034 = EDGE_CURVE('',#462,#5194,#11035,.T.);
#11035 = LINE('',#11036,#11037);
#11036 = CARTESIAN_POINT('',(11.806699683955,3.750746991655,0.));
#11037 = VECTOR('',#11038,1.);
#11038 = DIRECTION('',(0.,0.,1.));
#11039 = ORIENTED_EDGE('',*,*,#461,.F.);
#11040 = PLANE('',#11041);
#11041 = AXIS2_PLACEMENT_3D('',#11042,#11043,#11044);
#11042 = CARTESIAN_POINT('',(11.676035887203,3.636799947691,0.));
#11043 = DIRECTION('',(-0.657249948765,0.753672677526,0.));
#11044 = DIRECTION('',(0.753672677526,0.657249948765,0.));
#11045 = ADVANCED_FACE('',(#11046),#11057,.F.);
#11046 = FACE_BOUND('',#11047,.F.);
#11047 = EDGE_LOOP('',(#11048,#11054,#11055,#11056));
#11048 = ORIENTED_EDGE('',*,*,#11049,.T.);
#11049 = EDGE_CURVE('',#4478,#9210,#11050,.T.);
#11050 = LINE('',#11051,#11052);
#11051 = CARTESIAN_POINT('',(9.136019499689,-7.393349946979,0.));
#11052 = VECTOR('',#11053,1.);
#11053 = DIRECTION('',(0.,0.,1.));
#11054 = ORIENTED_EDGE('',*,*,#9217,.T.);
#11055 = ORIENTED_EDGE('',*,*,#11015,.F.);
#11056 = ORIENTED_EDGE('',*,*,#4485,.F.);
#11057 = PLANE('',#11058);
#11058 = AXIS2_PLACEMENT_3D('',#11059,#11060,#11061);
#11059 = CARTESIAN_POINT('',(9.136019499689,-7.393349946979,0.));
#11060 = DIRECTION('',(-0.807356083216,-0.590064534517,0.));
#11061 = DIRECTION('',(-0.590064534517,0.807356083216,0.));
#11062 = ADVANCED_FACE('',(#11063),#11074,.F.);
#11063 = FACE_BOUND('',#11064,.F.);
#11064 = EDGE_LOOP('',(#11065,#11066,#11067,#11073));
#11065 = ORIENTED_EDGE('',*,*,#11034,.T.);
#11066 = ORIENTED_EDGE('',*,*,#5201,.T.);
#11067 = ORIENTED_EDGE('',*,*,#11068,.F.);
#11068 = EDGE_CURVE('',#470,#5202,#11069,.T.);
#11069 = LINE('',#11070,#11071);
#11070 = CARTESIAN_POINT('',(11.935043795385,3.870604619015,0.));
#11071 = VECTOR('',#11072,1.);
#11072 = DIRECTION('',(0.,0.,1.));
#11073 = ORIENTED_EDGE('',*,*,#469,.F.);
#11074 = PLANE('',#11075);
#11075 = AXIS2_PLACEMENT_3D('',#11076,#11077,#11078);
#11076 = CARTESIAN_POINT('',(11.806699683955,3.750746991655,0.));
#11077 = DIRECTION('',(-0.682530619474,0.730856999337,0.));
#11078 = DIRECTION('',(0.730856999337,0.682530619474,0.));
#11079 = ADVANCED_FACE('',(#11080),#11091,.F.);
#11080 = FACE_BOUND('',#11081,.F.);
#11081 = EDGE_LOOP('',(#11082,#11088,#11089,#11090));
#11082 = ORIENTED_EDGE('',*,*,#11083,.T.);
#11083 = EDGE_CURVE('',#4470,#9202,#11084,.T.);
#11084 = LINE('',#11085,#11086);
#11085 = CARTESIAN_POINT('',(9.227464032013,-7.532671710225,0.));
#11086 = VECTOR('',#11087,1.);
#11087 = DIRECTION('',(0.,0.,1.));
#11088 = ORIENTED_EDGE('',*,*,#9209,.T.);
#11089 = ORIENTED_EDGE('',*,*,#11049,.F.);
#11090 = ORIENTED_EDGE('',*,*,#4477,.F.);
#11091 = PLANE('',#11092);
#11092 = AXIS2_PLACEMENT_3D('',#11093,#11094,#11095);
#11093 = CARTESIAN_POINT('',(9.227464032013,-7.532671710225,0.));
#11094 = DIRECTION('',(-0.836007653147,-0.548717781633,0.));
#11095 = DIRECTION('',(-0.548717781633,0.836007653147,0.));
#11096 = ADVANCED_FACE('',(#11097),#11108,.F.);
#11097 = FACE_BOUND('',#11098,.F.);
#11098 = EDGE_LOOP('',(#11099,#11100,#11101,#11107));
#11099 = ORIENTED_EDGE('',*,*,#11068,.T.);
#11100 = ORIENTED_EDGE('',*,*,#5209,.T.);
#11101 = ORIENTED_EDGE('',*,*,#11102,.F.);
#11102 = EDGE_CURVE('',#478,#5210,#11103,.T.);
#11103 = LINE('',#11104,#11105);
#11104 = CARTESIAN_POINT('',(12.0610548322,3.996104917217,0.));
#11105 = VECTOR('',#11106,1.);
#11106 = DIRECTION('',(0.,0.,1.));
#11107 = ORIENTED_EDGE('',*,*,#477,.F.);
#11108 = PLANE('',#11109);
#11109 = AXIS2_PLACEMENT_3D('',#11110,#11111,#11112);
#11110 = CARTESIAN_POINT('',(11.935043795385,3.870604619015,0.));
#11111 = DIRECTION('',(-0.705669419815,0.708541226703,0.));
#11112 = DIRECTION('',(0.708541226703,0.705669419815,0.));
#11113 = ADVANCED_FACE('',(#11114),#11125,.F.);
#11114 = FACE_BOUND('',#11115,.F.);
#11115 = EDGE_LOOP('',(#11116,#11122,#11123,#11124));
#11116 = ORIENTED_EDGE('',*,*,#11117,.T.);
#11117 = EDGE_CURVE('',#4462,#9194,#11118,.T.);
#11118 = LINE('',#11119,#11120);
#11119 = CARTESIAN_POINT('',(9.313856178713,-7.677794997626,0.));
#11120 = VECTOR('',#11121,1.);
#11121 = DIRECTION('',(0.,0.,1.));
#11122 = ORIENTED_EDGE('',*,*,#9201,.T.);
#11123 = ORIENTED_EDGE('',*,*,#11083,.F.);
#11124 = ORIENTED_EDGE('',*,*,#4469,.F.);
#11125 = PLANE('',#11126);
#11126 = AXIS2_PLACEMENT_3D('',#11127,#11128,#11129);
#11127 = CARTESIAN_POINT('',(9.313856178713,-7.677794997626,0.));
#11128 = DIRECTION('',(-0.859268844202,-0.511524245158,0.));
#11129 = DIRECTION('',(-0.511524245158,0.859268844202,0.));
#11130 = ADVANCED_FACE('',(#11131),#11142,.F.);
#11131 = FACE_BOUND('',#11132,.F.);
#11132 = EDGE_LOOP('',(#11133,#11134,#11135,#11141));
#11133 = ORIENTED_EDGE('',*,*,#11102,.T.);
#11134 = ORIENTED_EDGE('',*,*,#5217,.T.);
#11135 = ORIENTED_EDGE('',*,*,#11136,.F.);
#11136 = EDGE_CURVE('',#486,#5218,#11137,.T.);
#11137 = LINE('',#11138,#11139);
#11138 = CARTESIAN_POINT('',(12.184705643088,4.127026992226,0.));
#11139 = VECTOR('',#11140,1.);
#11140 = DIRECTION('',(0.,0.,1.));
#11141 = ORIENTED_EDGE('',*,*,#485,.F.);
#11142 = PLANE('',#11143);
#11143 = AXIS2_PLACEMENT_3D('',#11144,#11145,#11146);
#11144 = CARTESIAN_POINT('',(12.0610548322,3.996104917217,0.));
#11145 = DIRECTION('',(-0.727007097204,0.68662994445,0.));
#11146 = DIRECTION('',(0.68662994445,0.727007097204,0.));
#11147 = ADVANCED_FACE('',(#11148),#11159,.F.);
#11148 = FACE_BOUND('',#11149,.F.);
#11149 = EDGE_LOOP('',(#11150,#11156,#11157,#11158));
#11150 = ORIENTED_EDGE('',*,*,#11151,.T.);
#11151 = EDGE_CURVE('',#4454,#9186,#11152,.T.);
#11152 = LINE('',#11153,#11154);
#11153 = CARTESIAN_POINT('',(9.395507490247,-7.828190525243,0.));
#11154 = VECTOR('',#11155,1.);
#11155 = DIRECTION('',(0.,0.,1.));
#11156 = ORIENTED_EDGE('',*,*,#9193,.T.);
#11157 = ORIENTED_EDGE('',*,*,#11117,.F.);
#11158 = ORIENTED_EDGE('',*,*,#4461,.F.);
#11159 = PLANE('',#11160);
#11160 = AXIS2_PLACEMENT_3D('',#11161,#11162,#11163);
#11161 = CARTESIAN_POINT('',(9.395507490247,-7.828190525243,0.));
#11162 = DIRECTION('',(-0.878833768297,-0.477128083119,0.));
#11163 = DIRECTION('',(-0.477128083119,0.878833768297,0.));
#11164 = ADVANCED_FACE('',(#11165),#11176,.F.);
#11165 = FACE_BOUND('',#11166,.F.);
#11166 = EDGE_LOOP('',(#11167,#11168,#11169,#11175));
#11167 = ORIENTED_EDGE('',*,*,#11136,.T.);
#11168 = ORIENTED_EDGE('',*,*,#5225,.T.);
#11169 = ORIENTED_EDGE('',*,*,#11170,.F.);
#11170 = EDGE_CURVE('',#494,#5226,#11171,.T.);
#11171 = LINE('',#11172,#11173);
#11172 = CARTESIAN_POINT('',(12.305959108553,4.263183859355,0.));
#11173 = VECTOR('',#11174,1.);
#11174 = DIRECTION('',(0.,0.,1.));
#11175 = ORIENTED_EDGE('',*,*,#493,.F.);
#11176 = PLANE('',#11177);
#11177 = AXIS2_PLACEMENT_3D('',#11178,#11179,#11180);
#11178 = CARTESIAN_POINT('',(12.184705643088,4.127026992226,0.));
#11179 = DIRECTION('',(-0.746795834713,0.665053367223,0.));
#11180 = DIRECTION('',(0.665053367223,0.746795834713,0.));
#11181 = ADVANCED_FACE('',(#11182),#11193,.F.);
#11182 = FACE_BOUND('',#11183,.F.);
#11183 = EDGE_LOOP('',(#11184,#11190,#11191,#11192));
#11184 = ORIENTED_EDGE('',*,*,#11185,.T.);
#11185 = EDGE_CURVE('',#4446,#9178,#11186,.T.);
#11186 = LINE('',#11187,#11188);
#11187 = CARTESIAN_POINT('',(9.472619451814,-7.983466737178,0.));
#11188 = VECTOR('',#11189,1.);
#11189 = DIRECTION('',(0.,0.,1.));
#11190 = ORIENTED_EDGE('',*,*,#9185,.T.);
#11191 = ORIENTED_EDGE('',*,*,#11151,.F.);
#11192 = ORIENTED_EDGE('',*,*,#4453,.F.);
#11193 = PLANE('',#11194);
#11194 = AXIS2_PLACEMENT_3D('',#11195,#11196,#11197);
#11195 = CARTESIAN_POINT('',(9.472619451814,-7.983466737178,0.));
#11196 = DIRECTION('',(-0.895637822523,-0.444784094664,0.));
#11197 = DIRECTION('',(-0.444784094664,0.895637822523,0.));
#11198 = ADVANCED_FACE('',(#11199),#11210,.F.);
#11199 = FACE_BOUND('',#11200,.F.);
#11200 = EDGE_LOOP('',(#11201,#11202,#11203,#11209));
#11201 = ORIENTED_EDGE('',*,*,#11170,.T.);
#11202 = ORIENTED_EDGE('',*,*,#5233,.T.);
#11203 = ORIENTED_EDGE('',*,*,#11204,.F.);
#11204 = EDGE_CURVE('',#502,#5234,#11205,.T.);
#11205 = LINE('',#11206,#11207);
#11206 = CARTESIAN_POINT('',(12.424770673877,4.404413725648,0.));
#11207 = VECTOR('',#11208,1.);
#11208 = DIRECTION('',(0.,0.,1.));
#11209 = ORIENTED_EDGE('',*,*,#501,.F.);
#11210 = PLANE('',#11211);
#11211 = AXIS2_PLACEMENT_3D('',#11212,#11213,#11214);
#11212 = CARTESIAN_POINT('',(12.305959108553,4.263183859355,0.));
#11213 = DIRECTION('',(-0.765228387937,0.643758894537,0.));
#11214 = DIRECTION('',(0.643758894537,0.765228387937,0.));
#11215 = ADVANCED_FACE('',(#11216),#11227,.F.);
#11216 = FACE_BOUND('',#11217,.F.);
#11217 = EDGE_LOOP('',(#11218,#11224,#11225,#11226));
#11218 = ORIENTED_EDGE('',*,*,#11219,.T.);
#11219 = EDGE_CURVE('',#4438,#9170,#11220,.T.);
#11220 = LINE('',#11221,#11222);
#11221 = CARTESIAN_POINT('',(9.545326421249,-8.143315910997,0.));
#11222 = VECTOR('',#11223,1.);
#11223 = DIRECTION('',(0.,0.,1.));
#11224 = ORIENTED_EDGE('',*,*,#9177,.T.);
#11225 = ORIENTED_EDGE('',*,*,#11185,.F.);
#11226 = ORIENTED_EDGE('',*,*,#4445,.F.);
#11227 = PLANE('',#11228);
#11228 = AXIS2_PLACEMENT_3D('',#11229,#11230,#11231);
#11229 = CARTESIAN_POINT('',(9.545326421249,-8.143315910997,0.));
#11230 = DIRECTION('',(-0.910262934719,-0.414030662725,0.));
#11231 = DIRECTION('',(-0.414030662725,0.910262934719,0.));
#11232 = ADVANCED_FACE('',(#11233),#11244,.F.);
#11233 = FACE_BOUND('',#11234,.F.);
#11234 = EDGE_LOOP('',(#11235,#11236,#11237,#11243));
#11235 = ORIENTED_EDGE('',*,*,#11204,.T.);
#11236 = ORIENTED_EDGE('',*,*,#5241,.T.);
#11237 = ORIENTED_EDGE('',*,*,#11238,.F.);
#11238 = EDGE_CURVE('',#510,#5242,#11239,.T.);
#11239 = LINE('',#11240,#11241);
#11240 = CARTESIAN_POINT('',(12.541090114175,4.55057394694,0.));
#11241 = VECTOR('',#11242,1.);
#11242 = DIRECTION('',(0.,0.,1.));
#11243 = ORIENTED_EDGE('',*,*,#509,.F.);
#11244 = PLANE('',#11245);
#11245 = AXIS2_PLACEMENT_3D('',#11246,#11247,#11248);
#11246 = CARTESIAN_POINT('',(12.424770673877,4.404413725648,0.));
#11247 = DIRECTION('',(-0.78245594888,0.622705940282,0.));
#11248 = DIRECTION('',(0.622705940282,0.78245594888,0.));
#11249 = ADVANCED_FACE('',(#11250),#11261,.F.);
#11250 = FACE_BOUND('',#11251,.F.);
#11251 = EDGE_LOOP('',(#11252,#11258,#11259,#11260));
#11252 = ORIENTED_EDGE('',*,*,#11253,.T.);
#11253 = EDGE_CURVE('',#4430,#9162,#11254,.T.);
#11254 = LINE('',#11255,#11256);
#11255 = CARTESIAN_POINT('',(9.613718554154,-8.307485403915,0.));
#11256 = VECTOR('',#11257,1.);
#11257 = DIRECTION('',(0.,0.,1.));
#11258 = ORIENTED_EDGE('',*,*,#9169,.T.);
#11259 = ORIENTED_EDGE('',*,*,#11219,.F.);
#11260 = ORIENTED_EDGE('',*,*,#4437,.F.);
#11261 = PLANE('',#11262);
#11262 = AXIS2_PLACEMENT_3D('',#11263,#11264,#11265);
#11263 = CARTESIAN_POINT('',(9.613718554154,-8.307485403915,0.));
#11264 = DIRECTION('',(-0.923100522293,-0.384558741602,0.));
#11265 = DIRECTION('',(-0.384558741602,0.923100522293,0.));
#11266 = ADVANCED_FACE('',(#11267),#11278,.F.);
#11267 = FACE_BOUND('',#11268,.F.);
#11268 = EDGE_LOOP('',(#11269,#11270,#11271,#11277));
#11269 = ORIENTED_EDGE('',*,*,#11238,.T.);
#11270 = ORIENTED_EDGE('',*,*,#5249,.T.);
#11271 = ORIENTED_EDGE('',*,*,#11272,.F.);
#11272 = EDGE_CURVE('',#518,#5250,#11273,.T.);
#11273 = LINE('',#11274,#11275);
#11274 = CARTESIAN_POINT('',(12.654862808141,4.70153669635,0.));
#11275 = VECTOR('',#11276,1.);
#11276 = DIRECTION('',(0.,0.,1.));
#11277 = ORIENTED_EDGE('',*,*,#517,.F.);
#11278 = PLANE('',#11279);
#11279 = AXIS2_PLACEMENT_3D('',#11280,#11281,#11282);
#11280 = CARTESIAN_POINT('',(12.541090114175,4.55057394694,0.));
#11281 = DIRECTION('',(-0.798599651604,0.601862605964,0.));
#11282 = DIRECTION('',(0.601862605964,0.798599651604,0.));
#11283 = ADVANCED_FACE('',(#11284),#11295,.F.);
#11284 = FACE_BOUND('',#11285,.F.);
#11285 = EDGE_LOOP('',(#11286,#11292,#11293,#11294));
#11286 = ORIENTED_EDGE('',*,*,#11287,.T.);
#11287 = EDGE_CURVE('',#4422,#9154,#11288,.T.);
#11288 = LINE('',#11289,#11290);
#11289 = CARTESIAN_POINT('',(9.677855298475,-8.475760746095,0.));
#11290 = VECTOR('',#11291,1.);
#11291 = DIRECTION('',(0.,0.,1.));
#11292 = ORIENTED_EDGE('',*,*,#9161,.T.);
#11293 = ORIENTED_EDGE('',*,*,#11253,.F.);
#11294 = ORIENTED_EDGE('',*,*,#4429,.F.);
#11295 = PLANE('',#11296);
#11296 = AXIS2_PLACEMENT_3D('',#11297,#11298,#11299);
#11297 = CARTESIAN_POINT('',(9.677855298475,-8.475760746095,0.));
#11298 = DIRECTION('',(-0.934428881004,-0.356149780775,0.));
#11299 = DIRECTION('',(-0.356149780775,0.934428881004,0.));
#11300 = ADVANCED_FACE('',(#11301),#11312,.F.);
#11301 = FACE_BOUND('',#11302,.F.);
#11302 = EDGE_LOOP('',(#11303,#11304,#11305,#11311));
#11303 = ORIENTED_EDGE('',*,*,#11272,.T.);
#11304 = ORIENTED_EDGE('',*,*,#5257,.T.);
#11305 = ORIENTED_EDGE('',*,*,#11306,.F.);
#11306 = EDGE_CURVE('',#526,#5258,#11307,.T.);
#11307 = LINE('',#11308,#11309);
#11308 = CARTESIAN_POINT('',(12.535111401046,5.012083614962,0.));
#11309 = VECTOR('',#11310,1.);
#11310 = DIRECTION('',(0.,0.,1.));
#11311 = ORIENTED_EDGE('',*,*,#525,.F.);
#11312 = PLANE('',#11313);
#11313 = AXIS2_PLACEMENT_3D('',#11314,#11315,#11316);
#11314 = CARTESIAN_POINT('',(12.654862808141,4.70153669635,0.));
#11315 = DIRECTION('',(-0.933032902888,-0.359791053431,0.));
#11316 = DIRECTION('',(-0.359791053431,0.933032902888,0.));
#11317 = ADVANCED_FACE('',(#11318),#11329,.F.);
#11318 = FACE_BOUND('',#11319,.F.);
#11319 = EDGE_LOOP('',(#11320,#11326,#11327,#11328));
#11320 = ORIENTED_EDGE('',*,*,#11321,.T.);
#11321 = EDGE_CURVE('',#4414,#9146,#11322,.T.);
#11322 = LINE('',#11323,#11324);
#11323 = CARTESIAN_POINT('',(9.737773916212,-8.647954981196,0.));
#11324 = VECTOR('',#11325,1.);
#11325 = DIRECTION('',(0.,0.,1.));
#11326 = ORIENTED_EDGE('',*,*,#9153,.T.);
#11327 = ORIENTED_EDGE('',*,*,#11287,.F.);
#11328 = ORIENTED_EDGE('',*,*,#4421,.F.);
#11329 = PLANE('',#11330);
#11330 = AXIS2_PLACEMENT_3D('',#11331,#11332,#11333);
#11331 = CARTESIAN_POINT('',(9.737773916212,-8.647954981196,0.));
#11332 = DIRECTION('',(-0.944454291931,-0.328642800701,0.));
#11333 = DIRECTION('',(-0.328642800701,0.944454291931,0.));
#11334 = ADVANCED_FACE('',(#11335),#11346,.F.);
#11335 = FACE_BOUND('',#11336,.F.);
#11336 = EDGE_LOOP('',(#11337,#11338,#11339,#11345));
#11337 = ORIENTED_EDGE('',*,*,#11306,.T.);
#11338 = ORIENTED_EDGE('',*,*,#5265,.T.);
#11339 = ORIENTED_EDGE('',*,*,#11340,.F.);
#11340 = EDGE_CURVE('',#534,#5266,#11341,.T.);
#11341 = LINE('',#11342,#11343);
#11342 = CARTESIAN_POINT('',(12.407740586622,5.319583962594,0.));
#11343 = VECTOR('',#11344,1.);
#11344 = DIRECTION('',(0.,0.,1.));
#11345 = ORIENTED_EDGE('',*,*,#533,.F.);
#11346 = PLANE('',#11347);
#11347 = AXIS2_PLACEMENT_3D('',#11348,#11349,#11350);
#11348 = CARTESIAN_POINT('',(12.535111401046,5.012083614962,0.));
#11349 = DIRECTION('',(-0.923879532511,-0.382683432365,0.));
#11350 = DIRECTION('',(-0.382683432365,0.923879532511,0.));
#11351 = ADVANCED_FACE('',(#11352),#11363,.F.);
#11352 = FACE_BOUND('',#11353,.F.);
#11353 = EDGE_LOOP('',(#11354,#11360,#11361,#11362));
#11354 = ORIENTED_EDGE('',*,*,#11355,.T.);
#11355 = EDGE_CURVE('',#4406,#9138,#11356,.T.);
#11356 = LINE('',#11357,#11358);
#11357 = CARTESIAN_POINT('',(9.793495159654,-8.823901581666,0.));
#11358 = VECTOR('',#11359,1.);
#11359 = DIRECTION('',(0.,0.,1.));
#11360 = ORIENTED_EDGE('',*,*,#9145,.T.);
#11361 = ORIENTED_EDGE('',*,*,#11321,.F.);
#11362 = ORIENTED_EDGE('',*,*,#4413,.F.);
#11363 = PLANE('',#11364);
#11364 = AXIS2_PLACEMENT_3D('',#11365,#11366,#11367);
#11365 = CARTESIAN_POINT('',(9.793495159654,-8.823901581666,0.));
#11366 = DIRECTION('',(-0.953334708688,-0.301915440496,0.));
#11367 = DIRECTION('',(-0.301915440496,0.953334708688,0.));
#11368 = ADVANCED_FACE('',(#11369),#11380,.F.);
#11369 = FACE_BOUND('',#11370,.F.);
#11370 = EDGE_LOOP('',(#11371,#11372,#11373,#11379));
#11371 = ORIENTED_EDGE('',*,*,#11340,.T.);
#11372 = ORIENTED_EDGE('',*,*,#5273,.T.);
#11373 = ORIENTED_EDGE('',*,*,#11374,.F.);
#11374 = EDGE_CURVE('',#542,#5274,#11375,.T.);
#11375 = LINE('',#11376,#11377);
#11376 = CARTESIAN_POINT('',(12.272827786609,5.623850826635,0.));
#11377 = VECTOR('',#11378,1.);
#11378 = DIRECTION('',(0.,0.,1.));
#11379 = ORIENTED_EDGE('',*,*,#541,.F.);
#11380 = PLANE('',#11381);
#11381 = AXIS2_PLACEMENT_3D('',#11382,#11383,#11384);
#11382 = CARTESIAN_POINT('',(12.407740586622,5.319583962594,0.));
#11383 = DIRECTION('',(-0.914164586393,-0.405343199011,0.));
#11384 = DIRECTION('',(-0.405343199011,0.914164586393,0.));
#11385 = ADVANCED_FACE('',(#11386),#11397,.F.);
#11386 = FACE_BOUND('',#11387,.F.);
#11387 = EDGE_LOOP('',(#11388,#11394,#11395,#11396));
#11388 = ORIENTED_EDGE('',*,*,#11389,.T.);
#11389 = EDGE_CURVE('',#4398,#9130,#11390,.T.);
#11390 = LINE('',#11391,#11392);
#11391 = CARTESIAN_POINT('',(9.84502721462,-9.003449541249,0.));
#11392 = VECTOR('',#11393,1.);
#11393 = DIRECTION('',(0.,0.,1.));
#11394 = ORIENTED_EDGE('',*,*,#9137,.T.);
#11395 = ORIENTED_EDGE('',*,*,#11355,.F.);
#11396 = ORIENTED_EDGE('',*,*,#4405,.F.);
#11397 = PLANE('',#11398);
#11398 = AXIS2_PLACEMENT_3D('',#11399,#11400,#11401);
#11399 = CARTESIAN_POINT('',(9.84502721462,-9.003449541249,0.));
#11400 = DIRECTION('',(-0.961194282843,-0.275872344808,0.));
#11401 = DIRECTION('',(-0.275872344808,0.961194282843,0.));
#11402 = ADVANCED_FACE('',(#11403),#11414,.F.);
#11403 = FACE_BOUND('',#11404,.F.);
#11404 = EDGE_LOOP('',(#11405,#11406,#11407,#11413));
#11405 = ORIENTED_EDGE('',*,*,#11374,.T.);
#11406 = ORIENTED_EDGE('',*,*,#5281,.T.);
#11407 = ORIENTED_EDGE('',*,*,#11408,.F.);
#11408 = EDGE_CURVE('',#550,#5282,#11409,.T.);
#11409 = LINE('',#11410,#11411);
#11410 = CARTESIAN_POINT('',(12.085631559377,5.650148167032,0.));
#11411 = VECTOR('',#11412,1.);
#11412 = DIRECTION('',(0.,0.,1.));
#11413 = ORIENTED_EDGE('',*,*,#549,.F.);
#11414 = PLANE('',#11415);
#11415 = AXIS2_PLACEMENT_3D('',#11416,#11417,#11418);
#11416 = CARTESIAN_POINT('',(12.272827786609,5.623850826635,0.));
#11417 = DIRECTION('',(-0.139114099083,-0.990276359122,0.));
#11418 = DIRECTION('',(-0.990276359122,0.139114099083,0.));
#11419 = ADVANCED_FACE('',(#11420),#11431,.F.);
#11420 = FACE_BOUND('',#11421,.F.);
#11421 = EDGE_LOOP('',(#11422,#11428,#11429,#11430));
#11422 = ORIENTED_EDGE('',*,*,#11423,.T.);
#11423 = EDGE_CURVE('',#4390,#9122,#11424,.T.);
#11424 = LINE('',#11425,#11426);
#11425 = CARTESIAN_POINT('',(9.89236853483,-9.186459860637,0.));
#11426 = VECTOR('',#11427,1.);
#11427 = DIRECTION('',(0.,0.,1.));
#11428 = ORIENTED_EDGE('',*,*,#9129,.T.);
#11429 = ORIENTED_EDGE('',*,*,#11389,.F.);
#11430 = ORIENTED_EDGE('',*,*,#4397,.F.);
#11431 = PLANE('',#11432);
#11432 = AXIS2_PLACEMENT_3D('',#11433,#11434,#11435);
#11433 = CARTESIAN_POINT('',(9.89236853483,-9.186459860637,0.));
#11434 = DIRECTION('',(-0.96813272065,-0.250437687273,0.));
#11435 = DIRECTION('',(-0.250437687273,0.96813272065,0.));
#11436 = ADVANCED_FACE('',(#11437),#11448,.F.);
#11437 = FACE_BOUND('',#11438,.F.);
#11438 = EDGE_LOOP('',(#11439,#11440,#11441,#11447));
#11439 = ORIENTED_EDGE('',*,*,#11408,.T.);
#11440 = ORIENTED_EDGE('',*,*,#5289,.T.);
#11441 = ORIENTED_EDGE('',*,*,#11442,.F.);
#11442 = EDGE_CURVE('',#558,#5290,#11443,.T.);
#11443 = LINE('',#11444,#11445);
#11444 = CARTESIAN_POINT('',(11.900030410743,5.671248785629,0.));
#11445 = VECTOR('',#11446,1.);
#11446 = DIRECTION('',(0.,0.,1.));
#11447 = ORIENTED_EDGE('',*,*,#557,.F.);
#11448 = PLANE('',#11449);
#11449 = AXIS2_PLACEMENT_3D('',#11450,#11451,#11452);
#11450 = CARTESIAN_POINT('',(12.085631559377,5.650148167032,0.));
#11451 = DIRECTION('',(-0.112960314374,-0.993599500491,0.));
#11452 = DIRECTION('',(-0.993599500491,0.112960314374,0.));
#11453 = ADVANCED_FACE('',(#11454),#11465,.F.);
#11454 = FACE_BOUND('',#11455,.F.);
#11455 = EDGE_LOOP('',(#11456,#11462,#11463,#11464));
#11456 = ORIENTED_EDGE('',*,*,#11457,.T.);
#11457 = EDGE_CURVE('',#4382,#9114,#11458,.T.);
#11458 = LINE('',#11459,#11460);
#11459 = CARTESIAN_POINT('',(9.6628915001,-9.42754092313,0.));
#11460 = VECTOR('',#11461,1.);
#11461 = DIRECTION('',(0.,0.,1.));
#11462 = ORIENTED_EDGE('',*,*,#9121,.T.);
#11463 = ORIENTED_EDGE('',*,*,#11423,.F.);
#11464 = ORIENTED_EDGE('',*,*,#4389,.F.);
#11465 = PLANE('',#11466);
#11466 = AXIS2_PLACEMENT_3D('',#11467,#11468,#11469);
#11467 = CARTESIAN_POINT('',(9.6628915001,-9.42754092313,0.));
#11468 = DIRECTION('',(-0.724323926877,0.689459824032,0.));
#11469 = DIRECTION('',(0.689459824032,0.724323926877,0.));
#11470 = ADVANCED_FACE('',(#11471),#11482,.F.);
#11471 = FACE_BOUND('',#11472,.F.);
#11472 = EDGE_LOOP('',(#11473,#11474,#11475,#11481));
#11473 = ORIENTED_EDGE('',*,*,#11442,.T.);
#11474 = ORIENTED_EDGE('',*,*,#5297,.T.);
#11475 = ORIENTED_EDGE('',*,*,#11476,.F.);
#11476 = EDGE_CURVE('',#566,#5298,#11477,.T.);
#11477 = LINE('',#11478,#11479);
#11478 = CARTESIAN_POINT('',(11.716153351057,5.687100918268,0.));
#11479 = VECTOR('',#11480,1.);
#11480 = DIRECTION('',(0.,0.,1.));
#11481 = ORIENTED_EDGE('',*,*,#565,.F.);
#11482 = PLANE('',#11483);
#11483 = AXIS2_PLACEMENT_3D('',#11484,#11485,#11486);
#11484 = CARTESIAN_POINT('',(11.900030410743,5.671248785629,0.));
#11485 = DIRECTION('',(-8.589190249035E-02,-0.996304462043,0.));
#11486 = DIRECTION('',(-0.996304462043,8.589190249035E-02,0.));
#11487 = ADVANCED_FACE('',(#11488),#11499,.F.);
#11488 = FACE_BOUND('',#11489,.F.);
#11489 = EDGE_LOOP('',(#11490,#11496,#11497,#11498));
#11490 = ORIENTED_EDGE('',*,*,#11491,.T.);
#11491 = EDGE_CURVE('',#4374,#9106,#11492,.T.);
#11492 = LINE('',#11493,#11494);
#11493 = CARTESIAN_POINT('',(9.42754092313,-9.6628915001,0.));
#11494 = VECTOR('',#11495,1.);
#11495 = DIRECTION('',(0.,0.,1.));
#11496 = ORIENTED_EDGE('',*,*,#9113,.T.);
#11497 = ORIENTED_EDGE('',*,*,#11457,.F.);
#11498 = ORIENTED_EDGE('',*,*,#4381,.F.);
#11499 = PLANE('',#11500);
#11500 = AXIS2_PLACEMENT_3D('',#11501,#11502,#11503);
#11501 = CARTESIAN_POINT('',(9.42754092313,-9.6628915001,0.));
#11502 = DIRECTION('',(-0.707106781187,0.707106781187,0.));
#11503 = DIRECTION('',(0.707106781187,0.707106781187,0.));
#11504 = ADVANCED_FACE('',(#11505),#11516,.F.);
#11505 = FACE_BOUND('',#11506,.F.);
#11506 = EDGE_LOOP('',(#11507,#11508,#11509,#11515));
#11507 = ORIENTED_EDGE('',*,*,#11476,.T.);
#11508 = ORIENTED_EDGE('',*,*,#5305,.T.);
#11509 = ORIENTED_EDGE('',*,*,#11510,.F.);
#11510 = EDGE_CURVE('',#574,#5306,#11511,.T.);
#11511 = LINE('',#11512,#11513);
#11512 = CARTESIAN_POINT('',(11.534136759333,5.697639214646,0.));
#11513 = VECTOR('',#11514,1.);
#11514 = DIRECTION('',(0.,0.,1.));
#11515 = ORIENTED_EDGE('',*,*,#573,.F.);
#11516 = PLANE('',#11517);
#11517 = AXIS2_PLACEMENT_3D('',#11518,#11519,#11520);
#11518 = CARTESIAN_POINT('',(11.716153351057,5.687100918268,0.));
#11519 = DIRECTION('',(-5.780065307349E-02,-0.998328144702,0.));
#11520 = DIRECTION('',(-0.998328144702,5.780065307349E-02,0.));
#11521 = ADVANCED_FACE('',(#11522),#11533,.F.);
#11522 = FACE_BOUND('',#11523,.F.);
#11523 = EDGE_LOOP('',(#11524,#11530,#11531,#11532));
#11524 = ORIENTED_EDGE('',*,*,#11525,.T.);
#11525 = EDGE_CURVE('',#4366,#9098,#11526,.T.);
#11526 = LINE('',#11527,#11528);
#11527 = CARTESIAN_POINT('',(9.186459860637,-9.89236853483,0.));
#11528 = VECTOR('',#11529,1.);
#11529 = DIRECTION('',(0.,0.,1.));
#11530 = ORIENTED_EDGE('',*,*,#9105,.T.);
#11531 = ORIENTED_EDGE('',*,*,#11491,.F.);
#11532 = ORIENTED_EDGE('',*,*,#4373,.F.);
#11533 = PLANE('',#11534);
#11534 = AXIS2_PLACEMENT_3D('',#11535,#11536,#11537);
#11535 = CARTESIAN_POINT('',(9.186459860637,-9.89236853483,0.));
#11536 = DIRECTION('',(-0.689459824032,0.724323926877,0.));
#11537 = DIRECTION('',(0.724323926877,0.689459824032,0.));
#11538 = ADVANCED_FACE('',(#11539),#11550,.F.);
#11539 = FACE_BOUND('',#11540,.F.);
#11540 = EDGE_LOOP('',(#11541,#11542,#11543,#11549));
#11541 = ORIENTED_EDGE('',*,*,#11510,.T.);
#11542 = ORIENTED_EDGE('',*,*,#5313,.T.);
#11543 = ORIENTED_EDGE('',*,*,#11544,.F.);
#11544 = EDGE_CURVE('',#582,#5314,#11545,.T.);
#11545 = LINE('',#11546,#11547);
#11546 = CARTESIAN_POINT('',(11.354126545409,5.702780774814,0.));
#11547 = VECTOR('',#11548,1.);
#11548 = DIRECTION('',(0.,0.,1.));
#11549 = ORIENTED_EDGE('',*,*,#581,.F.);
#11550 = PLANE('',#11551);
#11551 = AXIS2_PLACEMENT_3D('',#11552,#11553,#11554);
#11552 = CARTESIAN_POINT('',(11.534136759333,5.697639214646,0.));
#11553 = DIRECTION('',(-2.855095851752E-02,-0.99959233829,0.));
#11554 = DIRECTION('',(-0.99959233829,2.855095851752E-02,0.));
#11555 = ADVANCED_FACE('',(#11556),#11567,.F.);
#11556 = FACE_BOUND('',#11557,.F.);
#11557 = EDGE_LOOP('',(#11558,#11564,#11565,#11566));
#11558 = ORIENTED_EDGE('',*,*,#11559,.T.);
#11559 = EDGE_CURVE('',#4358,#9090,#11560,.T.);
#11560 = LINE('',#11561,#11562);
#11561 = CARTESIAN_POINT('',(9.003449541249,-9.84502721462,0.));
#11562 = VECTOR('',#11563,1.);
#11563 = DIRECTION('',(0.,0.,1.));
#11564 = ORIENTED_EDGE('',*,*,#9097,.T.);
#11565 = ORIENTED_EDGE('',*,*,#11525,.F.);
#11566 = ORIENTED_EDGE('',*,*,#4365,.F.);
#11567 = PLANE('',#11568);
#11568 = AXIS2_PLACEMENT_3D('',#11569,#11570,#11571);
#11569 = CARTESIAN_POINT('',(9.003449541249,-9.84502721462,0.));
#11570 = DIRECTION('',(0.250437687273,0.96813272065,-0.));
#11571 = DIRECTION('',(0.96813272065,-0.250437687273,0.));
#11572 = ADVANCED_FACE('',(#11573),#11584,.F.);
#11573 = FACE_BOUND('',#11574,.F.);
#11574 = EDGE_LOOP('',(#11575,#11576,#11577,#11583));
#11575 = ORIENTED_EDGE('',*,*,#11544,.T.);
#11576 = ORIENTED_EDGE('',*,*,#5321,.T.);
#11577 = ORIENTED_EDGE('',*,*,#11578,.F.);
#11578 = EDGE_CURVE('',#590,#5322,#11579,.T.);
#11579 = LINE('',#11580,#11581);
#11580 = CARTESIAN_POINT('',(11.176281174872,5.702419628077,0.));
#11581 = VECTOR('',#11582,1.);
#11582 = DIRECTION('',(0.,0.,1.));
#11583 = ORIENTED_EDGE('',*,*,#589,.F.);
#11584 = PLANE('',#11585);
#11585 = AXIS2_PLACEMENT_3D('',#11586,#11587,#11588);
#11586 = CARTESIAN_POINT('',(11.354126545409,5.702780774814,0.));
#11587 = DIRECTION('',(2.030674124855E-03,-0.999997938179,0.));
#11588 = DIRECTION('',(-0.999997938179,-2.030674124855E-03,0.));
#11589 = ADVANCED_FACE('',(#11590),#11601,.F.);
#11590 = FACE_BOUND('',#11591,.F.);
#11591 = EDGE_LOOP('',(#11592,#11598,#11599,#11600));
#11592 = ORIENTED_EDGE('',*,*,#11593,.T.);
#11593 = EDGE_CURVE('',#4350,#9082,#11594,.T.);
#11594 = LINE('',#11595,#11596);
#11595 = CARTESIAN_POINT('',(8.823901581666,-9.793495159654,0.));
#11596 = VECTOR('',#11597,1.);
#11597 = DIRECTION('',(0.,0.,1.));
#11598 = ORIENTED_EDGE('',*,*,#9089,.T.);
#11599 = ORIENTED_EDGE('',*,*,#11559,.F.);
#11600 = ORIENTED_EDGE('',*,*,#4357,.F.);
#11601 = PLANE('',#11602);
#11602 = AXIS2_PLACEMENT_3D('',#11603,#11604,#11605);
#11603 = CARTESIAN_POINT('',(8.823901581666,-9.793495159654,0.));
#11604 = DIRECTION('',(0.275872344808,0.961194282843,-0.));
#11605 = DIRECTION('',(0.961194282843,-0.275872344808,0.));
#11606 = ADVANCED_FACE('',(#11607),#11618,.F.);
#11607 = FACE_BOUND('',#11608,.F.);
#11608 = EDGE_LOOP('',(#11609,#11610,#11611,#11617));
#11609 = ORIENTED_EDGE('',*,*,#11578,.T.);
#11610 = ORIENTED_EDGE('',*,*,#5329,.T.);
#11611 = ORIENTED_EDGE('',*,*,#11612,.F.);
#11612 = EDGE_CURVE('',#598,#5330,#11613,.T.);
#11613 = LINE('',#11614,#11615);
#11614 = CARTESIAN_POINT('',(11.000776042271,5.696418777643,0.));
#11615 = VECTOR('',#11616,1.);
#11616 = DIRECTION('',(0.,0.,1.));
#11617 = ORIENTED_EDGE('',*,*,#597,.F.);
#11618 = PLANE('',#11619);
#11619 = AXIS2_PLACEMENT_3D('',#11620,#11621,#11622);
#11620 = CARTESIAN_POINT('',(11.176281174872,5.702419628077,0.));
#11621 = DIRECTION('',(3.417191091091E-02,-0.999415969707,0.));
#11622 = DIRECTION('',(-0.999415969707,-3.417191091091E-02,0.));
#11623 = ADVANCED_FACE('',(#11624),#11635,.F.);
#11624 = FACE_BOUND('',#11625,.F.);
#11625 = EDGE_LOOP('',(#11626,#11632,#11633,#11634));
#11626 = ORIENTED_EDGE('',*,*,#11627,.T.);
#11627 = EDGE_CURVE('',#4342,#9074,#11628,.T.);
#11628 = LINE('',#11629,#11630);
#11629 = CARTESIAN_POINT('',(8.647954981196,-9.737773916212,0.));
#11630 = VECTOR('',#11631,1.);
#11631 = DIRECTION('',(0.,0.,1.));
#11632 = ORIENTED_EDGE('',*,*,#9081,.T.);
#11633 = ORIENTED_EDGE('',*,*,#11593,.F.);
#11634 = ORIENTED_EDGE('',*,*,#4349,.F.);
#11635 = PLANE('',#11636);
#11636 = AXIS2_PLACEMENT_3D('',#11637,#11638,#11639);
#11637 = CARTESIAN_POINT('',(8.647954981196,-9.737773916212,0.));
#11638 = DIRECTION('',(0.301915440496,0.953334708688,-0.));
#11639 = DIRECTION('',(0.953334708688,-0.301915440496,0.));
#11640 = ADVANCED_FACE('',(#11641),#11652,.F.);
#11641 = FACE_BOUND('',#11642,.F.);
#11642 = EDGE_LOOP('',(#11643,#11644,#11645,#11651));
#11643 = ORIENTED_EDGE('',*,*,#11612,.T.);
#11644 = ORIENTED_EDGE('',*,*,#5337,.T.);
#11645 = ORIENTED_EDGE('',*,*,#11646,.F.);
#11646 = EDGE_CURVE('',#606,#5338,#11647,.T.);
#11647 = LINE('',#11648,#11649);
#11648 = CARTESIAN_POINT('',(10.82781005805,5.684598248388,0.));
#11649 = VECTOR('',#11650,1.);
#11650 = DIRECTION('',(0.,0.,1.));
#11651 = ORIENTED_EDGE('',*,*,#605,.F.);
#11652 = PLANE('',#11653);
#11653 = AXIS2_PLACEMENT_3D('',#11654,#11655,#11656);
#11654 = CARTESIAN_POINT('',(11.000776042271,5.696418777643,0.));
#11655 = DIRECTION('',(6.818116536717E-02,-0.99767295678,0.));
#11656 = DIRECTION('',(-0.99767295678,-6.818116536717E-02,0.));
#11657 = ADVANCED_FACE('',(#11658),#11669,.F.);
#11658 = FACE_BOUND('',#11659,.F.);
#11659 = EDGE_LOOP('',(#11660,#11666,#11667,#11668));
#11660 = ORIENTED_EDGE('',*,*,#11661,.T.);
#11661 = EDGE_CURVE('',#4334,#9066,#11662,.T.);
#11662 = LINE('',#11663,#11664);
#11663 = CARTESIAN_POINT('',(8.475760746095,-9.677855298475,0.));
#11664 = VECTOR('',#11665,1.);
#11665 = DIRECTION('',(0.,0.,1.));
#11666 = ORIENTED_EDGE('',*,*,#9073,.T.);
#11667 = ORIENTED_EDGE('',*,*,#11627,.F.);
#11668 = ORIENTED_EDGE('',*,*,#4341,.F.);
#11669 = PLANE('',#11670);
#11670 = AXIS2_PLACEMENT_3D('',#11671,#11672,#11673);
#11671 = CARTESIAN_POINT('',(8.475760746095,-9.677855298475,0.));
#11672 = DIRECTION('',(0.328642800701,0.944454291931,-0.));
#11673 = DIRECTION('',(0.944454291931,-0.328642800701,0.));
#11674 = ADVANCED_FACE('',(#11675),#11686,.F.);
#11675 = FACE_BOUND('',#11676,.F.);
#11676 = EDGE_LOOP('',(#11677,#11678,#11679,#11685));
#11677 = ORIENTED_EDGE('',*,*,#11646,.T.);
#11678 = ORIENTED_EDGE('',*,*,#5345,.T.);
#11679 = ORIENTED_EDGE('',*,*,#11680,.F.);
#11680 = EDGE_CURVE('',#614,#5346,#11681,.T.);
#11681 = LINE('',#11682,#11683);
#11682 = CARTESIAN_POINT('',(10.657616104149,5.66671614958,0.));
#11683 = VECTOR('',#11684,1.);
#11684 = DIRECTION('',(0.,0.,1.));
#11685 = ORIENTED_EDGE('',*,*,#613,.F.);
#11686 = PLANE('',#11687);
#11687 = AXIS2_PLACEMENT_3D('',#11688,#11689,#11690);
#11688 = CARTESIAN_POINT('',(10.82781005805,5.684598248388,0.));
#11689 = DIRECTION('',(0.10449374745,-0.994525543535,0.));
#11690 = DIRECTION('',(-0.994525543535,-0.10449374745,0.));
#11691 = ADVANCED_FACE('',(#11692),#11703,.F.);
#11692 = FACE_BOUND('',#11693,.F.);
#11693 = EDGE_LOOP('',(#11694,#11700,#11701,#11702));
#11694 = ORIENTED_EDGE('',*,*,#11695,.T.);
#11695 = EDGE_CURVE('',#4326,#9058,#11696,.T.);
#11696 = LINE('',#11697,#11698);
#11697 = CARTESIAN_POINT('',(8.307485403915,-9.613718554154,0.));
#11698 = VECTOR('',#11699,1.);
#11699 = DIRECTION('',(0.,0.,1.));
#11700 = ORIENTED_EDGE('',*,*,#9065,.T.);
#11701 = ORIENTED_EDGE('',*,*,#11661,.F.);
#11702 = ORIENTED_EDGE('',*,*,#4333,.F.);
#11703 = PLANE('',#11704);
#11704 = AXIS2_PLACEMENT_3D('',#11705,#11706,#11707);
#11705 = CARTESIAN_POINT('',(8.307485403915,-9.613718554154,0.));
#11706 = DIRECTION('',(0.356149780775,0.934428881004,-0.));
#11707 = DIRECTION('',(0.934428881004,-0.356149780775,0.));
#11708 = ADVANCED_FACE('',(#11709),#11720,.F.);
#11709 = FACE_BOUND('',#11710,.F.);
#11710 = EDGE_LOOP('',(#11711,#11712,#11713,#11719));
#11711 = ORIENTED_EDGE('',*,*,#11680,.T.);
#11712 = ORIENTED_EDGE('',*,*,#5353,.T.);
#11713 = ORIENTED_EDGE('',*,*,#11714,.F.);
#11714 = EDGE_CURVE('',#622,#5354,#11715,.T.);
#11715 = LINE('',#11716,#11717);
#11716 = CARTESIAN_POINT('',(10.490478826,5.642436491213,0.));
#11717 = VECTOR('',#11718,1.);
#11718 = DIRECTION('',(0.,0.,1.));
#11719 = ORIENTED_EDGE('',*,*,#621,.F.);
#11720 = PLANE('',#11721);
#11721 = AXIS2_PLACEMENT_3D('',#11722,#11723,#11724);
#11722 = CARTESIAN_POINT('',(10.657616104149,5.66671614958,0.));
#11723 = DIRECTION('',(0.143758829861,-0.989612751958,0.));
#11724 = DIRECTION('',(-0.989612751958,-0.143758829861,0.));
#11725 = ADVANCED_FACE('',(#11726),#11737,.F.);
#11726 = FACE_BOUND('',#11727,.F.);
#11727 = EDGE_LOOP('',(#11728,#11734,#11735,#11736));
#11728 = ORIENTED_EDGE('',*,*,#11729,.T.);
#11729 = EDGE_CURVE('',#4318,#9050,#11730,.T.);
#11730 = LINE('',#11731,#11732);
#11731 = CARTESIAN_POINT('',(8.143315910997,-9.545326421249,0.));
#11732 = VECTOR('',#11733,1.);
#11733 = DIRECTION('',(0.,0.,1.));
#11734 = ORIENTED_EDGE('',*,*,#9057,.T.);
#11735 = ORIENTED_EDGE('',*,*,#11695,.F.);
#11736 = ORIENTED_EDGE('',*,*,#4325,.F.);
#11737 = PLANE('',#11738);
#11738 = AXIS2_PLACEMENT_3D('',#11739,#11740,#11741);
#11739 = CARTESIAN_POINT('',(8.143315910997,-9.545326421249,0.));
#11740 = DIRECTION('',(0.384558741602,0.923100522293,-0.));
#11741 = DIRECTION('',(0.923100522293,-0.384558741602,0.));
#11742 = ADVANCED_FACE('',(#11743),#11754,.F.);
#11743 = FACE_BOUND('',#11744,.F.);
#11744 = EDGE_LOOP('',(#11745,#11746,#11747,#11753));
#11745 = ORIENTED_EDGE('',*,*,#11714,.T.);
#11746 = ORIENTED_EDGE('',*,*,#5361,.T.);
#11747 = ORIENTED_EDGE('',*,*,#11748,.F.);
#11748 = EDGE_CURVE('',#630,#5362,#11749,.T.);
#11749 = LINE('',#11750,#11751);
#11750 = CARTESIAN_POINT('',(10.326767993003,5.611268890001,0.));
#11751 = VECTOR('',#11752,1.);
#11752 = DIRECTION('',(0.,0.,1.));
#11753 = ORIENTED_EDGE('',*,*,#629,.F.);
#11754 = PLANE('',#11755);
#11755 = AXIS2_PLACEMENT_3D('',#11756,#11757,#11758);
#11756 = CARTESIAN_POINT('',(10.490478826,5.642436491213,0.));
#11757 = DIRECTION('',(0.187022849386,-0.98235556384,0.));
#11758 = DIRECTION('',(-0.98235556384,-0.187022849386,0.));
#11759 = ADVANCED_FACE('',(#11760),#11771,.F.);
#11760 = FACE_BOUND('',#11761,.F.);
#11761 = EDGE_LOOP('',(#11762,#11768,#11769,#11770));
#11762 = ORIENTED_EDGE('',*,*,#11763,.T.);
#11763 = EDGE_CURVE('',#4310,#9042,#11764,.T.);
#11764 = LINE('',#11765,#11766);
#11765 = CARTESIAN_POINT('',(7.983466737178,-9.472619451814,0.));
#11766 = VECTOR('',#11767,1.);
#11767 = DIRECTION('',(0.,0.,1.));
#11768 = ORIENTED_EDGE('',*,*,#9049,.T.);
#11769 = ORIENTED_EDGE('',*,*,#11729,.F.);
#11770 = ORIENTED_EDGE('',*,*,#4317,.F.);
#11771 = PLANE('',#11772);
#11772 = AXIS2_PLACEMENT_3D('',#11773,#11774,#11775);
#11773 = CARTESIAN_POINT('',(7.983466737178,-9.472619451814,0.));
#11774 = DIRECTION('',(0.414030662725,0.910262934719,-0.));
#11775 = DIRECTION('',(0.910262934719,-0.414030662725,0.));
#11776 = ADVANCED_FACE('',(#11777),#11788,.F.);
#11777 = FACE_BOUND('',#11778,.F.);
#11778 = EDGE_LOOP('',(#11779,#11780,#11781,#11787));
#11779 = ORIENTED_EDGE('',*,*,#11748,.T.);
#11780 = ORIENTED_EDGE('',*,*,#5369,.T.);
#11781 = ORIENTED_EDGE('',*,*,#11782,.F.);
#11782 = EDGE_CURVE('',#638,#5370,#11783,.T.);
#11783 = LINE('',#11784,#11785);
#11784 = CARTESIAN_POINT('',(10.167010911707,5.572437761676,0.));
#11785 = VECTOR('',#11786,1.);
#11786 = DIRECTION('',(0.,0.,1.));
#11787 = ORIENTED_EDGE('',*,*,#637,.F.);
#11788 = PLANE('',#11789);
#11789 = AXIS2_PLACEMENT_3D('',#11790,#11791,#11792);
#11790 = CARTESIAN_POINT('',(10.326767993003,5.611268890001,0.));
#11791 = DIRECTION('',(0.236186749235,-0.971707682117,0.));
#11792 = DIRECTION('',(-0.971707682117,-0.236186749235,0.));
#11793 = ADVANCED_FACE('',(#11794),#11805,.F.);
#11794 = FACE_BOUND('',#11795,.F.);
#11795 = EDGE_LOOP('',(#11796,#11802,#11803,#11804));
#11796 = ORIENTED_EDGE('',*,*,#11797,.T.);
#11797 = EDGE_CURVE('',#4302,#9034,#11798,.T.);
#11798 = LINE('',#11799,#11800);
#11799 = CARTESIAN_POINT('',(7.828190525243,-9.395507490247,0.));
#11800 = VECTOR('',#11801,1.);
#11801 = DIRECTION('',(0.,0.,1.));
#11802 = ORIENTED_EDGE('',*,*,#9041,.T.);
#11803 = ORIENTED_EDGE('',*,*,#11763,.F.);
#11804 = ORIENTED_EDGE('',*,*,#4309,.F.);
#11805 = PLANE('',#11806);
#11806 = AXIS2_PLACEMENT_3D('',#11807,#11808,#11809);
#11807 = CARTESIAN_POINT('',(7.828190525243,-9.395507490247,0.));
#11808 = DIRECTION('',(0.444784094664,0.895637822523,-0.));
#11809 = DIRECTION('',(0.895637822523,-0.444784094664,0.));
#11810 = ADVANCED_FACE('',(#11811),#11822,.F.);
#11811 = FACE_BOUND('',#11812,.F.);
#11812 = EDGE_LOOP('',(#11813,#11814,#11815,#11821));
#11813 = ORIENTED_EDGE('',*,*,#11782,.T.);
#11814 = ORIENTED_EDGE('',*,*,#5377,.T.);
#11815 = ORIENTED_EDGE('',*,*,#11816,.F.);
#11816 = EDGE_CURVE('',#646,#5378,#11817,.T.);
#11817 = LINE('',#11818,#11819);
#11818 = CARTESIAN_POINT('',(10.01209538879,5.524515791444,0.));
#11819 = VECTOR('',#11820,1.);
#11820 = DIRECTION('',(0.,0.,1.));
#11821 = ORIENTED_EDGE('',*,*,#645,.F.);
#11822 = PLANE('',#11823);
#11823 = AXIS2_PLACEMENT_3D('',#11824,#11825,#11826);
#11824 = CARTESIAN_POINT('',(10.167010911707,5.572437761676,0.));
#11825 = DIRECTION('',(0.295525741292,-0.955334777046,0.));
#11826 = DIRECTION('',(-0.955334777046,-0.295525741292,0.));
#11827 = ADVANCED_FACE('',(#11828),#11839,.F.);
#11828 = FACE_BOUND('',#11829,.F.);
#11829 = EDGE_LOOP('',(#11830,#11836,#11837,#11838));
#11830 = ORIENTED_EDGE('',*,*,#11831,.T.);
#11831 = EDGE_CURVE('',#4294,#9026,#11832,.T.);
#11832 = LINE('',#11833,#11834);
#11833 = CARTESIAN_POINT('',(7.677794997626,-9.313856178713,0.));
#11834 = VECTOR('',#11835,1.);
#11835 = DIRECTION('',(0.,0.,1.));
#11836 = ORIENTED_EDGE('',*,*,#9033,.T.);
#11837 = ORIENTED_EDGE('',*,*,#11797,.F.);
#11838 = ORIENTED_EDGE('',*,*,#4301,.F.);
#11839 = PLANE('',#11840);
#11840 = AXIS2_PLACEMENT_3D('',#11841,#11842,#11843);
#11841 = CARTESIAN_POINT('',(7.677794997626,-9.313856178713,0.));
#11842 = DIRECTION('',(0.477128083119,0.878833768297,-0.));
#11843 = DIRECTION('',(0.878833768297,-0.477128083119,0.));
#11844 = ADVANCED_FACE('',(#11845),#11856,.F.);
#11845 = FACE_BOUND('',#11846,.F.);
#11846 = EDGE_LOOP('',(#11847,#11848,#11849,#11855));
#11847 = ORIENTED_EDGE('',*,*,#11816,.T.);
#11848 = ORIENTED_EDGE('',*,*,#5385,.T.);
#11849 = ORIENTED_EDGE('',*,*,#11850,.F.);
#11850 = EDGE_CURVE('',#654,#5386,#11851,.T.);
#11851 = LINE('',#11852,#11853);
#11852 = CARTESIAN_POINT('',(9.864481226436,5.463236387278,0.));
#11853 = VECTOR('',#11854,1.);
#11854 = DIRECTION('',(0.,0.,1.));
#11855 = ORIENTED_EDGE('',*,*,#653,.F.);
#11856 = PLANE('',#11857);
#11857 = AXIS2_PLACEMENT_3D('',#11858,#11859,#11860);
#11858 = CARTESIAN_POINT('',(10.01209538879,5.524515791444,0.));
#11859 = DIRECTION('',(0.383407564188,-0.923579254706,0.));
#11860 = DIRECTION('',(-0.923579254706,-0.383407564188,0.));
#11861 = ADVANCED_FACE('',(#11862),#11873,.F.);
#11862 = FACE_BOUND('',#11863,.F.);
#11863 = EDGE_LOOP('',(#11864,#11870,#11871,#11872));
#11864 = ORIENTED_EDGE('',*,*,#11865,.T.);
#11865 = EDGE_CURVE('',#4286,#9018,#11866,.T.);
#11866 = LINE('',#11867,#11868);
#11867 = CARTESIAN_POINT('',(7.532671710225,-9.227464032013,0.));
#11868 = VECTOR('',#11869,1.);
#11869 = DIRECTION('',(0.,0.,1.));
#11870 = ORIENTED_EDGE('',*,*,#9025,.T.);
#11871 = ORIENTED_EDGE('',*,*,#11831,.F.);
#11872 = ORIENTED_EDGE('',*,*,#4293,.F.);
#11873 = PLANE('',#11874);
#11874 = AXIS2_PLACEMENT_3D('',#11875,#11876,#11877);
#11875 = CARTESIAN_POINT('',(7.532671710225,-9.227464032013,0.));
#11876 = DIRECTION('',(0.511524245158,0.859268844202,-0.));
#11877 = DIRECTION('',(0.859268844202,-0.511524245158,0.));
#11878 = ADVANCED_FACE('',(#11879),#11890,.F.);
#11879 = FACE_BOUND('',#11880,.F.);
#11880 = EDGE_LOOP('',(#11881,#11882,#11883,#11889));
#11881 = ORIENTED_EDGE('',*,*,#11850,.T.);
#11882 = ORIENTED_EDGE('',*,*,#5393,.T.);
#11883 = ORIENTED_EDGE('',*,*,#11884,.F.);
#11884 = EDGE_CURVE('',#662,#5394,#11885,.T.);
#11885 = LINE('',#11886,#11887);
#11886 = CARTESIAN_POINT('',(8.857326642398,4.905444908454,0.));
#11887 = VECTOR('',#11888,1.);
#11888 = DIRECTION('',(0.,0.,1.));
#11889 = ORIENTED_EDGE('',*,*,#661,.F.);
#11890 = PLANE('',#11891);
#11891 = AXIS2_PLACEMENT_3D('',#11892,#11893,#11894);
#11892 = CARTESIAN_POINT('',(9.864481226436,5.463236387278,0.));
#11893 = DIRECTION('',(0.48448838602,-0.874797693076,0.));
#11894 = DIRECTION('',(-0.874797693076,-0.48448838602,0.));
#11895 = ADVANCED_FACE('',(#11896),#11907,.F.);
#11896 = FACE_BOUND('',#11897,.F.);
#11897 = EDGE_LOOP('',(#11898,#11904,#11905,#11906));
#11898 = ORIENTED_EDGE('',*,*,#11899,.T.);
#11899 = EDGE_CURVE('',#4278,#9010,#11900,.T.);
#11900 = LINE('',#11901,#11902);
#11901 = CARTESIAN_POINT('',(7.393349946979,-9.136019499689,0.));
#11902 = VECTOR('',#11903,1.);
#11903 = DIRECTION('',(0.,0.,1.));
#11904 = ORIENTED_EDGE('',*,*,#9017,.T.);
#11905 = ORIENTED_EDGE('',*,*,#11865,.F.);
#11906 = ORIENTED_EDGE('',*,*,#4285,.F.);
#11907 = PLANE('',#11908);
#11908 = AXIS2_PLACEMENT_3D('',#11909,#11910,#11911);
#11909 = CARTESIAN_POINT('',(7.393349946979,-9.136019499689,0.));
#11910 = DIRECTION('',(0.548717781633,0.836007653147,-0.));
#11911 = DIRECTION('',(0.836007653147,-0.548717781633,0.));
#11912 = ADVANCED_FACE('',(#11913),#11924,.F.);
#11913 = FACE_BOUND('',#11914,.F.);
#11914 = EDGE_LOOP('',(#11915,#11916,#11917,#11923));
#11915 = ORIENTED_EDGE('',*,*,#11884,.T.);
#11916 = ORIENTED_EDGE('',*,*,#5401,.T.);
#11917 = ORIENTED_EDGE('',*,*,#11918,.F.);
#11918 = EDGE_CURVE('',#670,#5402,#11919,.T.);
#11919 = LINE('',#11920,#11921);
#11920 = CARTESIAN_POINT('',(8.645470566507,5.26986372534,0.));
#11921 = VECTOR('',#11922,1.);
#11922 = DIRECTION('',(0.,0.,1.));
#11923 = ORIENTED_EDGE('',*,*,#669,.F.);
#11924 = PLANE('',#11925);
#11925 = AXIS2_PLACEMENT_3D('',#11926,#11927,#11928);
#11926 = CARTESIAN_POINT('',(8.857326642398,4.905444908454,0.));
#11927 = DIRECTION('',(-0.864522988043,-0.502593278054,0.));
#11928 = DIRECTION('',(-0.502593278054,0.864522988043,0.));
#11929 = ADVANCED_FACE('',(#11930),#11941,.F.);
#11930 = FACE_BOUND('',#11931,.F.);
#11931 = EDGE_LOOP('',(#11932,#11938,#11939,#11940));
#11932 = ORIENTED_EDGE('',*,*,#11933,.T.);
#11933 = EDGE_CURVE('',#4270,#9002,#11934,.T.);
#11934 = LINE('',#11935,#11936);
#11935 = CARTESIAN_POINT('',(7.260613678866,-9.039007826791,0.));
#11936 = VECTOR('',#11937,1.);
#11937 = DIRECTION('',(0.,0.,1.));
#11938 = ORIENTED_EDGE('',*,*,#9009,.T.);
#11939 = ORIENTED_EDGE('',*,*,#11899,.F.);
#11940 = ORIENTED_EDGE('',*,*,#4277,.F.);
#11941 = PLANE('',#11942);
#11942 = AXIS2_PLACEMENT_3D('',#11943,#11944,#11945);
#11943 = CARTESIAN_POINT('',(7.260613678866,-9.039007826791,0.));
#11944 = DIRECTION('',(0.590064534517,0.807356083216,-0.));
#11945 = DIRECTION('',(0.807356083216,-0.590064534517,0.));
#11946 = ADVANCED_FACE('',(#11947),#11958,.F.);
#11947 = FACE_BOUND('',#11948,.F.);
#11948 = EDGE_LOOP('',(#11949,#11950,#11951,#11957));
#11949 = ORIENTED_EDGE('',*,*,#11918,.T.);
#11950 = ORIENTED_EDGE('',*,*,#5409,.T.);
#11951 = ORIENTED_EDGE('',*,*,#11952,.F.);
#11952 = EDGE_CURVE('',#678,#5410,#11953,.T.);
#11953 = LINE('',#11954,#11955);
#11954 = CARTESIAN_POINT('',(8.418629824563,5.625148609323,0.));
#11955 = VECTOR('',#11956,1.);
#11956 = DIRECTION('',(0.,0.,1.));
#11957 = ORIENTED_EDGE('',*,*,#677,.F.);
#11958 = PLANE('',#11959);
#11959 = AXIS2_PLACEMENT_3D('',#11960,#11961,#11962);
#11960 = CARTESIAN_POINT('',(8.645470566507,5.26986372534,0.));
#11961 = DIRECTION('',(-0.84285425251,-0.538141904171,0.));
#11962 = DIRECTION('',(-0.538141904171,0.84285425251,0.));
#11963 = ADVANCED_FACE('',(#11964),#11975,.F.);
#11964 = FACE_BOUND('',#11965,.F.);
#11965 = EDGE_LOOP('',(#11966,#11972,#11973,#11974));
#11966 = ORIENTED_EDGE('',*,*,#11967,.T.);
#11967 = EDGE_CURVE('',#4262,#8994,#11968,.T.);
#11968 = LINE('',#11969,#11970);
#11969 = CARTESIAN_POINT('',(7.135829342029,-8.935450095299,0.));
#11970 = VECTOR('',#11971,1.);
#11971 = DIRECTION('',(0.,0.,1.));
#11972 = ORIENTED_EDGE('',*,*,#9001,.T.);
#11973 = ORIENTED_EDGE('',*,*,#11933,.F.);
#11974 = ORIENTED_EDGE('',*,*,#4269,.F.);
#11975 = PLANE('',#11976);
#11976 = AXIS2_PLACEMENT_3D('',#11977,#11978,#11979);
#11977 = CARTESIAN_POINT('',(7.135829342029,-8.935450095299,0.));
#11978 = DIRECTION('',(0.638620975248,0.769521442179,-0.));
#11979 = DIRECTION('',(0.769521442179,-0.638620975248,0.));
#11980 = ADVANCED_FACE('',(#11981),#11992,.F.);
#11981 = FACE_BOUND('',#11982,.F.);
#11982 = EDGE_LOOP('',(#11983,#11984,#11985,#11991));
#11983 = ORIENTED_EDGE('',*,*,#11952,.T.);
#11984 = ORIENTED_EDGE('',*,*,#5417,.T.);
#11985 = ORIENTED_EDGE('',*,*,#11986,.F.);
#11986 = EDGE_CURVE('',#686,#5418,#11987,.T.);
#11987 = LINE('',#11988,#11989);
#11988 = CARTESIAN_POINT('',(8.177197585768,5.970683766815,0.));
#11989 = VECTOR('',#11990,1.);
#11990 = DIRECTION('',(0.,0.,1.));
#11991 = ORIENTED_EDGE('',*,*,#685,.F.);
#11992 = PLANE('',#11993);
#11993 = AXIS2_PLACEMENT_3D('',#11994,#11995,#11996);
#11994 = CARTESIAN_POINT('',(8.418629824563,5.625148609323,0.));
#11995 = DIRECTION('',(-0.819724649185,-0.572757801797,0.));
#11996 = DIRECTION('',(-0.572757801797,0.819724649185,0.));
#11997 = ADVANCED_FACE('',(#11998),#12009,.F.);
#11998 = FACE_BOUND('',#11999,.F.);
#11999 = EDGE_LOOP('',(#12000,#12006,#12007,#12008));
#12000 = ORIENTED_EDGE('',*,*,#12001,.T.);
#12001 = EDGE_CURVE('',#4254,#8986,#12002,.T.);
#12002 = LINE('',#12003,#12004);
#12003 = CARTESIAN_POINT('',(7.022902251441,-8.822345813711,0.));
#12004 = VECTOR('',#12005,1.);
#12005 = DIRECTION('',(0.,0.,1.));
#12006 = ORIENTED_EDGE('',*,*,#8993,.T.);
#12007 = ORIENTED_EDGE('',*,*,#11967,.F.);
#12008 = ORIENTED_EDGE('',*,*,#4261,.F.);
#12009 = PLANE('',#12010);
#12010 = AXIS2_PLACEMENT_3D('',#12011,#12012,#12013);
#12011 = CARTESIAN_POINT('',(7.022902251441,-8.822345813711,0.));
#12012 = DIRECTION('',(0.707660880416,0.706552247417,-0.));
#12013 = DIRECTION('',(0.706552247417,-0.707660880416,0.));
#12014 = ADVANCED_FACE('',(#12015),#12026,.F.);
#12015 = FACE_BOUND('',#12016,.F.);
#12016 = EDGE_LOOP('',(#12017,#12018,#12019,#12025));
#12017 = ORIENTED_EDGE('',*,*,#11986,.T.);
#12018 = ORIENTED_EDGE('',*,*,#5425,.T.);
#12019 = ORIENTED_EDGE('',*,*,#12020,.F.);
#12020 = EDGE_CURVE('',#694,#5426,#12021,.T.);
#12021 = LINE('',#12022,#12023);
#12022 = CARTESIAN_POINT('',(7.921592309873,6.305870302833,0.));
#12023 = VECTOR('',#12024,1.);
#12024 = DIRECTION('',(0.,0.,1.));
#12025 = ORIENTED_EDGE('',*,*,#693,.F.);
#12026 = PLANE('',#12027);
#12027 = AXIS2_PLACEMENT_3D('',#12028,#12029,#12030);
#12028 = CARTESIAN_POINT('',(8.177197585768,5.970683766815,0.));
#12029 = DIRECTION('',(-0.795174267195,-0.606380973309,0.));
#12030 = DIRECTION('',(-0.606380973309,0.795174267195,0.));
#12031 = ADVANCED_FACE('',(#12032),#12043,.F.);
#12032 = FACE_BOUND('',#12033,.F.);
#12033 = EDGE_LOOP('',(#12034,#12040,#12041,#12042));
#12034 = ORIENTED_EDGE('',*,*,#12035,.T.);
#12035 = EDGE_CURVE('',#4246,#8978,#12036,.T.);
#12036 = LINE('',#12037,#12038);
#12037 = CARTESIAN_POINT('',(6.305870302833,-7.921592309873,0.));
#12038 = VECTOR('',#12039,1.);
#12039 = DIRECTION('',(0.,0.,1.));
#12040 = ORIENTED_EDGE('',*,*,#8985,.T.);
#12041 = ORIENTED_EDGE('',*,*,#12001,.F.);
#12042 = ORIENTED_EDGE('',*,*,#4253,.F.);
#12043 = PLANE('',#12044);
#12044 = AXIS2_PLACEMENT_3D('',#12045,#12046,#12047);
#12045 = CARTESIAN_POINT('',(6.305870302833,-7.921592309873,0.));
#12046 = DIRECTION('',(0.782379487395,0.622802005218,-0.));
#12047 = DIRECTION('',(0.622802005218,-0.782379487395,0.));
#12048 = ADVANCED_FACE('',(#12049),#12060,.F.);
#12049 = FACE_BOUND('',#12050,.F.);
#12050 = EDGE_LOOP('',(#12051,#12052,#12053,#12059));
#12051 = ORIENTED_EDGE('',*,*,#12020,.T.);
#12052 = ORIENTED_EDGE('',*,*,#5433,.T.);
#12053 = ORIENTED_EDGE('',*,*,#12054,.F.);
#12054 = EDGE_CURVE('',#702,#5434,#12055,.T.);
#12055 = LINE('',#12056,#12057);
#12056 = CARTESIAN_POINT('',(8.822345813711,7.022902251441,0.));
#12057 = VECTOR('',#12058,1.);
#12058 = DIRECTION('',(0.,0.,1.));
#12059 = ORIENTED_EDGE('',*,*,#701,.F.);
#12060 = PLANE('',#12061);
#12061 = AXIS2_PLACEMENT_3D('',#12062,#12063,#12064);
#12062 = CARTESIAN_POINT('',(7.921592309873,6.305870302833,0.));
#12063 = DIRECTION('',(-0.622802005218,0.782379487395,0.));
#12064 = DIRECTION('',(0.782379487395,0.622802005218,0.));
#12065 = ADVANCED_FACE('',(#12066),#12077,.F.);
#12066 = FACE_BOUND('',#12067,.F.);
#12067 = EDGE_LOOP('',(#12068,#12074,#12075,#12076));
#12068 = ORIENTED_EDGE('',*,*,#12069,.T.);
#12069 = EDGE_CURVE('',#4238,#8970,#12070,.T.);
#12070 = LINE('',#12071,#12072);
#12071 = CARTESIAN_POINT('',(5.970683766815,-8.177197585768,0.));
#12072 = VECTOR('',#12073,1.);
#12073 = DIRECTION('',(0.,0.,1.));
#12074 = ORIENTED_EDGE('',*,*,#8977,.T.);
#12075 = ORIENTED_EDGE('',*,*,#12035,.F.);
#12076 = ORIENTED_EDGE('',*,*,#4245,.F.);
#12077 = PLANE('',#12078);
#12078 = AXIS2_PLACEMENT_3D('',#12079,#12080,#12081);
#12079 = CARTESIAN_POINT('',(5.970683766815,-8.177197585768,0.));
#12080 = DIRECTION('',(-0.606380973309,0.795174267195,0.));
#12081 = DIRECTION('',(0.795174267195,0.606380973309,0.));
#12082 = ADVANCED_FACE('',(#12083),#12094,.F.);
#12083 = FACE_BOUND('',#12084,.F.);
#12084 = EDGE_LOOP('',(#12085,#12086,#12087,#12093));
#12085 = ORIENTED_EDGE('',*,*,#12054,.T.);
#12086 = ORIENTED_EDGE('',*,*,#5441,.T.);
#12087 = ORIENTED_EDGE('',*,*,#12088,.F.);
#12088 = EDGE_CURVE('',#710,#5442,#12089,.T.);
#12089 = LINE('',#12090,#12091);
#12090 = CARTESIAN_POINT('',(8.935450095299,7.135829342029,0.));
#12091 = VECTOR('',#12092,1.);
#12092 = DIRECTION('',(0.,0.,1.));
#12093 = ORIENTED_EDGE('',*,*,#709,.F.);
#12094 = PLANE('',#12095);
#12095 = AXIS2_PLACEMENT_3D('',#12096,#12097,#12098);
#12096 = CARTESIAN_POINT('',(8.822345813711,7.022902251441,0.));
#12097 = DIRECTION('',(-0.706552247417,0.707660880416,0.));
#12098 = DIRECTION('',(0.707660880416,0.706552247417,0.));
#12099 = ADVANCED_FACE('',(#12100),#12111,.F.);
#12100 = FACE_BOUND('',#12101,.F.);
#12101 = EDGE_LOOP('',(#12102,#12108,#12109,#12110));
#12102 = ORIENTED_EDGE('',*,*,#12103,.T.);
#12103 = EDGE_CURVE('',#4230,#8962,#12104,.T.);
#12104 = LINE('',#12105,#12106);
#12105 = CARTESIAN_POINT('',(5.625148609323,-8.418629824563,0.));
#12106 = VECTOR('',#12107,1.);
#12107 = DIRECTION('',(0.,0.,1.));
#12108 = ORIENTED_EDGE('',*,*,#8969,.T.);
#12109 = ORIENTED_EDGE('',*,*,#12069,.F.);
#12110 = ORIENTED_EDGE('',*,*,#4237,.F.);
#12111 = PLANE('',#12112);
#12112 = AXIS2_PLACEMENT_3D('',#12113,#12114,#12115);
#12113 = CARTESIAN_POINT('',(5.625148609323,-8.418629824563,0.));
#12114 = DIRECTION('',(-0.572757801797,0.819724649185,0.));
#12115 = DIRECTION('',(0.819724649185,0.572757801797,0.));
#12116 = ADVANCED_FACE('',(#12117),#12128,.F.);
#12117 = FACE_BOUND('',#12118,.F.);
#12118 = EDGE_LOOP('',(#12119,#12120,#12121,#12127));
#12119 = ORIENTED_EDGE('',*,*,#12088,.T.);
#12120 = ORIENTED_EDGE('',*,*,#5449,.T.);
#12121 = ORIENTED_EDGE('',*,*,#12122,.F.);
#12122 = EDGE_CURVE('',#718,#5450,#12123,.T.);
#12123 = LINE('',#12124,#12125);
#12124 = CARTESIAN_POINT('',(9.039007826791,7.260613678866,0.));
#12125 = VECTOR('',#12126,1.);
#12126 = DIRECTION('',(0.,0.,1.));
#12127 = ORIENTED_EDGE('',*,*,#717,.F.);
#12128 = PLANE('',#12129);
#12129 = AXIS2_PLACEMENT_3D('',#12130,#12131,#12132);
#12130 = CARTESIAN_POINT('',(8.935450095299,7.135829342029,0.));
#12131 = DIRECTION('',(-0.769521442179,0.638620975247,0.));
#12132 = DIRECTION('',(0.638620975247,0.769521442179,0.));
#12133 = ADVANCED_FACE('',(#12134),#12145,.F.);
#12134 = FACE_BOUND('',#12135,.F.);
#12135 = EDGE_LOOP('',(#12136,#12142,#12143,#12144));
#12136 = ORIENTED_EDGE('',*,*,#12137,.T.);
#12137 = EDGE_CURVE('',#4222,#8954,#12138,.T.);
#12138 = LINE('',#12139,#12140);
#12139 = CARTESIAN_POINT('',(5.26986372534,-8.645470566507,0.));
#12140 = VECTOR('',#12141,1.);
#12141 = DIRECTION('',(0.,0.,1.));
#12142 = ORIENTED_EDGE('',*,*,#8961,.T.);
#12143 = ORIENTED_EDGE('',*,*,#12103,.F.);
#12144 = ORIENTED_EDGE('',*,*,#4229,.F.);
#12145 = PLANE('',#12146);
#12146 = AXIS2_PLACEMENT_3D('',#12147,#12148,#12149);
#12147 = CARTESIAN_POINT('',(5.26986372534,-8.645470566507,0.));
#12148 = DIRECTION('',(-0.538141904171,0.84285425251,0.));
#12149 = DIRECTION('',(0.84285425251,0.538141904171,0.));
#12150 = ADVANCED_FACE('',(#12151),#12162,.F.);
#12151 = FACE_BOUND('',#12152,.F.);
#12152 = EDGE_LOOP('',(#12153,#12154,#12155,#12161));
#12153 = ORIENTED_EDGE('',*,*,#12122,.T.);
#12154 = ORIENTED_EDGE('',*,*,#5457,.T.);
#12155 = ORIENTED_EDGE('',*,*,#12156,.F.);
#12156 = EDGE_CURVE('',#726,#5458,#12157,.T.);
#12157 = LINE('',#12158,#12159);
#12158 = CARTESIAN_POINT('',(9.136019499689,7.393349946979,0.));
#12159 = VECTOR('',#12160,1.);
#12160 = DIRECTION('',(0.,0.,1.));
#12161 = ORIENTED_EDGE('',*,*,#725,.F.);
#12162 = PLANE('',#12163);
#12163 = AXIS2_PLACEMENT_3D('',#12164,#12165,#12166);
#12164 = CARTESIAN_POINT('',(9.039007826791,7.260613678866,0.));
#12165 = DIRECTION('',(-0.807356083216,0.590064534517,0.));
#12166 = DIRECTION('',(0.590064534517,0.807356083216,0.));
#12167 = ADVANCED_FACE('',(#12168),#12179,.F.);
#12168 = FACE_BOUND('',#12169,.F.);
#12169 = EDGE_LOOP('',(#12170,#12176,#12177,#12178));
#12170 = ORIENTED_EDGE('',*,*,#12171,.T.);
#12171 = EDGE_CURVE('',#4214,#8946,#12172,.T.);
#12172 = LINE('',#12173,#12174);
#12173 = CARTESIAN_POINT('',(4.905444908454,-8.857326642398,0.));
#12174 = VECTOR('',#12175,1.);
#12175 = DIRECTION('',(0.,0.,1.));
#12176 = ORIENTED_EDGE('',*,*,#8953,.T.);
#12177 = ORIENTED_EDGE('',*,*,#12137,.F.);
#12178 = ORIENTED_EDGE('',*,*,#4221,.F.);
#12179 = PLANE('',#12180);
#12180 = AXIS2_PLACEMENT_3D('',#12181,#12182,#12183);
#12181 = CARTESIAN_POINT('',(4.905444908454,-8.857326642398,0.));
#12182 = DIRECTION('',(-0.502593278054,0.864522988043,0.));
#12183 = DIRECTION('',(0.864522988043,0.502593278054,0.));
#12184 = ADVANCED_FACE('',(#12185),#12196,.F.);
#12185 = FACE_BOUND('',#12186,.F.);
#12186 = EDGE_LOOP('',(#12187,#12188,#12189,#12195));
#12187 = ORIENTED_EDGE('',*,*,#12156,.T.);
#12188 = ORIENTED_EDGE('',*,*,#5465,.T.);
#12189 = ORIENTED_EDGE('',*,*,#12190,.F.);
#12190 = EDGE_CURVE('',#734,#5466,#12191,.T.);
#12191 = LINE('',#12192,#12193);
#12192 = CARTESIAN_POINT('',(9.227464032013,7.532671710225,0.));
#12193 = VECTOR('',#12194,1.);
#12194 = DIRECTION('',(0.,0.,1.));
#12195 = ORIENTED_EDGE('',*,*,#733,.F.);
#12196 = PLANE('',#12197);
#12197 = AXIS2_PLACEMENT_3D('',#12198,#12199,#12200);
#12198 = CARTESIAN_POINT('',(9.136019499689,7.393349946979,0.));
#12199 = DIRECTION('',(-0.836007653147,0.548717781633,0.));
#12200 = DIRECTION('',(0.548717781633,0.836007653147,0.));
#12201 = ADVANCED_FACE('',(#12202),#12213,.F.);
#12202 = FACE_BOUND('',#12203,.F.);
#12203 = EDGE_LOOP('',(#12204,#12210,#12211,#12212));
#12204 = ORIENTED_EDGE('',*,*,#12205,.T.);
#12205 = EDGE_CURVE('',#4206,#8938,#12206,.T.);
#12206 = LINE('',#12207,#12208);
#12207 = CARTESIAN_POINT('',(5.463236387278,-9.864481226436,0.));
#12208 = VECTOR('',#12209,1.);
#12209 = DIRECTION('',(0.,0.,1.));
#12210 = ORIENTED_EDGE('',*,*,#8945,.T.);
#12211 = ORIENTED_EDGE('',*,*,#12171,.F.);
#12212 = ORIENTED_EDGE('',*,*,#4213,.F.);
#12213 = PLANE('',#12214);
#12214 = AXIS2_PLACEMENT_3D('',#12215,#12216,#12217);
#12215 = CARTESIAN_POINT('',(5.463236387278,-9.864481226436,0.));
#12216 = DIRECTION('',(-0.874797693076,-0.48448838602,0.));
#12217 = DIRECTION('',(-0.48448838602,0.874797693076,0.));
#12218 = ADVANCED_FACE('',(#12219),#12230,.F.);
#12219 = FACE_BOUND('',#12220,.F.);
#12220 = EDGE_LOOP('',(#12221,#12222,#12223,#12229));
#12221 = ORIENTED_EDGE('',*,*,#12190,.T.);
#12222 = ORIENTED_EDGE('',*,*,#5473,.T.);
#12223 = ORIENTED_EDGE('',*,*,#12224,.F.);
#12224 = EDGE_CURVE('',#742,#5474,#12225,.T.);
#12225 = LINE('',#12226,#12227);
#12226 = CARTESIAN_POINT('',(9.313856178713,7.677794997626,0.));
#12227 = VECTOR('',#12228,1.);
#12228 = DIRECTION('',(0.,0.,1.));
#12229 = ORIENTED_EDGE('',*,*,#741,.F.);
#12230 = PLANE('',#12231);
#12231 = AXIS2_PLACEMENT_3D('',#12232,#12233,#12234);
#12232 = CARTESIAN_POINT('',(9.227464032013,7.532671710225,0.));
#12233 = DIRECTION('',(-0.859268844202,0.511524245158,0.));
#12234 = DIRECTION('',(0.511524245158,0.859268844202,0.));
#12235 = ADVANCED_FACE('',(#12236),#12247,.F.);
#12236 = FACE_BOUND('',#12237,.F.);
#12237 = EDGE_LOOP('',(#12238,#12244,#12245,#12246));
#12238 = ORIENTED_EDGE('',*,*,#12239,.T.);
#12239 = EDGE_CURVE('',#4198,#8930,#12240,.T.);
#12240 = LINE('',#12241,#12242);
#12241 = CARTESIAN_POINT('',(5.524515791444,-10.01209538879,0.));
#12242 = VECTOR('',#12243,1.);
#12243 = DIRECTION('',(0.,0.,1.));
#12244 = ORIENTED_EDGE('',*,*,#8937,.T.);
#12245 = ORIENTED_EDGE('',*,*,#12205,.F.);
#12246 = ORIENTED_EDGE('',*,*,#4205,.F.);
#12247 = PLANE('',#12248);
#12248 = AXIS2_PLACEMENT_3D('',#12249,#12250,#12251);
#12249 = CARTESIAN_POINT('',(5.524515791444,-10.01209538879,0.));
#12250 = DIRECTION('',(-0.923579254706,-0.383407564188,0.));
#12251 = DIRECTION('',(-0.383407564188,0.923579254706,0.));
#12252 = ADVANCED_FACE('',(#12253),#12264,.F.);
#12253 = FACE_BOUND('',#12254,.F.);
#12254 = EDGE_LOOP('',(#12255,#12256,#12257,#12263));
#12255 = ORIENTED_EDGE('',*,*,#12224,.T.);
#12256 = ORIENTED_EDGE('',*,*,#5481,.T.);
#12257 = ORIENTED_EDGE('',*,*,#12258,.F.);
#12258 = EDGE_CURVE('',#750,#5482,#12259,.T.);
#12259 = LINE('',#12260,#12261);
#12260 = CARTESIAN_POINT('',(9.395507490247,7.828190525243,0.));
#12261 = VECTOR('',#12262,1.);
#12262 = DIRECTION('',(0.,0.,1.));
#12263 = ORIENTED_EDGE('',*,*,#749,.F.);
#12264 = PLANE('',#12265);
#12265 = AXIS2_PLACEMENT_3D('',#12266,#12267,#12268);
#12266 = CARTESIAN_POINT('',(9.313856178713,7.677794997626,0.));
#12267 = DIRECTION('',(-0.878833768297,0.477128083119,0.));
#12268 = DIRECTION('',(0.477128083119,0.878833768297,0.));
#12269 = ADVANCED_FACE('',(#12270),#12281,.F.);
#12270 = FACE_BOUND('',#12271,.F.);
#12271 = EDGE_LOOP('',(#12272,#12278,#12279,#12280));
#12272 = ORIENTED_EDGE('',*,*,#12273,.T.);
#12273 = EDGE_CURVE('',#4190,#8922,#12274,.T.);
#12274 = LINE('',#12275,#12276);
#12275 = CARTESIAN_POINT('',(5.572437761676,-10.1670109117,0.));
#12276 = VECTOR('',#12277,1.);
#12277 = DIRECTION('',(0.,0.,1.));
#12278 = ORIENTED_EDGE('',*,*,#8929,.T.);
#12279 = ORIENTED_EDGE('',*,*,#12239,.F.);
#12280 = ORIENTED_EDGE('',*,*,#4197,.F.);
#12281 = PLANE('',#12282);
#12282 = AXIS2_PLACEMENT_3D('',#12283,#12284,#12285);
#12283 = CARTESIAN_POINT('',(5.572437761676,-10.1670109117,0.));
#12284 = DIRECTION('',(-0.955334777046,-0.295525741292,0.));
#12285 = DIRECTION('',(-0.295525741292,0.955334777046,0.));
#12286 = ADVANCED_FACE('',(#12287),#12298,.F.);
#12287 = FACE_BOUND('',#12288,.F.);
#12288 = EDGE_LOOP('',(#12289,#12290,#12291,#12297));
#12289 = ORIENTED_EDGE('',*,*,#12258,.T.);
#12290 = ORIENTED_EDGE('',*,*,#5489,.T.);
#12291 = ORIENTED_EDGE('',*,*,#12292,.F.);
#12292 = EDGE_CURVE('',#758,#5490,#12293,.T.);
#12293 = LINE('',#12294,#12295);
#12294 = CARTESIAN_POINT('',(9.472619451814,7.983466737178,0.));
#12295 = VECTOR('',#12296,1.);
#12296 = DIRECTION('',(0.,0.,1.));
#12297 = ORIENTED_EDGE('',*,*,#757,.F.);
#12298 = PLANE('',#12299);
#12299 = AXIS2_PLACEMENT_3D('',#12300,#12301,#12302);
#12300 = CARTESIAN_POINT('',(9.395507490247,7.828190525243,0.));
#12301 = DIRECTION('',(-0.895637822523,0.444784094664,0.));
#12302 = DIRECTION('',(0.444784094664,0.895637822523,0.));
#12303 = ADVANCED_FACE('',(#12304),#12315,.F.);
#12304 = FACE_BOUND('',#12305,.F.);
#12305 = EDGE_LOOP('',(#12306,#12312,#12313,#12314));
#12306 = ORIENTED_EDGE('',*,*,#12307,.T.);
#12307 = EDGE_CURVE('',#4182,#8914,#12308,.T.);
#12308 = LINE('',#12309,#12310);
#12309 = CARTESIAN_POINT('',(5.611268890001,-10.326767993,0.));
#12310 = VECTOR('',#12311,1.);
#12311 = DIRECTION('',(0.,0.,1.));
#12312 = ORIENTED_EDGE('',*,*,#8921,.T.);
#12313 = ORIENTED_EDGE('',*,*,#12273,.F.);
#12314 = ORIENTED_EDGE('',*,*,#4189,.F.);
#12315 = PLANE('',#12316);
#12316 = AXIS2_PLACEMENT_3D('',#12317,#12318,#12319);
#12317 = CARTESIAN_POINT('',(5.611268890001,-10.326767993,0.));
#12318 = DIRECTION('',(-0.971707682117,-0.236186749235,0.));
#12319 = DIRECTION('',(-0.236186749235,0.971707682117,0.));
#12320 = ADVANCED_FACE('',(#12321),#12332,.F.);
#12321 = FACE_BOUND('',#12322,.F.);
#12322 = EDGE_LOOP('',(#12323,#12324,#12325,#12331));
#12323 = ORIENTED_EDGE('',*,*,#12292,.T.);
#12324 = ORIENTED_EDGE('',*,*,#5497,.T.);
#12325 = ORIENTED_EDGE('',*,*,#12326,.F.);
#12326 = EDGE_CURVE('',#766,#5498,#12327,.T.);
#12327 = LINE('',#12328,#12329);
#12328 = CARTESIAN_POINT('',(9.545326421249,8.143315910997,0.));
#12329 = VECTOR('',#12330,1.);
#12330 = DIRECTION('',(0.,0.,1.));
#12331 = ORIENTED_EDGE('',*,*,#765,.F.);
#12332 = PLANE('',#12333);
#12333 = AXIS2_PLACEMENT_3D('',#12334,#12335,#12336);
#12334 = CARTESIAN_POINT('',(9.472619451814,7.983466737178,0.));
#12335 = DIRECTION('',(-0.910262934719,0.414030662725,0.));
#12336 = DIRECTION('',(0.414030662725,0.910262934719,0.));
#12337 = ADVANCED_FACE('',(#12338),#12349,.F.);
#12338 = FACE_BOUND('',#12339,.F.);
#12339 = EDGE_LOOP('',(#12340,#12346,#12347,#12348));
#12340 = ORIENTED_EDGE('',*,*,#12341,.T.);
#12341 = EDGE_CURVE('',#4174,#8906,#12342,.T.);
#12342 = LINE('',#12343,#12344);
#12343 = CARTESIAN_POINT('',(5.642436491213,-10.490478826,0.));
#12344 = VECTOR('',#12345,1.);
#12345 = DIRECTION('',(0.,0.,1.));
#12346 = ORIENTED_EDGE('',*,*,#8913,.T.);
#12347 = ORIENTED_EDGE('',*,*,#12307,.F.);
#12348 = ORIENTED_EDGE('',*,*,#4181,.F.);
#12349 = PLANE('',#12350);
#12350 = AXIS2_PLACEMENT_3D('',#12351,#12352,#12353);
#12351 = CARTESIAN_POINT('',(5.642436491213,-10.490478826,0.));
#12352 = DIRECTION('',(-0.98235556384,-0.187022849386,0.));
#12353 = DIRECTION('',(-0.187022849386,0.98235556384,0.));
#12354 = ADVANCED_FACE('',(#12355),#12366,.F.);
#12355 = FACE_BOUND('',#12356,.F.);
#12356 = EDGE_LOOP('',(#12357,#12358,#12359,#12365));
#12357 = ORIENTED_EDGE('',*,*,#12326,.T.);
#12358 = ORIENTED_EDGE('',*,*,#5505,.T.);
#12359 = ORIENTED_EDGE('',*,*,#12360,.F.);
#12360 = EDGE_CURVE('',#774,#5506,#12361,.T.);
#12361 = LINE('',#12362,#12363);
#12362 = CARTESIAN_POINT('',(9.613718554154,8.307485403915,0.));
#12363 = VECTOR('',#12364,1.);
#12364 = DIRECTION('',(0.,0.,1.));
#12365 = ORIENTED_EDGE('',*,*,#773,.F.);
#12366 = PLANE('',#12367);
#12367 = AXIS2_PLACEMENT_3D('',#12368,#12369,#12370);
#12368 = CARTESIAN_POINT('',(9.545326421249,8.143315910997,0.));
#12369 = DIRECTION('',(-0.923100522293,0.384558741602,0.));
#12370 = DIRECTION('',(0.384558741602,0.923100522293,0.));
#12371 = ADVANCED_FACE('',(#12372),#12383,.F.);
#12372 = FACE_BOUND('',#12373,.F.);
#12373 = EDGE_LOOP('',(#12374,#12380,#12381,#12382));
#12374 = ORIENTED_EDGE('',*,*,#12375,.T.);
#12375 = EDGE_CURVE('',#4166,#8898,#12376,.T.);
#12376 = LINE('',#12377,#12378);
#12377 = CARTESIAN_POINT('',(5.66671614958,-10.65761610414,0.));
#12378 = VECTOR('',#12379,1.);
#12379 = DIRECTION('',(0.,0.,1.));
#12380 = ORIENTED_EDGE('',*,*,#8905,.T.);
#12381 = ORIENTED_EDGE('',*,*,#12341,.F.);
#12382 = ORIENTED_EDGE('',*,*,#4173,.F.);
#12383 = PLANE('',#12384);
#12384 = AXIS2_PLACEMENT_3D('',#12385,#12386,#12387);
#12385 = CARTESIAN_POINT('',(5.66671614958,-10.65761610414,0.));
#12386 = DIRECTION('',(-0.989612751958,-0.143758829861,0.));
#12387 = DIRECTION('',(-0.143758829861,0.989612751958,0.));
#12388 = ADVANCED_FACE('',(#12389),#12400,.F.);
#12389 = FACE_BOUND('',#12390,.F.);
#12390 = EDGE_LOOP('',(#12391,#12392,#12393,#12399));
#12391 = ORIENTED_EDGE('',*,*,#12360,.T.);
#12392 = ORIENTED_EDGE('',*,*,#5513,.T.);
#12393 = ORIENTED_EDGE('',*,*,#12394,.F.);
#12394 = EDGE_CURVE('',#782,#5514,#12395,.T.);
#12395 = LINE('',#12396,#12397);
#12396 = CARTESIAN_POINT('',(9.677855298475,8.475760746095,0.));
#12397 = VECTOR('',#12398,1.);
#12398 = DIRECTION('',(0.,0.,1.));
#12399 = ORIENTED_EDGE('',*,*,#781,.F.);
#12400 = PLANE('',#12401);
#12401 = AXIS2_PLACEMENT_3D('',#12402,#12403,#12404);
#12402 = CARTESIAN_POINT('',(9.613718554154,8.307485403915,0.));
#12403 = DIRECTION('',(-0.934428881004,0.356149780775,0.));
#12404 = DIRECTION('',(0.356149780775,0.934428881004,0.));
#12405 = ADVANCED_FACE('',(#12406),#12417,.F.);
#12406 = FACE_BOUND('',#12407,.F.);
#12407 = EDGE_LOOP('',(#12408,#12414,#12415,#12416));
#12408 = ORIENTED_EDGE('',*,*,#12409,.T.);
#12409 = EDGE_CURVE('',#4158,#8890,#12410,.T.);
#12410 = LINE('',#12411,#12412);
#12411 = CARTESIAN_POINT('',(5.684598248388,-10.82781005805,0.));
#12412 = VECTOR('',#12413,1.);
#12413 = DIRECTION('',(0.,0.,1.));
#12414 = ORIENTED_EDGE('',*,*,#8897,.T.);
#12415 = ORIENTED_EDGE('',*,*,#12375,.F.);
#12416 = ORIENTED_EDGE('',*,*,#4165,.F.);
#12417 = PLANE('',#12418);
#12418 = AXIS2_PLACEMENT_3D('',#12419,#12420,#12421);
#12419 = CARTESIAN_POINT('',(5.684598248388,-10.82781005805,0.));
#12420 = DIRECTION('',(-0.994525543535,-0.10449374745,0.));
#12421 = DIRECTION('',(-0.10449374745,0.994525543535,0.));
#12422 = ADVANCED_FACE('',(#12423),#12434,.F.);
#12423 = FACE_BOUND('',#12424,.F.);
#12424 = EDGE_LOOP('',(#12425,#12426,#12427,#12433));
#12425 = ORIENTED_EDGE('',*,*,#12394,.T.);
#12426 = ORIENTED_EDGE('',*,*,#5521,.T.);
#12427 = ORIENTED_EDGE('',*,*,#12428,.F.);
#12428 = EDGE_CURVE('',#790,#5522,#12429,.T.);
#12429 = LINE('',#12430,#12431);
#12430 = CARTESIAN_POINT('',(9.737773916212,8.647954981196,0.));
#12431 = VECTOR('',#12432,1.);
#12432 = DIRECTION('',(0.,0.,1.));
#12433 = ORIENTED_EDGE('',*,*,#789,.F.);
#12434 = PLANE('',#12435);
#12435 = AXIS2_PLACEMENT_3D('',#12436,#12437,#12438);
#12436 = CARTESIAN_POINT('',(9.677855298475,8.475760746095,0.));
#12437 = DIRECTION('',(-0.944454291931,0.328642800701,0.));
#12438 = DIRECTION('',(0.328642800701,0.944454291931,0.));
#12439 = ADVANCED_FACE('',(#12440),#12451,.F.);
#12440 = FACE_BOUND('',#12441,.F.);
#12441 = EDGE_LOOP('',(#12442,#12448,#12449,#12450));
#12442 = ORIENTED_EDGE('',*,*,#12443,.T.);
#12443 = EDGE_CURVE('',#4150,#8882,#12444,.T.);
#12444 = LINE('',#12445,#12446);
#12445 = CARTESIAN_POINT('',(5.696418777643,-11.00077604227,0.));
#12446 = VECTOR('',#12447,1.);
#12447 = DIRECTION('',(0.,0.,1.));
#12448 = ORIENTED_EDGE('',*,*,#8889,.T.);
#12449 = ORIENTED_EDGE('',*,*,#12409,.F.);
#12450 = ORIENTED_EDGE('',*,*,#4157,.F.);
#12451 = PLANE('',#12452);
#12452 = AXIS2_PLACEMENT_3D('',#12453,#12454,#12455);
#12453 = CARTESIAN_POINT('',(5.696418777643,-11.00077604227,0.));
#12454 = DIRECTION('',(-0.99767295678,-6.818116536719E-02,0.));
#12455 = DIRECTION('',(-6.818116536719E-02,0.99767295678,0.));
#12456 = ADVANCED_FACE('',(#12457),#12468,.F.);
#12457 = FACE_BOUND('',#12458,.F.);
#12458 = EDGE_LOOP('',(#12459,#12460,#12461,#12467));
#12459 = ORIENTED_EDGE('',*,*,#12428,.T.);
#12460 = ORIENTED_EDGE('',*,*,#5529,.T.);
#12461 = ORIENTED_EDGE('',*,*,#12462,.F.);
#12462 = EDGE_CURVE('',#798,#5530,#12463,.T.);
#12463 = LINE('',#12464,#12465);
#12464 = CARTESIAN_POINT('',(9.793495159654,8.823901581666,0.));
#12465 = VECTOR('',#12466,1.);
#12466 = DIRECTION('',(0.,0.,1.));
#12467 = ORIENTED_EDGE('',*,*,#797,.F.);
#12468 = PLANE('',#12469);
#12469 = AXIS2_PLACEMENT_3D('',#12470,#12471,#12472);
#12470 = CARTESIAN_POINT('',(9.737773916212,8.647954981196,0.));
#12471 = DIRECTION('',(-0.953334708688,0.301915440496,0.));
#12472 = DIRECTION('',(0.301915440496,0.953334708688,0.));
#12473 = ADVANCED_FACE('',(#12474),#12485,.F.);
#12474 = FACE_BOUND('',#12475,.F.);
#12475 = EDGE_LOOP('',(#12476,#12482,#12483,#12484));
#12476 = ORIENTED_EDGE('',*,*,#12477,.T.);
#12477 = EDGE_CURVE('',#4142,#8874,#12478,.T.);
#12478 = LINE('',#12479,#12480);
#12479 = CARTESIAN_POINT('',(5.702419628077,-11.17628117487,0.));
#12480 = VECTOR('',#12481,1.);
#12481 = DIRECTION('',(0.,0.,1.));
#12482 = ORIENTED_EDGE('',*,*,#8881,.T.);
#12483 = ORIENTED_EDGE('',*,*,#12443,.F.);
#12484 = ORIENTED_EDGE('',*,*,#4149,.F.);
#12485 = PLANE('',#12486);
#12486 = AXIS2_PLACEMENT_3D('',#12487,#12488,#12489);
#12487 = CARTESIAN_POINT('',(5.702419628077,-11.17628117487,0.));
#12488 = DIRECTION('',(-0.999415969707,-3.417191091091E-02,0.));
#12489 = DIRECTION('',(-3.417191091091E-02,0.999415969707,0.));
#12490 = ADVANCED_FACE('',(#12491),#12502,.F.);
#12491 = FACE_BOUND('',#12492,.F.);
#12492 = EDGE_LOOP('',(#12493,#12494,#12495,#12501));
#12493 = ORIENTED_EDGE('',*,*,#12462,.T.);
#12494 = ORIENTED_EDGE('',*,*,#5537,.T.);
#12495 = ORIENTED_EDGE('',*,*,#12496,.F.);
#12496 = EDGE_CURVE('',#806,#5538,#12497,.T.);
#12497 = LINE('',#12498,#12499);
#12498 = CARTESIAN_POINT('',(9.84502721462,9.003449541249,0.));
#12499 = VECTOR('',#12500,1.);
#12500 = DIRECTION('',(0.,0.,1.));
#12501 = ORIENTED_EDGE('',*,*,#805,.F.);
#12502 = PLANE('',#12503);
#12503 = AXIS2_PLACEMENT_3D('',#12504,#12505,#12506);
#12504 = CARTESIAN_POINT('',(9.793495159654,8.823901581666,0.));
#12505 = DIRECTION('',(-0.961194282843,0.275872344808,0.));
#12506 = DIRECTION('',(0.275872344808,0.961194282843,0.));
#12507 = ADVANCED_FACE('',(#12508),#12519,.F.);
#12508 = FACE_BOUND('',#12509,.F.);
#12509 = EDGE_LOOP('',(#12510,#12516,#12517,#12518));
#12510 = ORIENTED_EDGE('',*,*,#12511,.T.);
#12511 = EDGE_CURVE('',#4134,#8866,#12512,.T.);
#12512 = LINE('',#12513,#12514);
#12513 = CARTESIAN_POINT('',(5.702780774814,-11.3541265454,0.));
#12514 = VECTOR('',#12515,1.);
#12515 = DIRECTION('',(0.,0.,1.));
#12516 = ORIENTED_EDGE('',*,*,#8873,.T.);
#12517 = ORIENTED_EDGE('',*,*,#12477,.F.);
#12518 = ORIENTED_EDGE('',*,*,#4141,.F.);
#12519 = PLANE('',#12520);
#12520 = AXIS2_PLACEMENT_3D('',#12521,#12522,#12523);
#12521 = CARTESIAN_POINT('',(5.702780774814,-11.3541265454,0.));
#12522 = DIRECTION('',(-0.999997938179,-2.03067412486E-03,0.));
#12523 = DIRECTION('',(-2.03067412486E-03,0.999997938179,0.));
#12524 = ADVANCED_FACE('',(#12525),#12536,.F.);
#12525 = FACE_BOUND('',#12526,.F.);
#12526 = EDGE_LOOP('',(#12527,#12528,#12529,#12535));
#12527 = ORIENTED_EDGE('',*,*,#12496,.T.);
#12528 = ORIENTED_EDGE('',*,*,#5545,.T.);
#12529 = ORIENTED_EDGE('',*,*,#12530,.F.);
#12530 = EDGE_CURVE('',#814,#5546,#12531,.T.);
#12531 = LINE('',#12532,#12533);
#12532 = CARTESIAN_POINT('',(9.89236853483,9.186459860637,0.));
#12533 = VECTOR('',#12534,1.);
#12534 = DIRECTION('',(0.,0.,1.));
#12535 = ORIENTED_EDGE('',*,*,#813,.F.);
#12536 = PLANE('',#12537);
#12537 = AXIS2_PLACEMENT_3D('',#12538,#12539,#12540);
#12538 = CARTESIAN_POINT('',(9.84502721462,9.003449541249,0.));
#12539 = DIRECTION('',(-0.96813272065,0.250437687273,0.));
#12540 = DIRECTION('',(0.250437687273,0.96813272065,0.));
#12541 = ADVANCED_FACE('',(#12542),#12553,.F.);
#12542 = FACE_BOUND('',#12543,.F.);
#12543 = EDGE_LOOP('',(#12544,#12550,#12551,#12552));
#12544 = ORIENTED_EDGE('',*,*,#12545,.T.);
#12545 = EDGE_CURVE('',#4126,#8858,#12546,.T.);
#12546 = LINE('',#12547,#12548);
#12547 = CARTESIAN_POINT('',(5.697639214646,-11.53413675933,0.));
#12548 = VECTOR('',#12549,1.);
#12549 = DIRECTION('',(0.,0.,1.));
#12550 = ORIENTED_EDGE('',*,*,#8865,.T.);
#12551 = ORIENTED_EDGE('',*,*,#12511,.F.);
#12552 = ORIENTED_EDGE('',*,*,#4133,.F.);
#12553 = PLANE('',#12554);
#12554 = AXIS2_PLACEMENT_3D('',#12555,#12556,#12557);
#12555 = CARTESIAN_POINT('',(5.697639214646,-11.53413675933,0.));
#12556 = DIRECTION('',(-0.99959233829,2.855095851751E-02,0.));
#12557 = DIRECTION('',(2.855095851751E-02,0.99959233829,0.));
#12558 = ADVANCED_FACE('',(#12559),#12570,.F.);
#12559 = FACE_BOUND('',#12560,.F.);
#12560 = EDGE_LOOP('',(#12561,#12562,#12563,#12569));
#12561 = ORIENTED_EDGE('',*,*,#12530,.T.);
#12562 = ORIENTED_EDGE('',*,*,#5553,.T.);
#12563 = ORIENTED_EDGE('',*,*,#12564,.F.);
#12564 = EDGE_CURVE('',#822,#5554,#12565,.T.);
#12565 = LINE('',#12566,#12567);
#12566 = CARTESIAN_POINT('',(9.6628915001,9.42754092313,0.));
#12567 = VECTOR('',#12568,1.);
#12568 = DIRECTION('',(0.,0.,1.));
#12569 = ORIENTED_EDGE('',*,*,#821,.F.);
#12570 = PLANE('',#12571);
#12571 = AXIS2_PLACEMENT_3D('',#12572,#12573,#12574);
#12572 = CARTESIAN_POINT('',(9.89236853483,9.186459860637,0.));
#12573 = DIRECTION('',(-0.724323926877,-0.689459824032,0.));
#12574 = DIRECTION('',(-0.689459824032,0.724323926877,0.));
#12575 = ADVANCED_FACE('',(#12576),#12587,.F.);
#12576 = FACE_BOUND('',#12577,.F.);
#12577 = EDGE_LOOP('',(#12578,#12584,#12585,#12586));
#12578 = ORIENTED_EDGE('',*,*,#12579,.T.);
#12579 = EDGE_CURVE('',#4118,#8850,#12580,.T.);
#12580 = LINE('',#12581,#12582);
#12581 = CARTESIAN_POINT('',(5.687100918268,-11.71615335105,0.));
#12582 = VECTOR('',#12583,1.);
#12583 = DIRECTION('',(0.,0.,1.));
#12584 = ORIENTED_EDGE('',*,*,#8857,.T.);
#12585 = ORIENTED_EDGE('',*,*,#12545,.F.);
#12586 = ORIENTED_EDGE('',*,*,#4125,.F.);
#12587 = PLANE('',#12588);
#12588 = AXIS2_PLACEMENT_3D('',#12589,#12590,#12591);
#12589 = CARTESIAN_POINT('',(5.687100918268,-11.71615335105,0.));
#12590 = DIRECTION('',(-0.998328144702,5.780065307352E-02,0.));
#12591 = DIRECTION('',(5.780065307352E-02,0.998328144702,0.));
#12592 = ADVANCED_FACE('',(#12593),#12604,.F.);
#12593 = FACE_BOUND('',#12594,.F.);
#12594 = EDGE_LOOP('',(#12595,#12596,#12597,#12603));
#12595 = ORIENTED_EDGE('',*,*,#12564,.T.);
#12596 = ORIENTED_EDGE('',*,*,#5561,.T.);
#12597 = ORIENTED_EDGE('',*,*,#12598,.F.);
#12598 = EDGE_CURVE('',#830,#5562,#12599,.T.);
#12599 = LINE('',#12600,#12601);
#12600 = CARTESIAN_POINT('',(9.42754092313,9.6628915001,0.));
#12601 = VECTOR('',#12602,1.);
#12602 = DIRECTION('',(0.,0.,1.));
#12603 = ORIENTED_EDGE('',*,*,#829,.F.);
#12604 = PLANE('',#12605);
#12605 = AXIS2_PLACEMENT_3D('',#12606,#12607,#12608);
#12606 = CARTESIAN_POINT('',(9.6628915001,9.42754092313,0.));
#12607 = DIRECTION('',(-0.707106781187,-0.707106781187,0.));
#12608 = DIRECTION('',(-0.707106781187,0.707106781187,0.));
#12609 = ADVANCED_FACE('',(#12610),#12621,.F.);
#12610 = FACE_BOUND('',#12611,.F.);
#12611 = EDGE_LOOP('',(#12612,#12618,#12619,#12620));
#12612 = ORIENTED_EDGE('',*,*,#12613,.T.);
#12613 = EDGE_CURVE('',#4110,#8842,#12614,.T.);
#12614 = LINE('',#12615,#12616);
#12615 = CARTESIAN_POINT('',(5.671248785629,-11.90003041074,0.));
#12616 = VECTOR('',#12617,1.);
#12617 = DIRECTION('',(0.,0.,1.));
#12618 = ORIENTED_EDGE('',*,*,#8849,.T.);
#12619 = ORIENTED_EDGE('',*,*,#12579,.F.);
#12620 = ORIENTED_EDGE('',*,*,#4117,.F.);
#12621 = PLANE('',#12622);
#12622 = AXIS2_PLACEMENT_3D('',#12623,#12624,#12625);
#12623 = CARTESIAN_POINT('',(5.671248785629,-11.90003041074,0.));
#12624 = DIRECTION('',(-0.996304462043,8.589190249037E-02,0.));
#12625 = DIRECTION('',(8.589190249037E-02,0.996304462043,0.));
#12626 = ADVANCED_FACE('',(#12627),#12638,.F.);
#12627 = FACE_BOUND('',#12628,.F.);
#12628 = EDGE_LOOP('',(#12629,#12630,#12631,#12637));
#12629 = ORIENTED_EDGE('',*,*,#12598,.T.);
#12630 = ORIENTED_EDGE('',*,*,#5569,.T.);
#12631 = ORIENTED_EDGE('',*,*,#12632,.F.);
#12632 = EDGE_CURVE('',#838,#5570,#12633,.T.);
#12633 = LINE('',#12634,#12635);
#12634 = CARTESIAN_POINT('',(9.186459860637,9.89236853483,0.));
#12635 = VECTOR('',#12636,1.);
#12636 = DIRECTION('',(0.,0.,1.));
#12637 = ORIENTED_EDGE('',*,*,#837,.F.);
#12638 = PLANE('',#12639);
#12639 = AXIS2_PLACEMENT_3D('',#12640,#12641,#12642);
#12640 = CARTESIAN_POINT('',(9.42754092313,9.6628915001,0.));
#12641 = DIRECTION('',(-0.689459824032,-0.724323926877,0.));
#12642 = DIRECTION('',(-0.724323926877,0.689459824032,0.));
#12643 = ADVANCED_FACE('',(#12644),#12655,.F.);
#12644 = FACE_BOUND('',#12645,.F.);
#12645 = EDGE_LOOP('',(#12646,#12652,#12653,#12654));
#12646 = ORIENTED_EDGE('',*,*,#12647,.T.);
#12647 = EDGE_CURVE('',#4102,#8834,#12648,.T.);
#12648 = LINE('',#12649,#12650);
#12649 = CARTESIAN_POINT('',(5.650148167032,-12.08563155937,0.));
#12650 = VECTOR('',#12651,1.);
#12651 = DIRECTION('',(0.,0.,1.));
#12652 = ORIENTED_EDGE('',*,*,#8841,.T.);
#12653 = ORIENTED_EDGE('',*,*,#12613,.F.);
#12654 = ORIENTED_EDGE('',*,*,#4109,.F.);
#12655 = PLANE('',#12656);
#12656 = AXIS2_PLACEMENT_3D('',#12657,#12658,#12659);
#12657 = CARTESIAN_POINT('',(5.650148167032,-12.08563155937,0.));
#12658 = DIRECTION('',(-0.993599500491,0.112960314374,0.));
#12659 = DIRECTION('',(0.112960314374,0.993599500491,0.));
#12660 = ADVANCED_FACE('',(#12661),#12672,.F.);
#12661 = FACE_BOUND('',#12662,.F.);
#12662 = EDGE_LOOP('',(#12663,#12664,#12665,#12671));
#12663 = ORIENTED_EDGE('',*,*,#12632,.T.);
#12664 = ORIENTED_EDGE('',*,*,#5577,.T.);
#12665 = ORIENTED_EDGE('',*,*,#12666,.F.);
#12666 = EDGE_CURVE('',#846,#5578,#12667,.T.);
#12667 = LINE('',#12668,#12669);
#12668 = CARTESIAN_POINT('',(9.003449541249,9.84502721462,0.));
#12669 = VECTOR('',#12670,1.);
#12670 = DIRECTION('',(0.,0.,1.));
#12671 = ORIENTED_EDGE('',*,*,#845,.F.);
#12672 = PLANE('',#12673);
#12673 = AXIS2_PLACEMENT_3D('',#12674,#12675,#12676);
#12674 = CARTESIAN_POINT('',(9.186459860637,9.89236853483,0.));
#12675 = DIRECTION('',(0.250437687273,-0.96813272065,0.));
#12676 = DIRECTION('',(-0.96813272065,-0.250437687273,0.));
#12677 = ADVANCED_FACE('',(#12678),#12689,.F.);
#12678 = FACE_BOUND('',#12679,.F.);
#12679 = EDGE_LOOP('',(#12680,#12686,#12687,#12688));
#12680 = ORIENTED_EDGE('',*,*,#12681,.T.);
#12681 = EDGE_CURVE('',#4094,#8826,#12682,.T.);
#12682 = LINE('',#12683,#12684);
#12683 = CARTESIAN_POINT('',(5.623850826635,-12.2728277866,0.));
#12684 = VECTOR('',#12685,1.);
#12685 = DIRECTION('',(0.,0.,1.));
#12686 = ORIENTED_EDGE('',*,*,#8833,.T.);
#12687 = ORIENTED_EDGE('',*,*,#12647,.F.);
#12688 = ORIENTED_EDGE('',*,*,#4101,.F.);
#12689 = PLANE('',#12690);
#12690 = AXIS2_PLACEMENT_3D('',#12691,#12692,#12693);
#12691 = CARTESIAN_POINT('',(5.623850826635,-12.2728277866,0.));
#12692 = DIRECTION('',(-0.990276359122,0.139114099083,0.));
#12693 = DIRECTION('',(0.139114099083,0.990276359122,0.));
#12694 = ADVANCED_FACE('',(#12695),#12706,.F.);
#12695 = FACE_BOUND('',#12696,.F.);
#12696 = EDGE_LOOP('',(#12697,#12698,#12699,#12705));
#12697 = ORIENTED_EDGE('',*,*,#12666,.T.);
#12698 = ORIENTED_EDGE('',*,*,#5585,.T.);
#12699 = ORIENTED_EDGE('',*,*,#12700,.F.);
#12700 = EDGE_CURVE('',#854,#5586,#12701,.T.);
#12701 = LINE('',#12702,#12703);
#12702 = CARTESIAN_POINT('',(8.823901581666,9.793495159654,0.));
#12703 = VECTOR('',#12704,1.);
#12704 = DIRECTION('',(0.,0.,1.));
#12705 = ORIENTED_EDGE('',*,*,#853,.F.);
#12706 = PLANE('',#12707);
#12707 = AXIS2_PLACEMENT_3D('',#12708,#12709,#12710);
#12708 = CARTESIAN_POINT('',(9.003449541249,9.84502721462,0.));
#12709 = DIRECTION('',(0.275872344808,-0.961194282843,0.));
#12710 = DIRECTION('',(-0.961194282843,-0.275872344808,0.));
#12711 = ADVANCED_FACE('',(#12712),#12723,.F.);
#12712 = FACE_BOUND('',#12713,.F.);
#12713 = EDGE_LOOP('',(#12714,#12720,#12721,#12722));
#12714 = ORIENTED_EDGE('',*,*,#12715,.T.);
#12715 = EDGE_CURVE('',#4086,#8818,#12716,.T.);
#12716 = LINE('',#12717,#12718);
#12717 = CARTESIAN_POINT('',(5.319583962594,-12.40774058662,0.));
#12718 = VECTOR('',#12719,1.);
#12719 = DIRECTION('',(0.,0.,1.));
#12720 = ORIENTED_EDGE('',*,*,#8825,.T.);
#12721 = ORIENTED_EDGE('',*,*,#12681,.F.);
#12722 = ORIENTED_EDGE('',*,*,#4093,.F.);
#12723 = PLANE('',#12724);
#12724 = AXIS2_PLACEMENT_3D('',#12725,#12726,#12727);
#12725 = CARTESIAN_POINT('',(5.319583962594,-12.40774058662,0.));
#12726 = DIRECTION('',(-0.405343199011,0.914164586393,0.));
#12727 = DIRECTION('',(0.914164586393,0.405343199011,0.));
#12728 = ADVANCED_FACE('',(#12729),#12740,.F.);
#12729 = FACE_BOUND('',#12730,.F.);
#12730 = EDGE_LOOP('',(#12731,#12732,#12733,#12739));
#12731 = ORIENTED_EDGE('',*,*,#12700,.T.);
#12732 = ORIENTED_EDGE('',*,*,#5593,.T.);
#12733 = ORIENTED_EDGE('',*,*,#12734,.F.);
#12734 = EDGE_CURVE('',#862,#5594,#12735,.T.);
#12735 = LINE('',#12736,#12737);
#12736 = CARTESIAN_POINT('',(8.647954981196,9.737773916212,0.));
#12737 = VECTOR('',#12738,1.);
#12738 = DIRECTION('',(0.,0.,1.));
#12739 = ORIENTED_EDGE('',*,*,#861,.F.);
#12740 = PLANE('',#12741);
#12741 = AXIS2_PLACEMENT_3D('',#12742,#12743,#12744);
#12742 = CARTESIAN_POINT('',(8.823901581666,9.793495159654,0.));
#12743 = DIRECTION('',(0.301915440496,-0.953334708688,0.));
#12744 = DIRECTION('',(-0.953334708688,-0.301915440496,0.));
#12745 = ADVANCED_FACE('',(#12746),#12757,.F.);
#12746 = FACE_BOUND('',#12747,.F.);
#12747 = EDGE_LOOP('',(#12748,#12754,#12755,#12756));
#12748 = ORIENTED_EDGE('',*,*,#12749,.T.);
#12749 = EDGE_CURVE('',#4078,#8810,#12750,.T.);
#12750 = LINE('',#12751,#12752);
#12751 = CARTESIAN_POINT('',(5.012083614962,-12.53511140104,0.));
#12752 = VECTOR('',#12753,1.);
#12753 = DIRECTION('',(0.,0.,1.));
#12754 = ORIENTED_EDGE('',*,*,#8817,.T.);
#12755 = ORIENTED_EDGE('',*,*,#12715,.F.);
#12756 = ORIENTED_EDGE('',*,*,#4085,.F.);
#12757 = PLANE('',#12758);
#12758 = AXIS2_PLACEMENT_3D('',#12759,#12760,#12761);
#12759 = CARTESIAN_POINT('',(5.012083614962,-12.53511140104,0.));
#12760 = DIRECTION('',(-0.382683432365,0.923879532511,0.));
#12761 = DIRECTION('',(0.923879532511,0.382683432365,0.));
#12762 = ADVANCED_FACE('',(#12763),#12774,.F.);
#12763 = FACE_BOUND('',#12764,.F.);
#12764 = EDGE_LOOP('',(#12765,#12766,#12767,#12773));
#12765 = ORIENTED_EDGE('',*,*,#12734,.T.);
#12766 = ORIENTED_EDGE('',*,*,#5601,.T.);
#12767 = ORIENTED_EDGE('',*,*,#12768,.F.);
#12768 = EDGE_CURVE('',#870,#5602,#12769,.T.);
#12769 = LINE('',#12770,#12771);
#12770 = CARTESIAN_POINT('',(8.475760746095,9.677855298475,0.));
#12771 = VECTOR('',#12772,1.);
#12772 = DIRECTION('',(0.,0.,1.));
#12773 = ORIENTED_EDGE('',*,*,#869,.F.);
#12774 = PLANE('',#12775);
#12775 = AXIS2_PLACEMENT_3D('',#12776,#12777,#12778);
#12776 = CARTESIAN_POINT('',(8.647954981196,9.737773916212,0.));
#12777 = DIRECTION('',(0.328642800701,-0.944454291931,0.));
#12778 = DIRECTION('',(-0.944454291931,-0.328642800701,0.));
#12779 = ADVANCED_FACE('',(#12780),#12791,.F.);
#12780 = FACE_BOUND('',#12781,.F.);
#12781 = EDGE_LOOP('',(#12782,#12788,#12789,#12790));
#12782 = ORIENTED_EDGE('',*,*,#12783,.T.);
#12783 = EDGE_CURVE('',#4070,#8802,#12784,.T.);
#12784 = LINE('',#12785,#12786);
#12785 = CARTESIAN_POINT('',(4.70153669635,-12.65486280814,0.));
#12786 = VECTOR('',#12787,1.);
#12787 = DIRECTION('',(0.,0.,1.));
#12788 = ORIENTED_EDGE('',*,*,#8809,.T.);
#12789 = ORIENTED_EDGE('',*,*,#12749,.F.);
#12790 = ORIENTED_EDGE('',*,*,#4077,.F.);
#12791 = PLANE('',#12792);
#12792 = AXIS2_PLACEMENT_3D('',#12793,#12794,#12795);
#12793 = CARTESIAN_POINT('',(4.70153669635,-12.65486280814,0.));
#12794 = DIRECTION('',(-0.359791053431,0.933032902888,0.));
#12795 = DIRECTION('',(0.933032902888,0.359791053431,0.));
#12796 = ADVANCED_FACE('',(#12797),#12808,.F.);
#12797 = FACE_BOUND('',#12798,.F.);
#12798 = EDGE_LOOP('',(#12799,#12800,#12801,#12807));
#12799 = ORIENTED_EDGE('',*,*,#12768,.T.);
#12800 = ORIENTED_EDGE('',*,*,#5609,.T.);
#12801 = ORIENTED_EDGE('',*,*,#12802,.F.);
#12802 = EDGE_CURVE('',#878,#5610,#12803,.T.);
#12803 = LINE('',#12804,#12805);
#12804 = CARTESIAN_POINT('',(8.307485403915,9.613718554154,0.));
#12805 = VECTOR('',#12806,1.);
#12806 = DIRECTION('',(0.,0.,1.));
#12807 = ORIENTED_EDGE('',*,*,#877,.F.);
#12808 = PLANE('',#12809);
#12809 = AXIS2_PLACEMENT_3D('',#12810,#12811,#12812);
#12810 = CARTESIAN_POINT('',(8.475760746095,9.677855298475,0.));
#12811 = DIRECTION('',(0.356149780775,-0.934428881004,0.));
#12812 = DIRECTION('',(-0.934428881004,-0.356149780775,0.));
#12813 = ADVANCED_FACE('',(#12814),#12825,.F.);
#12814 = FACE_BOUND('',#12815,.F.);
#12815 = EDGE_LOOP('',(#12816,#12822,#12823,#12824));
#12816 = ORIENTED_EDGE('',*,*,#12817,.T.);
#12817 = EDGE_CURVE('',#4062,#8794,#12818,.T.);
#12818 = LINE('',#12819,#12820);
#12819 = CARTESIAN_POINT('',(4.55057394694,-12.54109011417,0.));
#12820 = VECTOR('',#12821,1.);
#12821 = DIRECTION('',(0.,0.,1.));
#12822 = ORIENTED_EDGE('',*,*,#8801,.T.);
#12823 = ORIENTED_EDGE('',*,*,#12783,.F.);
#12824 = ORIENTED_EDGE('',*,*,#4069,.F.);
#12825 = PLANE('',#12826);
#12826 = AXIS2_PLACEMENT_3D('',#12827,#12828,#12829);
#12827 = CARTESIAN_POINT('',(4.55057394694,-12.54109011417,0.));
#12828 = DIRECTION('',(0.601862605964,0.798599651604,-0.));
#12829 = DIRECTION('',(0.798599651604,-0.601862605964,0.));
#12830 = ADVANCED_FACE('',(#12831),#12842,.F.);
#12831 = FACE_BOUND('',#12832,.F.);
#12832 = EDGE_LOOP('',(#12833,#12834,#12835,#12841));
#12833 = ORIENTED_EDGE('',*,*,#12802,.T.);
#12834 = ORIENTED_EDGE('',*,*,#5617,.T.);
#12835 = ORIENTED_EDGE('',*,*,#12836,.F.);
#12836 = EDGE_CURVE('',#886,#5618,#12837,.T.);
#12837 = LINE('',#12838,#12839);
#12838 = CARTESIAN_POINT('',(8.143315910997,9.545326421249,0.));
#12839 = VECTOR('',#12840,1.);
#12840 = DIRECTION('',(0.,0.,1.));
#12841 = ORIENTED_EDGE('',*,*,#885,.F.);
#12842 = PLANE('',#12843);
#12843 = AXIS2_PLACEMENT_3D('',#12844,#12845,#12846);
#12844 = CARTESIAN_POINT('',(8.307485403915,9.613718554154,0.));
#12845 = DIRECTION('',(0.384558741602,-0.923100522293,0.));
#12846 = DIRECTION('',(-0.923100522293,-0.384558741602,0.));
#12847 = ADVANCED_FACE('',(#12848),#12859,.F.);
#12848 = FACE_BOUND('',#12849,.F.);
#12849 = EDGE_LOOP('',(#12850,#12856,#12857,#12858));
#12850 = ORIENTED_EDGE('',*,*,#12851,.T.);
#12851 = EDGE_CURVE('',#4054,#8786,#12852,.T.);
#12852 = LINE('',#12853,#12854);
#12853 = CARTESIAN_POINT('',(4.404413725648,-12.42477067387,0.));
#12854 = VECTOR('',#12855,1.);
#12855 = DIRECTION('',(0.,0.,1.));
#12856 = ORIENTED_EDGE('',*,*,#8793,.T.);
#12857 = ORIENTED_EDGE('',*,*,#12817,.F.);
#12858 = ORIENTED_EDGE('',*,*,#4061,.F.);
#12859 = PLANE('',#12860);
#12860 = AXIS2_PLACEMENT_3D('',#12861,#12862,#12863);
#12861 = CARTESIAN_POINT('',(4.404413725648,-12.42477067387,0.));
#12862 = DIRECTION('',(0.622705940282,0.78245594888,-0.));
#12863 = DIRECTION('',(0.78245594888,-0.622705940282,0.));
#12864 = ADVANCED_FACE('',(#12865),#12876,.F.);
#12865 = FACE_BOUND('',#12866,.F.);
#12866 = EDGE_LOOP('',(#12867,#12868,#12869,#12875));
#12867 = ORIENTED_EDGE('',*,*,#12836,.T.);
#12868 = ORIENTED_EDGE('',*,*,#5625,.T.);
#12869 = ORIENTED_EDGE('',*,*,#12870,.F.);
#12870 = EDGE_CURVE('',#894,#5626,#12871,.T.);
#12871 = LINE('',#12872,#12873);
#12872 = CARTESIAN_POINT('',(7.983466737178,9.472619451814,0.));
#12873 = VECTOR('',#12874,1.);
#12874 = DIRECTION('',(0.,0.,1.));
#12875 = ORIENTED_EDGE('',*,*,#893,.F.);
#12876 = PLANE('',#12877);
#12877 = AXIS2_PLACEMENT_3D('',#12878,#12879,#12880);
#12878 = CARTESIAN_POINT('',(8.143315910997,9.545326421249,0.));
#12879 = DIRECTION('',(0.414030662725,-0.910262934719,0.));
#12880 = DIRECTION('',(-0.910262934719,-0.414030662725,0.));
#12881 = ADVANCED_FACE('',(#12882),#12893,.F.);
#12882 = FACE_BOUND('',#12883,.F.);
#12883 = EDGE_LOOP('',(#12884,#12890,#12891,#12892));
#12884 = ORIENTED_EDGE('',*,*,#12885,.T.);
#12885 = EDGE_CURVE('',#4046,#8778,#12886,.T.);
#12886 = LINE('',#12887,#12888);
#12887 = CARTESIAN_POINT('',(4.263183859355,-12.30595910855,0.));
#12888 = VECTOR('',#12889,1.);
#12889 = DIRECTION('',(0.,0.,1.));
#12890 = ORIENTED_EDGE('',*,*,#8785,.T.);
#12891 = ORIENTED_EDGE('',*,*,#12851,.F.);
#12892 = ORIENTED_EDGE('',*,*,#4053,.F.);
#12893 = PLANE('',#12894);
#12894 = AXIS2_PLACEMENT_3D('',#12895,#12896,#12897);
#12895 = CARTESIAN_POINT('',(4.263183859355,-12.30595910855,0.));
#12896 = DIRECTION('',(0.643758894537,0.765228387937,-0.));
#12897 = DIRECTION('',(0.765228387937,-0.643758894537,0.));
#12898 = ADVANCED_FACE('',(#12899),#12910,.F.);
#12899 = FACE_BOUND('',#12900,.F.);
#12900 = EDGE_LOOP('',(#12901,#12902,#12903,#12909));
#12901 = ORIENTED_EDGE('',*,*,#12870,.T.);
#12902 = ORIENTED_EDGE('',*,*,#5633,.T.);
#12903 = ORIENTED_EDGE('',*,*,#12904,.F.);
#12904 = EDGE_CURVE('',#902,#5634,#12905,.T.);
#12905 = LINE('',#12906,#12907);
#12906 = CARTESIAN_POINT('',(7.828190525243,9.395507490247,0.));
#12907 = VECTOR('',#12908,1.);
#12908 = DIRECTION('',(0.,0.,1.));
#12909 = ORIENTED_EDGE('',*,*,#901,.F.);
#12910 = PLANE('',#12911);
#12911 = AXIS2_PLACEMENT_3D('',#12912,#12913,#12914);
#12912 = CARTESIAN_POINT('',(7.983466737178,9.472619451814,0.));
#12913 = DIRECTION('',(0.444784094664,-0.895637822523,0.));
#12914 = DIRECTION('',(-0.895637822523,-0.444784094664,0.));
#12915 = ADVANCED_FACE('',(#12916),#12927,.F.);
#12916 = FACE_BOUND('',#12917,.F.);
#12917 = EDGE_LOOP('',(#12918,#12924,#12925,#12926));
#12918 = ORIENTED_EDGE('',*,*,#12919,.T.);
#12919 = EDGE_CURVE('',#4038,#8770,#12920,.T.);
#12920 = LINE('',#12921,#12922);
#12921 = CARTESIAN_POINT('',(4.127026992226,-12.18470564308,0.));
#12922 = VECTOR('',#12923,1.);
#12923 = DIRECTION('',(0.,0.,1.));
#12924 = ORIENTED_EDGE('',*,*,#8777,.T.);
#12925 = ORIENTED_EDGE('',*,*,#12885,.F.);
#12926 = ORIENTED_EDGE('',*,*,#4045,.F.);
#12927 = PLANE('',#12928);
#12928 = AXIS2_PLACEMENT_3D('',#12929,#12930,#12931);
#12929 = CARTESIAN_POINT('',(4.127026992226,-12.18470564308,0.));
#12930 = DIRECTION('',(0.665053367223,0.746795834714,-0.));
#12931 = DIRECTION('',(0.746795834714,-0.665053367223,0.));
#12932 = ADVANCED_FACE('',(#12933),#12944,.F.);
#12933 = FACE_BOUND('',#12934,.F.);
#12934 = EDGE_LOOP('',(#12935,#12936,#12937,#12943));
#12935 = ORIENTED_EDGE('',*,*,#12904,.T.);
#12936 = ORIENTED_EDGE('',*,*,#5641,.T.);
#12937 = ORIENTED_EDGE('',*,*,#12938,.F.);
#12938 = EDGE_CURVE('',#910,#5642,#12939,.T.);
#12939 = LINE('',#12940,#12941);
#12940 = CARTESIAN_POINT('',(7.677794997626,9.313856178713,0.));
#12941 = VECTOR('',#12942,1.);
#12942 = DIRECTION('',(0.,0.,1.));
#12943 = ORIENTED_EDGE('',*,*,#909,.F.);
#12944 = PLANE('',#12945);
#12945 = AXIS2_PLACEMENT_3D('',#12946,#12947,#12948);
#12946 = CARTESIAN_POINT('',(7.828190525243,9.395507490247,0.));
#12947 = DIRECTION('',(0.477128083119,-0.878833768297,0.));
#12948 = DIRECTION('',(-0.878833768297,-0.477128083119,0.));
#12949 = ADVANCED_FACE('',(#12950),#12961,.F.);
#12950 = FACE_BOUND('',#12951,.F.);
#12951 = EDGE_LOOP('',(#12952,#12958,#12959,#12960));
#12952 = ORIENTED_EDGE('',*,*,#12953,.T.);
#12953 = EDGE_CURVE('',#4030,#8762,#12954,.T.);
#12954 = LINE('',#12955,#12956);
#12955 = CARTESIAN_POINT('',(3.996104917217,-12.0610548322,0.));
#12956 = VECTOR('',#12957,1.);
#12957 = DIRECTION('',(0.,0.,1.));
#12958 = ORIENTED_EDGE('',*,*,#8769,.T.);
#12959 = ORIENTED_EDGE('',*,*,#12919,.F.);
#12960 = ORIENTED_EDGE('',*,*,#4037,.F.);
#12961 = PLANE('',#12962);
#12962 = AXIS2_PLACEMENT_3D('',#12963,#12964,#12965);
#12963 = CARTESIAN_POINT('',(3.996104917217,-12.0610548322,0.));
#12964 = DIRECTION('',(0.68662994445,0.727007097204,-0.));
#12965 = DIRECTION('',(0.727007097204,-0.68662994445,0.));
#12966 = ADVANCED_FACE('',(#12967),#12978,.F.);
#12967 = FACE_BOUND('',#12968,.F.);
#12968 = EDGE_LOOP('',(#12969,#12970,#12971,#12977));
#12969 = ORIENTED_EDGE('',*,*,#12938,.T.);
#12970 = ORIENTED_EDGE('',*,*,#5649,.T.);
#12971 = ORIENTED_EDGE('',*,*,#12972,.F.);
#12972 = EDGE_CURVE('',#918,#5650,#12973,.T.);
#12973 = LINE('',#12974,#12975);
#12974 = CARTESIAN_POINT('',(7.532671710225,9.227464032013,0.));
#12975 = VECTOR('',#12976,1.);
#12976 = DIRECTION('',(0.,0.,1.));
#12977 = ORIENTED_EDGE('',*,*,#917,.F.);
#12978 = PLANE('',#12979);
#12979 = AXIS2_PLACEMENT_3D('',#12980,#12981,#12982);
#12980 = CARTESIAN_POINT('',(7.677794997626,9.313856178713,0.));
#12981 = DIRECTION('',(0.511524245158,-0.859268844202,0.));
#12982 = DIRECTION('',(-0.859268844202,-0.511524245158,0.));
#12983 = ADVANCED_FACE('',(#12984),#12995,.F.);
#12984 = FACE_BOUND('',#12985,.F.);
#12985 = EDGE_LOOP('',(#12986,#12992,#12993,#12994));
#12986 = ORIENTED_EDGE('',*,*,#12987,.T.);
#12987 = EDGE_CURVE('',#4022,#8754,#12988,.T.);
#12988 = LINE('',#12989,#12990);
#12989 = CARTESIAN_POINT('',(3.870604619015,-11.93504379538,0.));
#12990 = VECTOR('',#12991,1.);
#12991 = DIRECTION('',(0.,0.,1.));
#12992 = ORIENTED_EDGE('',*,*,#8761,.T.);
#12993 = ORIENTED_EDGE('',*,*,#12953,.F.);
#12994 = ORIENTED_EDGE('',*,*,#4029,.F.);
#12995 = PLANE('',#12996);
#12996 = AXIS2_PLACEMENT_3D('',#12997,#12998,#12999);
#12997 = CARTESIAN_POINT('',(3.870604619015,-11.93504379538,0.));
#12998 = DIRECTION('',(0.708541226703,0.705669419815,-0.));
#12999 = DIRECTION('',(0.705669419815,-0.708541226703,0.));
#13000 = ADVANCED_FACE('',(#13001),#13012,.F.);
#13001 = FACE_BOUND('',#13002,.F.);
#13002 = EDGE_LOOP('',(#13003,#13004,#13005,#13011));
#13003 = ORIENTED_EDGE('',*,*,#12972,.T.);
#13004 = ORIENTED_EDGE('',*,*,#5657,.T.);
#13005 = ORIENTED_EDGE('',*,*,#13006,.F.);
#13006 = EDGE_CURVE('',#926,#5658,#13007,.T.);
#13007 = LINE('',#13008,#13009);
#13008 = CARTESIAN_POINT('',(7.393349946979,9.136019499689,0.));
#13009 = VECTOR('',#13010,1.);
#13010 = DIRECTION('',(0.,0.,1.));
#13011 = ORIENTED_EDGE('',*,*,#925,.F.);
#13012 = PLANE('',#13013);
#13013 = AXIS2_PLACEMENT_3D('',#13014,#13015,#13016);
#13014 = CARTESIAN_POINT('',(7.532671710225,9.227464032013,0.));
#13015 = DIRECTION('',(0.548717781633,-0.836007653147,0.));
#13016 = DIRECTION('',(-0.836007653147,-0.548717781633,0.));
#13017 = ADVANCED_FACE('',(#13018),#13029,.F.);
#13018 = FACE_BOUND('',#13019,.F.);
#13019 = EDGE_LOOP('',(#13020,#13026,#13027,#13028));
#13020 = ORIENTED_EDGE('',*,*,#13021,.T.);
#13021 = EDGE_CURVE('',#4014,#8746,#13022,.T.);
#13022 = LINE('',#13023,#13024);
#13023 = CARTESIAN_POINT('',(3.750746991655,-11.80669968395,0.));
#13024 = VECTOR('',#13025,1.);
#13025 = DIRECTION('',(0.,0.,1.));
#13026 = ORIENTED_EDGE('',*,*,#8753,.T.);
#13027 = ORIENTED_EDGE('',*,*,#12987,.F.);
#13028 = ORIENTED_EDGE('',*,*,#4021,.F.);
#13029 = PLANE('',#13030);
#13030 = AXIS2_PLACEMENT_3D('',#13031,#13032,#13033);
#13031 = CARTESIAN_POINT('',(3.750746991655,-11.80669968395,0.));
#13032 = DIRECTION('',(0.730856999337,0.682530619474,-0.));
#13033 = DIRECTION('',(0.682530619474,-0.730856999337,0.));
#13034 = ADVANCED_FACE('',(#13035),#13046,.F.);
#13035 = FACE_BOUND('',#13036,.F.);
#13036 = EDGE_LOOP('',(#13037,#13038,#13039,#13045));
#13037 = ORIENTED_EDGE('',*,*,#13006,.T.);
#13038 = ORIENTED_EDGE('',*,*,#5665,.T.);
#13039 = ORIENTED_EDGE('',*,*,#13040,.F.);
#13040 = EDGE_CURVE('',#934,#5666,#13041,.T.);
#13041 = LINE('',#13042,#13043);
#13042 = CARTESIAN_POINT('',(7.260613678866,9.039007826791,0.));
#13043 = VECTOR('',#13044,1.);
#13044 = DIRECTION('',(0.,0.,1.));
#13045 = ORIENTED_EDGE('',*,*,#933,.F.);
#13046 = PLANE('',#13047);
#13047 = AXIS2_PLACEMENT_3D('',#13048,#13049,#13050);
#13048 = CARTESIAN_POINT('',(7.393349946979,9.136019499689,0.));
#13049 = DIRECTION('',(0.590064534517,-0.807356083216,0.));
#13050 = DIRECTION('',(-0.807356083216,-0.590064534517,0.));
#13051 = ADVANCED_FACE('',(#13052),#13063,.F.);
#13052 = FACE_BOUND('',#13053,.F.);
#13053 = EDGE_LOOP('',(#13054,#13060,#13061,#13062));
#13054 = ORIENTED_EDGE('',*,*,#13055,.T.);
#13055 = EDGE_CURVE('',#4006,#8738,#13056,.T.);
#13056 = LINE('',#13057,#13058);
#13057 = CARTESIAN_POINT('',(3.636799947691,-11.6760358872,0.));
#13058 = VECTOR('',#13059,1.);
#13059 = DIRECTION('',(0.,0.,1.));
#13060 = ORIENTED_EDGE('',*,*,#8745,.T.);
#13061 = ORIENTED_EDGE('',*,*,#13021,.F.);
#13062 = ORIENTED_EDGE('',*,*,#4013,.F.);
#13063 = PLANE('',#13064);
#13064 = AXIS2_PLACEMENT_3D('',#13065,#13066,#13067);
#13065 = CARTESIAN_POINT('',(3.636799947691,-11.6760358872,0.));
#13066 = DIRECTION('',(0.753672677526,0.657249948765,-0.));
#13067 = DIRECTION('',(0.657249948765,-0.753672677526,0.));
#13068 = ADVANCED_FACE('',(#13069),#13080,.F.);
#13069 = FACE_BOUND('',#13070,.F.);
#13070 = EDGE_LOOP('',(#13071,#13072,#13073,#13079));
#13071 = ORIENTED_EDGE('',*,*,#13040,.T.);
#13072 = ORIENTED_EDGE('',*,*,#5673,.T.);
#13073 = ORIENTED_EDGE('',*,*,#13074,.F.);
#13074 = EDGE_CURVE('',#942,#5674,#13075,.T.);
#13075 = LINE('',#13076,#13077);
#13076 = CARTESIAN_POINT('',(7.135829342029,8.935450095299,0.));
#13077 = VECTOR('',#13078,1.);
#13078 = DIRECTION('',(0.,0.,1.));
#13079 = ORIENTED_EDGE('',*,*,#941,.F.);
#13080 = PLANE('',#13081);
#13081 = AXIS2_PLACEMENT_3D('',#13082,#13083,#13084);
#13082 = CARTESIAN_POINT('',(7.260613678866,9.039007826791,0.));
#13083 = DIRECTION('',(0.638620975248,-0.769521442179,0.));
#13084 = DIRECTION('',(-0.769521442179,-0.638620975248,0.));
#13085 = ADVANCED_FACE('',(#13086),#13097,.F.);
#13086 = FACE_BOUND('',#13087,.F.);
#13087 = EDGE_LOOP('',(#13088,#13094,#13095,#13096));
#13088 = ORIENTED_EDGE('',*,*,#13089,.T.);
#13089 = EDGE_CURVE('',#3998,#8730,#13090,.T.);
#13090 = LINE('',#13091,#13092);
#13091 = CARTESIAN_POINT('',(3.529099202099,-11.54304603495,0.));
#13092 = VECTOR('',#13093,1.);
#13093 = DIRECTION('',(0.,0.,1.));
#13094 = ORIENTED_EDGE('',*,*,#8737,.T.);
#13095 = ORIENTED_EDGE('',*,*,#13055,.F.);
#13096 = ORIENTED_EDGE('',*,*,#4005,.F.);
#13097 = PLANE('',#13098);
#13098 = AXIS2_PLACEMENT_3D('',#13099,#13100,#13101);
#13099 = CARTESIAN_POINT('',(3.529099202099,-11.54304603495,0.));
#13100 = DIRECTION('',(0.77712399331,0.629347518484,-0.));
#13101 = DIRECTION('',(0.629347518484,-0.77712399331,0.));
#13102 = ADVANCED_FACE('',(#13103),#13114,.F.);
#13103 = FACE_BOUND('',#13104,.F.);
#13104 = EDGE_LOOP('',(#13105,#13106,#13107,#13113));
#13105 = ORIENTED_EDGE('',*,*,#13074,.T.);
#13106 = ORIENTED_EDGE('',*,*,#5681,.T.);
#13107 = ORIENTED_EDGE('',*,*,#13108,.F.);
#13108 = EDGE_CURVE('',#950,#5682,#13109,.T.);
#13109 = LINE('',#13110,#13111);
#13110 = CARTESIAN_POINT('',(7.022902251441,8.822345813711,0.));
#13111 = VECTOR('',#13112,1.);
#13112 = DIRECTION('',(0.,0.,1.));
#13113 = ORIENTED_EDGE('',*,*,#949,.F.);
#13114 = PLANE('',#13115);
#13115 = AXIS2_PLACEMENT_3D('',#13116,#13117,#13118);
#13116 = CARTESIAN_POINT('',(7.135829342029,8.935450095299,0.));
#13117 = DIRECTION('',(0.707660880416,-0.706552247417,0.));
#13118 = DIRECTION('',(-0.706552247417,-0.707660880416,0.));
#13119 = ADVANCED_FACE('',(#13120),#13131,.F.);
#13120 = FACE_BOUND('',#13121,.F.);
#13121 = EDGE_LOOP('',(#13122,#13128,#13129,#13130));
#13122 = ORIENTED_EDGE('',*,*,#13123,.T.);
#13123 = EDGE_CURVE('',#3990,#8722,#13124,.T.);
#13124 = LINE('',#13125,#13126);
#13125 = CARTESIAN_POINT('',(3.428083610407,-11.40769382111,0.));
#13126 = VECTOR('',#13127,1.);
#13127 = DIRECTION('',(0.,0.,1.));
#13128 = ORIENTED_EDGE('',*,*,#8729,.T.);
#13129 = ORIENTED_EDGE('',*,*,#13089,.F.);
#13130 = ORIENTED_EDGE('',*,*,#3997,.F.);
#13131 = PLANE('',#13132);
#13132 = AXIS2_PLACEMENT_3D('',#13133,#13134,#13135);
#13133 = CARTESIAN_POINT('',(3.428083610407,-11.40769382111,0.));
#13134 = DIRECTION('',(0.801414731108,0.598109044208,-0.));
#13135 = DIRECTION('',(0.598109044208,-0.801414731108,0.));
#13136 = ADVANCED_FACE('',(#13137),#13148,.F.);
#13137 = FACE_BOUND('',#13138,.F.);
#13138 = EDGE_LOOP('',(#13139,#13140,#13141,#13147));
#13139 = ORIENTED_EDGE('',*,*,#13108,.T.);
#13140 = ORIENTED_EDGE('',*,*,#5689,.T.);
#13141 = ORIENTED_EDGE('',*,*,#13142,.F.);
#13142 = EDGE_CURVE('',#958,#5690,#13143,.T.);
#13143 = LINE('',#13144,#13145);
#13144 = CARTESIAN_POINT('',(6.305870302833,7.921592309873,0.));
#13145 = VECTOR('',#13146,1.);
#13146 = DIRECTION('',(0.,0.,1.));
#13147 = ORIENTED_EDGE('',*,*,#957,.F.);
#13148 = PLANE('',#13149);
#13149 = AXIS2_PLACEMENT_3D('',#13150,#13151,#13152);
#13150 = CARTESIAN_POINT('',(7.022902251441,8.822345813711,0.));
#13151 = DIRECTION('',(0.782379487395,-0.622802005218,0.));
#13152 = DIRECTION('',(-0.622802005218,-0.782379487395,0.));
#13153 = ADVANCED_FACE('',(#13154),#13165,.F.);
#13154 = FACE_BOUND('',#13155,.F.);
#13155 = EDGE_LOOP('',(#13156,#13162,#13163,#13164));
#13156 = ORIENTED_EDGE('',*,*,#13157,.T.);
#13157 = EDGE_CURVE('',#3982,#8714,#13158,.T.);
#13158 = LINE('',#13159,#13160);
#13159 = CARTESIAN_POINT('',(3.334361392412,-11.26989395877,0.));
#13160 = VECTOR('',#13161,1.);
#13161 = DIRECTION('',(0.,0.,1.));
#13162 = ORIENTED_EDGE('',*,*,#8721,.T.);
#13163 = ORIENTED_EDGE('',*,*,#13123,.F.);
#13164 = ORIENTED_EDGE('',*,*,#3989,.F.);
#13165 = PLANE('',#13166);
#13166 = AXIS2_PLACEMENT_3D('',#13167,#13168,#13169);
#13167 = CARTESIAN_POINT('',(3.334361392412,-11.26989395877,0.));
#13168 = DIRECTION('',(0.826875405765,0.56238515569,-0.));
#13169 = DIRECTION('',(0.56238515569,-0.826875405765,0.));
#13170 = ADVANCED_FACE('',(#13171),#13182,.F.);
#13171 = FACE_BOUND('',#13172,.F.);
#13172 = EDGE_LOOP('',(#13173,#13174,#13175,#13181));
#13173 = ORIENTED_EDGE('',*,*,#13142,.T.);
#13174 = ORIENTED_EDGE('',*,*,#5697,.T.);
#13175 = ORIENTED_EDGE('',*,*,#13176,.F.);
#13176 = EDGE_CURVE('',#966,#5698,#13177,.T.);
#13177 = LINE('',#13178,#13179);
#13178 = CARTESIAN_POINT('',(5.970683766815,8.177197585768,0.));
#13179 = VECTOR('',#13180,1.);
#13180 = DIRECTION('',(0.,0.,1.));
#13181 = ORIENTED_EDGE('',*,*,#965,.F.);
#13182 = PLANE('',#13183);
#13183 = AXIS2_PLACEMENT_3D('',#13184,#13185,#13186);
#13184 = CARTESIAN_POINT('',(6.305870302833,7.921592309873,0.));
#13185 = DIRECTION('',(-0.606380973309,-0.795174267195,0.));
#13186 = DIRECTION('',(-0.795174267195,0.606380973309,0.));
#13187 = ADVANCED_FACE('',(#13188),#13199,.F.);
#13188 = FACE_BOUND('',#13189,.F.);
#13189 = EDGE_LOOP('',(#13190,#13196,#13197,#13198));
#13190 = ORIENTED_EDGE('',*,*,#13191,.T.);
#13191 = EDGE_CURVE('',#3974,#8706,#13192,.T.);
#13192 = LINE('',#13193,#13194);
#13193 = CARTESIAN_POINT('',(3.248853831045,-11.12947088908,0.));
#13194 = VECTOR('',#13195,1.);
#13195 = DIRECTION('',(0.,0.,1.));
#13196 = ORIENTED_EDGE('',*,*,#8713,.T.);
#13197 = ORIENTED_EDGE('',*,*,#13157,.F.);
#13198 = ORIENTED_EDGE('',*,*,#3981,.F.);
#13199 = PLANE('',#13200);
#13200 = AXIS2_PLACEMENT_3D('',#13201,#13202,#13203);
#13201 = CARTESIAN_POINT('',(3.248853831045,-11.12947088908,0.));
#13202 = DIRECTION('',(0.854110343367,0.520091839346,-0.));
#13203 = DIRECTION('',(0.520091839346,-0.854110343367,0.));
#13204 = ADVANCED_FACE('',(#13205),#13216,.F.);
#13205 = FACE_BOUND('',#13206,.F.);
#13206 = EDGE_LOOP('',(#13207,#13208,#13209,#13215));
#13207 = ORIENTED_EDGE('',*,*,#13176,.T.);
#13208 = ORIENTED_EDGE('',*,*,#5705,.T.);
#13209 = ORIENTED_EDGE('',*,*,#13210,.F.);
#13210 = EDGE_CURVE('',#974,#5706,#13211,.T.);
#13211 = LINE('',#13212,#13213);
#13212 = CARTESIAN_POINT('',(5.625148609323,8.418629824563,0.));
#13213 = VECTOR('',#13214,1.);
#13214 = DIRECTION('',(0.,0.,1.));
#13215 = ORIENTED_EDGE('',*,*,#973,.F.);
#13216 = PLANE('',#13217);
#13217 = AXIS2_PLACEMENT_3D('',#13218,#13219,#13220);
#13218 = CARTESIAN_POINT('',(5.970683766815,8.177197585768,0.));
#13219 = DIRECTION('',(-0.572757801797,-0.819724649185,0.));
#13220 = DIRECTION('',(-0.819724649185,0.572757801797,0.));
#13221 = ADVANCED_FACE('',(#13222),#13233,.F.);
#13222 = FACE_BOUND('',#13223,.F.);
#13223 = EDGE_LOOP('',(#13224,#13230,#13231,#13232));
#13224 = ORIENTED_EDGE('',*,*,#13225,.T.);
#13225 = EDGE_CURVE('',#3966,#8698,#13226,.T.);
#13226 = LINE('',#13227,#13228);
#13227 = CARTESIAN_POINT('',(3.173197964398,-10.9860431222,0.));
#13228 = VECTOR('',#13229,1.);
#13229 = DIRECTION('',(0.,0.,1.));
#13230 = ORIENTED_EDGE('',*,*,#8705,.T.);
#13231 = ORIENTED_EDGE('',*,*,#13191,.F.);
#13232 = ORIENTED_EDGE('',*,*,#3973,.F.);
#13233 = PLANE('',#13234);
#13234 = AXIS2_PLACEMENT_3D('',#13235,#13236,#13237);
#13235 = CARTESIAN_POINT('',(3.173197964398,-10.9860431222,0.));
#13236 = DIRECTION('',(0.884491954835,0.46655544347,-0.));
#13237 = DIRECTION('',(0.46655544347,-0.884491954835,0.));
#13238 = ADVANCED_FACE('',(#13239),#13250,.F.);
#13239 = FACE_BOUND('',#13240,.F.);
#13240 = EDGE_LOOP('',(#13241,#13242,#13243,#13249));
#13241 = ORIENTED_EDGE('',*,*,#13210,.T.);
#13242 = ORIENTED_EDGE('',*,*,#5713,.T.);
#13243 = ORIENTED_EDGE('',*,*,#13244,.F.);
#13244 = EDGE_CURVE('',#982,#5714,#13245,.T.);
#13245 = LINE('',#13246,#13247);
#13246 = CARTESIAN_POINT('',(5.26986372534,8.645470566507,0.));
#13247 = VECTOR('',#13248,1.);
#13248 = DIRECTION('',(0.,0.,1.));
#13249 = ORIENTED_EDGE('',*,*,#981,.F.);
#13250 = PLANE('',#13251);
#13251 = AXIS2_PLACEMENT_3D('',#13252,#13253,#13254);
#13252 = CARTESIAN_POINT('',(5.625148609323,8.418629824563,0.));
#13253 = DIRECTION('',(-0.538141904171,-0.84285425251,0.));
#13254 = DIRECTION('',(-0.84285425251,0.538141904171,0.));
#13255 = ADVANCED_FACE('',(#13256),#13267,.F.);
#13256 = FACE_BOUND('',#13257,.F.);
#13257 = EDGE_LOOP('',(#13258,#13264,#13265,#13266));
#13258 = ORIENTED_EDGE('',*,*,#13259,.T.);
#13259 = EDGE_CURVE('',#3958,#8690,#13260,.T.);
#13260 = LINE('',#13261,#13262);
#13261 = CARTESIAN_POINT('',(3.112150071431,-10.83833306477,0.));
#13262 = VECTOR('',#13263,1.);
#13263 = DIRECTION('',(0.,0.,1.));
#13264 = ORIENTED_EDGE('',*,*,#8697,.T.);
#13265 = ORIENTED_EDGE('',*,*,#13225,.F.);
#13266 = ORIENTED_EDGE('',*,*,#3965,.F.);
#13267 = PLANE('',#13268);
#13268 = AXIS2_PLACEMENT_3D('',#13269,#13270,#13271);
#13269 = CARTESIAN_POINT('',(3.112150071431,-10.83833306477,0.));
#13270 = DIRECTION('',(0.924179242562,0.38195906537,-0.));
#13271 = DIRECTION('',(0.38195906537,-0.924179242562,0.));
#13272 = ADVANCED_FACE('',(#13273),#13284,.F.);
#13273 = FACE_BOUND('',#13274,.F.);
#13274 = EDGE_LOOP('',(#13275,#13276,#13277,#13283));
#13275 = ORIENTED_EDGE('',*,*,#13244,.T.);
#13276 = ORIENTED_EDGE('',*,*,#5721,.T.);
#13277 = ORIENTED_EDGE('',*,*,#13278,.F.);
#13278 = EDGE_CURVE('',#990,#5722,#13279,.T.);
#13279 = LINE('',#13280,#13281);
#13280 = CARTESIAN_POINT('',(4.905444908454,8.857326642398,0.));
#13281 = VECTOR('',#13282,1.);
#13282 = DIRECTION('',(0.,0.,1.));
#13283 = ORIENTED_EDGE('',*,*,#989,.F.);
#13284 = PLANE('',#13285);
#13285 = AXIS2_PLACEMENT_3D('',#13286,#13287,#13288);
#13286 = CARTESIAN_POINT('',(5.26986372534,8.645470566507,0.));
#13287 = DIRECTION('',(-0.502593278054,-0.864522988043,0.));
#13288 = DIRECTION('',(-0.864522988043,0.502593278054,0.));
#13289 = ADVANCED_FACE('',(#13290),#13301,.F.);
#13290 = FACE_BOUND('',#13291,.F.);
#13291 = EDGE_LOOP('',(#13292,#13298,#13299,#13300));
#13292 = ORIENTED_EDGE('',*,*,#13293,.T.);
#13293 = EDGE_CURVE('',#3950,#8682,#13294,.T.);
#13294 = LINE('',#13295,#13296);
#13295 = CARTESIAN_POINT('',(2.794402372519,-9.731749091528,0.));
#13296 = VECTOR('',#13297,1.);
#13297 = DIRECTION('',(0.,0.,1.));
#13298 = ORIENTED_EDGE('',*,*,#8689,.T.);
#13299 = ORIENTED_EDGE('',*,*,#13259,.F.);
#13300 = ORIENTED_EDGE('',*,*,#3957,.F.);
#13301 = PLANE('',#13302);
#13302 = AXIS2_PLACEMENT_3D('',#13303,#13304,#13305);
#13303 = CARTESIAN_POINT('',(2.794402372519,-9.731749091528,0.));
#13304 = DIRECTION('',(0.961160404102,0.27599035778,-0.));
#13305 = DIRECTION('',(0.27599035778,-0.961160404102,0.));
#13306 = ADVANCED_FACE('',(#13307),#13318,.F.);
#13307 = FACE_BOUND('',#13308,.F.);
#13308 = EDGE_LOOP('',(#13309,#13310,#13311,#13317));
#13309 = ORIENTED_EDGE('',*,*,#13278,.T.);
#13310 = ORIENTED_EDGE('',*,*,#5729,.T.);
#13311 = ORIENTED_EDGE('',*,*,#13312,.F.);
#13312 = EDGE_CURVE('',#998,#5730,#13313,.T.);
#13313 = LINE('',#13314,#13315);
#13314 = CARTESIAN_POINT('',(5.463236387278,9.864481226436,0.));
#13315 = VECTOR('',#13316,1.);
#13316 = DIRECTION('',(0.,0.,1.));
#13317 = ORIENTED_EDGE('',*,*,#997,.F.);
#13318 = PLANE('',#13319);
#13319 = AXIS2_PLACEMENT_3D('',#13320,#13321,#13322);
#13320 = CARTESIAN_POINT('',(4.905444908454,8.857326642398,0.));
#13321 = DIRECTION('',(-0.874797693076,0.48448838602,0.));
#13322 = DIRECTION('',(0.48448838602,0.874797693076,0.));
#13323 = ADVANCED_FACE('',(#13324),#13335,.F.);
#13324 = FACE_BOUND('',#13325,.F.);
#13325 = EDGE_LOOP('',(#13326,#13332,#13333,#13334));
#13326 = ORIENTED_EDGE('',*,*,#13327,.T.);
#13327 = EDGE_CURVE('',#3942,#8674,#13328,.T.);
#13328 = LINE('',#13329,#13330);
#13329 = CARTESIAN_POINT('',(2.386914488009,-9.839627240243,0.));
#13330 = VECTOR('',#13331,1.);
#13331 = DIRECTION('',(0.,0.,1.));
#13332 = ORIENTED_EDGE('',*,*,#8681,.T.);
#13333 = ORIENTED_EDGE('',*,*,#13293,.F.);
#13334 = ORIENTED_EDGE('',*,*,#3949,.F.);
#13335 = PLANE('',#13336);
#13336 = AXIS2_PLACEMENT_3D('',#13337,#13338,#13339);
#13337 = CARTESIAN_POINT('',(2.386914488009,-9.839627240243,0.));
#13338 = DIRECTION('',(-0.255922952246,0.966697182428,0.));
#13339 = DIRECTION('',(0.966697182428,0.255922952246,0.));
#13340 = ADVANCED_FACE('',(#13341),#13352,.F.);
#13341 = FACE_BOUND('',#13342,.F.);
#13342 = EDGE_LOOP('',(#13343,#13344,#13345,#13351));
#13343 = ORIENTED_EDGE('',*,*,#13312,.T.);
#13344 = ORIENTED_EDGE('',*,*,#5737,.T.);
#13345 = ORIENTED_EDGE('',*,*,#13346,.F.);
#13346 = EDGE_CURVE('',#1006,#5738,#13347,.T.);
#13347 = LINE('',#13348,#13349);
#13348 = CARTESIAN_POINT('',(5.524515791444,10.01209538879,0.));
#13349 = VECTOR('',#13350,1.);
#13350 = DIRECTION('',(0.,0.,1.));
#13351 = ORIENTED_EDGE('',*,*,#1005,.F.);
#13352 = PLANE('',#13353);
#13353 = AXIS2_PLACEMENT_3D('',#13354,#13355,#13356);
#13354 = CARTESIAN_POINT('',(5.463236387278,9.864481226436,0.));
#13355 = DIRECTION('',(-0.923579254706,0.383407564188,0.));
#13356 = DIRECTION('',(0.383407564188,0.923579254706,0.));
#13357 = ADVANCED_FACE('',(#13358),#13369,.F.);
#13358 = FACE_BOUND('',#13359,.F.);
#13359 = EDGE_LOOP('',(#13360,#13366,#13367,#13368));
#13360 = ORIENTED_EDGE('',*,*,#13361,.T.);
#13361 = EDGE_CURVE('',#3934,#8666,#13362,.T.);
#13362 = LINE('',#13363,#13364);
#13363 = CARTESIAN_POINT('',(1.975289510413,-9.930450964083,0.));
#13364 = VECTOR('',#13365,1.);
#13365 = DIRECTION('',(0.,0.,1.));
#13366 = ORIENTED_EDGE('',*,*,#8673,.T.);
#13367 = ORIENTED_EDGE('',*,*,#13327,.F.);
#13368 = ORIENTED_EDGE('',*,*,#3941,.F.);
#13369 = PLANE('',#13370);
#13370 = AXIS2_PLACEMENT_3D('',#13371,#13372,#13373);
#13371 = CARTESIAN_POINT('',(1.975289510413,-9.930450964083,0.));
#13372 = DIRECTION('',(-0.215464167822,0.976511747182,0.));
#13373 = DIRECTION('',(0.976511747182,0.215464167822,0.));
#13374 = ADVANCED_FACE('',(#13375),#13386,.F.);
#13375 = FACE_BOUND('',#13376,.F.);
#13376 = EDGE_LOOP('',(#13377,#13378,#13379,#13385));
#13377 = ORIENTED_EDGE('',*,*,#13346,.T.);
#13378 = ORIENTED_EDGE('',*,*,#5745,.T.);
#13379 = ORIENTED_EDGE('',*,*,#13380,.F.);
#13380 = EDGE_CURVE('',#1014,#5746,#13381,.T.);
#13381 = LINE('',#13382,#13383);
#13382 = CARTESIAN_POINT('',(5.572437761676,10.167010911707,0.));
#13383 = VECTOR('',#13384,1.);
#13384 = DIRECTION('',(0.,0.,1.));
#13385 = ORIENTED_EDGE('',*,*,#1013,.F.);
#13386 = PLANE('',#13387);
#13387 = AXIS2_PLACEMENT_3D('',#13388,#13389,#13390);
#13388 = CARTESIAN_POINT('',(5.524515791444,10.01209538879,0.));
#13389 = DIRECTION('',(-0.955334777046,0.295525741292,0.));
#13390 = DIRECTION('',(0.295525741292,0.955334777046,0.));
#13391 = ADVANCED_FACE('',(#13392),#13403,.F.);
#13392 = FACE_BOUND('',#13393,.F.);
#13393 = EDGE_LOOP('',(#13394,#13400,#13401,#13402));
#13394 = ORIENTED_EDGE('',*,*,#13395,.T.);
#13395 = EDGE_CURVE('',#3926,#8658,#13396,.T.);
#13396 = LINE('',#13397,#13398);
#13397 = CARTESIAN_POINT('',(1.560240884163,-10.00406284383,0.));
#13398 = VECTOR('',#13399,1.);
#13399 = DIRECTION('',(0.,0.,1.));
#13400 = ORIENTED_EDGE('',*,*,#8665,.T.);
#13401 = ORIENTED_EDGE('',*,*,#13361,.F.);
#13402 = ORIENTED_EDGE('',*,*,#3933,.F.);
#13403 = PLANE('',#13404);
#13404 = AXIS2_PLACEMENT_3D('',#13405,#13406,#13407);
#13405 = CARTESIAN_POINT('',(1.560240884163,-10.00406284383,0.));
#13406 = DIRECTION('',(-0.174631932517,0.984633783772,0.));
#13407 = DIRECTION('',(0.984633783772,0.174631932517,0.));
#13408 = ADVANCED_FACE('',(#13409),#13420,.F.);
#13409 = FACE_BOUND('',#13410,.F.);
#13410 = EDGE_LOOP('',(#13411,#13412,#13413,#13419));
#13411 = ORIENTED_EDGE('',*,*,#13380,.T.);
#13412 = ORIENTED_EDGE('',*,*,#5753,.T.);
#13413 = ORIENTED_EDGE('',*,*,#13414,.F.);
#13414 = EDGE_CURVE('',#1022,#5754,#13415,.T.);
#13415 = LINE('',#13416,#13417);
#13416 = CARTESIAN_POINT('',(5.611268890001,10.326767993003,0.));
#13417 = VECTOR('',#13418,1.);
#13418 = DIRECTION('',(0.,0.,1.));
#13419 = ORIENTED_EDGE('',*,*,#1021,.F.);
#13420 = PLANE('',#13421);
#13421 = AXIS2_PLACEMENT_3D('',#13422,#13423,#13424);
#13422 = CARTESIAN_POINT('',(5.572437761676,10.167010911707,0.));
#13423 = DIRECTION('',(-0.971707682117,0.236186749235,0.));
#13424 = DIRECTION('',(0.236186749235,0.971707682117,0.));
#13425 = ADVANCED_FACE('',(#13426),#13437,.F.);
#13426 = FACE_BOUND('',#13427,.F.);
#13427 = EDGE_LOOP('',(#13428,#13434,#13435,#13436));
#13428 = ORIENTED_EDGE('',*,*,#13429,.T.);
#13429 = EDGE_CURVE('',#3918,#8650,#13430,.T.);
#13430 = LINE('',#13431,#13432);
#13431 = CARTESIAN_POINT('',(1.14248798769,-10.06033529252,0.));
#13432 = VECTOR('',#13433,1.);
#13433 = DIRECTION('',(0.,0.,1.));
#13434 = ORIENTED_EDGE('',*,*,#8657,.T.);
#13435 = ORIENTED_EDGE('',*,*,#13395,.F.);
#13436 = ORIENTED_EDGE('',*,*,#3925,.F.);
#13437 = PLANE('',#13438);
#13438 = AXIS2_PLACEMENT_3D('',#13439,#13440,#13441);
#13439 = CARTESIAN_POINT('',(1.14248798769,-10.06033529252,0.));
#13440 = DIRECTION('',(-0.133497018349,0.991049214768,0.));
#13441 = DIRECTION('',(0.991049214768,0.133497018349,0.));
#13442 = ADVANCED_FACE('',(#13443),#13454,.F.);
#13443 = FACE_BOUND('',#13444,.F.);
#13444 = EDGE_LOOP('',(#13445,#13446,#13447,#13453));
#13445 = ORIENTED_EDGE('',*,*,#13414,.T.);
#13446 = ORIENTED_EDGE('',*,*,#5761,.T.);
#13447 = ORIENTED_EDGE('',*,*,#13448,.F.);
#13448 = EDGE_CURVE('',#1030,#5762,#13449,.T.);
#13449 = LINE('',#13450,#13451);
#13450 = CARTESIAN_POINT('',(5.642436491213,10.490478826,0.));
#13451 = VECTOR('',#13452,1.);
#13452 = DIRECTION('',(0.,0.,1.));
#13453 = ORIENTED_EDGE('',*,*,#1029,.F.);
#13454 = PLANE('',#13455);
#13455 = AXIS2_PLACEMENT_3D('',#13456,#13457,#13458);
#13456 = CARTESIAN_POINT('',(5.611268890001,10.326767993003,0.));
#13457 = DIRECTION('',(-0.98235556384,0.187022849386,0.));
#13458 = DIRECTION('',(0.187022849386,0.98235556384,0.));
#13459 = ADVANCED_FACE('',(#13460),#13471,.F.);
#13460 = FACE_BOUND('',#13461,.F.);
#13461 = EDGE_LOOP('',(#13462,#13468,#13469,#13470));
#13462 = ORIENTED_EDGE('',*,*,#13463,.T.);
#13463 = EDGE_CURVE('',#3910,#8642,#13464,.T.);
#13464 = LINE('',#13465,#13466);
#13465 = CARTESIAN_POINT('',(1.272398745244,-11.20428235645,0.));
#13466 = VECTOR('',#13467,1.);
#13467 = DIRECTION('',(0.,0.,1.));
#13468 = ORIENTED_EDGE('',*,*,#8649,.T.);
#13469 = ORIENTED_EDGE('',*,*,#13429,.F.);
#13470 = ORIENTED_EDGE('',*,*,#3917,.F.);
#13471 = PLANE('',#13472);
#13472 = AXIS2_PLACEMENT_3D('',#13473,#13474,#13475);
#13473 = CARTESIAN_POINT('',(1.272398745244,-11.20428235645,0.));
#13474 = DIRECTION('',(-0.993613362224,-0.112838319772,0.));
#13475 = DIRECTION('',(-0.112838319772,0.993613362224,0.));
#13476 = ADVANCED_FACE('',(#13477),#13488,.F.);
#13477 = FACE_BOUND('',#13478,.F.);
#13478 = EDGE_LOOP('',(#13479,#13480,#13481,#13487));
#13479 = ORIENTED_EDGE('',*,*,#13448,.T.);
#13480 = ORIENTED_EDGE('',*,*,#5769,.T.);
#13481 = ORIENTED_EDGE('',*,*,#13482,.F.);
#13482 = EDGE_CURVE('',#1038,#5770,#13483,.T.);
#13483 = LINE('',#13484,#13485);
#13484 = CARTESIAN_POINT('',(5.66671614958,10.657616104149,0.));
#13485 = VECTOR('',#13486,1.);
#13486 = DIRECTION('',(0.,0.,1.));
#13487 = ORIENTED_EDGE('',*,*,#1037,.F.);
#13488 = PLANE('',#13489);
#13489 = AXIS2_PLACEMENT_3D('',#13490,#13491,#13492);
#13490 = CARTESIAN_POINT('',(5.642436491213,10.490478826,0.));
#13491 = DIRECTION('',(-0.989612751958,0.143758829861,0.));
#13492 = DIRECTION('',(0.143758829861,0.989612751958,0.));
#13493 = ADVANCED_FACE('',(#13494),#13505,.F.);
#13494 = FACE_BOUND('',#13495,.F.);
#13495 = EDGE_LOOP('',(#13496,#13502,#13503,#13504));
#13496 = ORIENTED_EDGE('',*,*,#13497,.T.);
#13497 = EDGE_CURVE('',#3902,#8634,#13498,.T.);
#13498 = LINE('',#13499,#13500);
#13499 = CARTESIAN_POINT('',(1.272524038201,-11.36411067247,0.));
#13500 = VECTOR('',#13501,1.);
#13501 = DIRECTION('',(0.,0.,1.));
#13502 = ORIENTED_EDGE('',*,*,#8641,.T.);
#13503 = ORIENTED_EDGE('',*,*,#13463,.F.);
#13504 = ORIENTED_EDGE('',*,*,#3909,.F.);
#13505 = PLANE('',#13506);
#13506 = AXIS2_PLACEMENT_3D('',#13507,#13508,#13509);
#13507 = CARTESIAN_POINT('',(1.272524038201,-11.36411067247,0.));
#13508 = DIRECTION('',(-0.999999692733,-7.839219114992E-04,0.));
#13509 = DIRECTION('',(-7.839219114992E-04,0.999999692733,0.));
#13510 = ADVANCED_FACE('',(#13511),#13522,.F.);
#13511 = FACE_BOUND('',#13512,.F.);
#13512 = EDGE_LOOP('',(#13513,#13514,#13515,#13521));
#13513 = ORIENTED_EDGE('',*,*,#13482,.T.);
#13514 = ORIENTED_EDGE('',*,*,#5777,.T.);
#13515 = ORIENTED_EDGE('',*,*,#13516,.F.);
#13516 = EDGE_CURVE('',#1046,#5778,#13517,.T.);
#13517 = LINE('',#13518,#13519);
#13518 = CARTESIAN_POINT('',(5.684598248388,10.82781005805,0.));
#13519 = VECTOR('',#13520,1.);
#13520 = DIRECTION('',(0.,0.,1.));
#13521 = ORIENTED_EDGE('',*,*,#1045,.F.);
#13522 = PLANE('',#13523);
#13523 = AXIS2_PLACEMENT_3D('',#13524,#13525,#13526);
#13524 = CARTESIAN_POINT('',(5.66671614958,10.657616104149,0.));
#13525 = DIRECTION('',(-0.994525543535,0.10449374745,0.));
#13526 = DIRECTION('',(0.10449374745,0.994525543535,0.));
#13527 = ADVANCED_FACE('',(#13528),#13539,.F.);
#13528 = FACE_BOUND('',#13529,.F.);
#13529 = EDGE_LOOP('',(#13530,#13536,#13537,#13538));
#13530 = ORIENTED_EDGE('',*,*,#13531,.T.);
#13531 = EDGE_CURVE('',#3894,#8626,#13532,.T.);
#13532 = LINE('',#13533,#13534);
#13533 = CARTESIAN_POINT('',(1.25751456162,-11.52557289742,0.));
#13534 = VECTOR('',#13535,1.);
#13535 = DIRECTION('',(0.,0.,1.));
#13536 = ORIENTED_EDGE('',*,*,#8633,.T.);
#13537 = ORIENTED_EDGE('',*,*,#13497,.F.);
#13538 = ORIENTED_EDGE('',*,*,#3901,.F.);
#13539 = PLANE('',#13540);
#13540 = AXIS2_PLACEMENT_3D('',#13541,#13542,#13543);
#13541 = CARTESIAN_POINT('',(1.25751456162,-11.52557289742,0.));
#13542 = DIRECTION('',(-0.995707052239,9.256060782806E-02,0.));
#13543 = DIRECTION('',(9.256060782806E-02,0.995707052239,0.));
#13544 = ADVANCED_FACE('',(#13545),#13556,.F.);
#13545 = FACE_BOUND('',#13546,.F.);
#13546 = EDGE_LOOP('',(#13547,#13548,#13549,#13555));
#13547 = ORIENTED_EDGE('',*,*,#13516,.T.);
#13548 = ORIENTED_EDGE('',*,*,#5785,.T.);
#13549 = ORIENTED_EDGE('',*,*,#13550,.F.);
#13550 = EDGE_CURVE('',#1054,#5786,#13551,.T.);
#13551 = LINE('',#13552,#13553);
#13552 = CARTESIAN_POINT('',(5.696418777643,11.000776042271,0.));
#13553 = VECTOR('',#13554,1.);
#13554 = DIRECTION('',(0.,0.,1.));
#13555 = ORIENTED_EDGE('',*,*,#1053,.F.);
#13556 = PLANE('',#13557);
#13557 = AXIS2_PLACEMENT_3D('',#13558,#13559,#13560);
#13558 = CARTESIAN_POINT('',(5.684598248388,10.82781005805,0.));
#13559 = DIRECTION('',(-0.99767295678,6.818116536717E-02,0.));
#13560 = DIRECTION('',(6.818116536717E-02,0.99767295678,0.));
#13561 = ADVANCED_FACE('',(#13562),#13573,.F.);
#13562 = FACE_BOUND('',#13563,.F.);
#13563 = EDGE_LOOP('',(#13564,#13570,#13571,#13572));
#13564 = ORIENTED_EDGE('',*,*,#13565,.T.);
#13565 = EDGE_CURVE('',#3886,#8618,#13566,.T.);
#13566 = LINE('',#13567,#13568);
#13567 = CARTESIAN_POINT('',(1.232253458089,-11.68802922447,0.));
#13568 = VECTOR('',#13569,1.);
#13569 = DIRECTION('',(0.,0.,1.));
#13570 = ORIENTED_EDGE('',*,*,#8625,.T.);
#13571 = ORIENTED_EDGE('',*,*,#13531,.F.);
#13572 = ORIENTED_EDGE('',*,*,#3893,.F.);
#13573 = PLANE('',#13574);
#13574 = AXIS2_PLACEMENT_3D('',#13575,#13576,#13577);
#13575 = CARTESIAN_POINT('',(1.232253458089,-11.68802922447,0.));
#13576 = DIRECTION('',(-0.988125594969,0.15364832758,0.));
#13577 = DIRECTION('',(0.15364832758,0.988125594969,0.));
#13578 = ADVANCED_FACE('',(#13579),#13590,.F.);
#13579 = FACE_BOUND('',#13580,.F.);
#13580 = EDGE_LOOP('',(#13581,#13582,#13583,#13589));
#13581 = ORIENTED_EDGE('',*,*,#13550,.T.);
#13582 = ORIENTED_EDGE('',*,*,#5793,.T.);
#13583 = ORIENTED_EDGE('',*,*,#13584,.F.);
#13584 = EDGE_CURVE('',#1062,#5794,#13585,.T.);
#13585 = LINE('',#13586,#13587);
#13586 = CARTESIAN_POINT('',(5.702419628077,11.176281174872,0.));
#13587 = VECTOR('',#13588,1.);
#13588 = DIRECTION('',(0.,0.,1.));
#13589 = ORIENTED_EDGE('',*,*,#1061,.F.);
#13590 = PLANE('',#13591);
#13591 = AXIS2_PLACEMENT_3D('',#13592,#13593,#13594);
#13592 = CARTESIAN_POINT('',(5.696418777643,11.000776042271,0.));
#13593 = DIRECTION('',(-0.999415969707,3.417191091089E-02,0.));
#13594 = DIRECTION('',(3.417191091089E-02,0.999415969707,0.));
#13595 = ADVANCED_FACE('',(#13596),#13607,.F.);
#13596 = FACE_BOUND('',#13597,.F.);
#13597 = EDGE_LOOP('',(#13598,#13604,#13605,#13606));
#13598 = ORIENTED_EDGE('',*,*,#13599,.T.);
#13599 = EDGE_CURVE('',#3878,#8610,#13600,.T.);
#13600 = LINE('',#13601,#13602);
#13601 = CARTESIAN_POINT('',(1.19839914344,-11.85120563694,0.));
#13602 = VECTOR('',#13603,1.);
#13603 = DIRECTION('',(0.,0.,1.));
#13604 = ORIENTED_EDGE('',*,*,#8617,.T.);
#13605 = ORIENTED_EDGE('',*,*,#13565,.F.);
#13606 = ORIENTED_EDGE('',*,*,#3885,.F.);
#13607 = PLANE('',#13608);
#13608 = AXIS2_PLACEMENT_3D('',#13609,#13610,#13611);
#13609 = CARTESIAN_POINT('',(1.19839914344,-11.85120563694,0.));
#13610 = DIRECTION('',(-0.979148745014,0.203144616314,0.));
#13611 = DIRECTION('',(0.203144616314,0.979148745014,0.));
#13612 = ADVANCED_FACE('',(#13613),#13624,.F.);
#13613 = FACE_BOUND('',#13614,.F.);
#13614 = EDGE_LOOP('',(#13615,#13616,#13617,#13623));
#13615 = ORIENTED_EDGE('',*,*,#13584,.T.);
#13616 = ORIENTED_EDGE('',*,*,#5801,.T.);
#13617 = ORIENTED_EDGE('',*,*,#13618,.F.);
#13618 = EDGE_CURVE('',#1070,#5802,#13619,.T.);
#13619 = LINE('',#13620,#13621);
#13620 = CARTESIAN_POINT('',(5.702780774814,11.354126545409,0.));
#13621 = VECTOR('',#13622,1.);
#13622 = DIRECTION('',(0.,0.,1.));
#13623 = ORIENTED_EDGE('',*,*,#1069,.F.);
#13624 = PLANE('',#13625);
#13625 = AXIS2_PLACEMENT_3D('',#13626,#13627,#13628);
#13626 = CARTESIAN_POINT('',(5.702419628077,11.176281174872,0.));
#13627 = DIRECTION('',(-0.999997938179,2.03067412486E-03,0.));
#13628 = DIRECTION('',(2.03067412486E-03,0.999997938179,0.));
#13629 = ADVANCED_FACE('',(#13630),#13641,.F.);
#13630 = FACE_BOUND('',#13631,.F.);
#13631 = EDGE_LOOP('',(#13632,#13638,#13639,#13640));
#13632 = ORIENTED_EDGE('',*,*,#13633,.T.);
#13633 = EDGE_CURVE('',#3870,#8602,#13634,.T.);
#13634 = LINE('',#13635,#13636);
#13635 = CARTESIAN_POINT('',(1.156869955583,-12.01491177034,0.));
#13636 = VECTOR('',#13637,1.);
#13637 = DIRECTION('',(0.,0.,1.));
#13638 = ORIENTED_EDGE('',*,*,#8609,.T.);
#13639 = ORIENTED_EDGE('',*,*,#13599,.F.);
#13640 = ORIENTED_EDGE('',*,*,#3877,.F.);
#13641 = PLANE('',#13642);
#13642 = AXIS2_PLACEMENT_3D('',#13643,#13644,#13645);
#13643 = CARTESIAN_POINT('',(1.156869955583,-12.01491177034,0.));
#13644 = DIRECTION('',(-0.96929708909,0.245892564105,0.));
#13645 = DIRECTION('',(0.245892564105,0.96929708909,0.));
#13646 = ADVANCED_FACE('',(#13647),#13658,.F.);
#13647 = FACE_BOUND('',#13648,.F.);
#13648 = EDGE_LOOP('',(#13649,#13650,#13651,#13657));
#13649 = ORIENTED_EDGE('',*,*,#13618,.T.);
#13650 = ORIENTED_EDGE('',*,*,#5809,.T.);
#13651 = ORIENTED_EDGE('',*,*,#13652,.F.);
#13652 = EDGE_CURVE('',#1078,#5810,#13653,.T.);
#13653 = LINE('',#13654,#13655);
#13654 = CARTESIAN_POINT('',(5.697639214646,11.534136759333,0.));
#13655 = VECTOR('',#13656,1.);
#13656 = DIRECTION('',(0.,0.,1.));
#13657 = ORIENTED_EDGE('',*,*,#1077,.F.);
#13658 = PLANE('',#13659);
#13659 = AXIS2_PLACEMENT_3D('',#13660,#13661,#13662);
#13660 = CARTESIAN_POINT('',(5.702780774814,11.354126545409,0.));
#13661 = DIRECTION('',(-0.99959233829,-2.855095851752E-02,0.));
#13662 = DIRECTION('',(-2.855095851752E-02,0.99959233829,0.));
#13663 = ADVANCED_FACE('',(#13664),#13675,.F.);
#13664 = FACE_BOUND('',#13665,.F.);
#13665 = EDGE_LOOP('',(#13666,#13672,#13673,#13674));
#13666 = ORIENTED_EDGE('',*,*,#13667,.T.);
#13667 = EDGE_CURVE('',#3862,#8594,#13668,.T.);
#13668 = LINE('',#13669,#13670);
#13669 = CARTESIAN_POINT('',(1.108260454223,-12.17899366386,0.));
#13670 = VECTOR('',#13671,1.);
#13671 = DIRECTION('',(0.,0.,1.));
#13672 = ORIENTED_EDGE('',*,*,#8601,.T.);
#13673 = ORIENTED_EDGE('',*,*,#13633,.F.);
#13674 = ORIENTED_EDGE('',*,*,#3869,.F.);
#13675 = PLANE('',#13676);
#13676 = AXIS2_PLACEMENT_3D('',#13677,#13678,#13679);
#13677 = CARTESIAN_POINT('',(1.108260454223,-12.17899366386,0.));
#13678 = DIRECTION('',(-0.958809820167,0.284048814031,0.));
#13679 = DIRECTION('',(0.284048814031,0.958809820167,0.));
#13680 = ADVANCED_FACE('',(#13681),#13692,.F.);
#13681 = FACE_BOUND('',#13682,.F.);
#13682 = EDGE_LOOP('',(#13683,#13684,#13685,#13691));
#13683 = ORIENTED_EDGE('',*,*,#13652,.T.);
#13684 = ORIENTED_EDGE('',*,*,#5817,.T.);
#13685 = ORIENTED_EDGE('',*,*,#13686,.F.);
#13686 = EDGE_CURVE('',#1086,#5818,#13687,.T.);
#13687 = LINE('',#13688,#13689);
#13688 = CARTESIAN_POINT('',(5.687100918268,11.716153351057,0.));
#13689 = VECTOR('',#13690,1.);
#13690 = DIRECTION('',(0.,0.,1.));
#13691 = ORIENTED_EDGE('',*,*,#1085,.F.);
#13692 = PLANE('',#13693);
#13693 = AXIS2_PLACEMENT_3D('',#13694,#13695,#13696);
#13694 = CARTESIAN_POINT('',(5.697639214646,11.534136759333,0.));
#13695 = DIRECTION('',(-0.998328144702,-5.780065307348E-02,0.));
#13696 = DIRECTION('',(-5.780065307348E-02,0.998328144702,0.));
#13697 = ADVANCED_FACE('',(#13698),#13709,.F.);
#13698 = FACE_BOUND('',#13699,.F.);
#13699 = EDGE_LOOP('',(#13700,#13706,#13707,#13708));
#13700 = ORIENTED_EDGE('',*,*,#13701,.T.);
#13701 = EDGE_CURVE('',#3854,#8586,#13702,.T.);
#13702 = LINE('',#13703,#13704);
#13703 = CARTESIAN_POINT('',(1.052989982741,-12.34331691721,0.));
#13704 = VECTOR('',#13705,1.);
#13705 = DIRECTION('',(0.,0.,1.));
#13706 = ORIENTED_EDGE('',*,*,#8593,.T.);
#13707 = ORIENTED_EDGE('',*,*,#13667,.F.);
#13708 = ORIENTED_EDGE('',*,*,#3861,.F.);
#13709 = PLANE('',#13710);
#13710 = AXIS2_PLACEMENT_3D('',#13711,#13712,#13713);
#13711 = CARTESIAN_POINT('',(1.052989982741,-12.34331691721,0.));
#13712 = DIRECTION('',(-0.947821427294,0.318801728293,0.));
#13713 = DIRECTION('',(0.318801728293,0.947821427294,0.));
#13714 = ADVANCED_FACE('',(#13715),#13726,.F.);
#13715 = FACE_BOUND('',#13716,.F.);
#13716 = EDGE_LOOP('',(#13717,#13718,#13719,#13725));
#13717 = ORIENTED_EDGE('',*,*,#13686,.T.);
#13718 = ORIENTED_EDGE('',*,*,#5825,.T.);
#13719 = ORIENTED_EDGE('',*,*,#13720,.F.);
#13720 = EDGE_CURVE('',#1094,#5826,#13721,.T.);
#13721 = LINE('',#13722,#13723);
#13722 = CARTESIAN_POINT('',(5.671248785629,11.900030410743,0.));
#13723 = VECTOR('',#13724,1.);
#13724 = DIRECTION('',(0.,0.,1.));
#13725 = ORIENTED_EDGE('',*,*,#1093,.F.);
#13726 = PLANE('',#13727);
#13727 = AXIS2_PLACEMENT_3D('',#13728,#13729,#13730);
#13728 = CARTESIAN_POINT('',(5.687100918268,11.716153351057,0.));
#13729 = DIRECTION('',(-0.996304462043,-8.589190249036E-02,0.));
#13730 = DIRECTION('',(-8.589190249036E-02,0.996304462043,0.));
#13731 = ADVANCED_FACE('',(#13732),#13743,.F.);
#13732 = FACE_BOUND('',#13733,.F.);
#13733 = EDGE_LOOP('',(#13734,#13740,#13741,#13742));
#13734 = ORIENTED_EDGE('',*,*,#13735,.T.);
#13735 = EDGE_CURVE('',#3846,#8578,#13736,.T.);
#13736 = LINE('',#13737,#13738);
#13737 = CARTESIAN_POINT('',(0.991371139094,-12.50775894311,0.));
#13738 = VECTOR('',#13739,1.);
#13739 = DIRECTION('',(0.,0.,1.));
#13740 = ORIENTED_EDGE('',*,*,#8585,.T.);
#13741 = ORIENTED_EDGE('',*,*,#13701,.F.);
#13742 = ORIENTED_EDGE('',*,*,#3853,.F.);
#13743 = PLANE('',#13744);
#13744 = AXIS2_PLACEMENT_3D('',#13745,#13746,#13747);
#13745 = CARTESIAN_POINT('',(0.991371139094,-12.50775894311,0.));
#13746 = DIRECTION('',(-0.936416983035,0.35088920457,0.));
#13747 = DIRECTION('',(0.35088920457,0.936416983035,0.));
#13748 = ADVANCED_FACE('',(#13749),#13760,.F.);
#13749 = FACE_BOUND('',#13750,.F.);
#13750 = EDGE_LOOP('',(#13751,#13752,#13753,#13759));
#13751 = ORIENTED_EDGE('',*,*,#13720,.T.);
#13752 = ORIENTED_EDGE('',*,*,#5833,.T.);
#13753 = ORIENTED_EDGE('',*,*,#13754,.F.);
#13754 = EDGE_CURVE('',#1102,#5834,#13755,.T.);
#13755 = LINE('',#13756,#13757);
#13756 = CARTESIAN_POINT('',(5.650148167032,12.085631559377,0.));
#13757 = VECTOR('',#13758,1.);
#13758 = DIRECTION('',(0.,0.,1.));
#13759 = ORIENTED_EDGE('',*,*,#1101,.F.);
#13760 = PLANE('',#13761);
#13761 = AXIS2_PLACEMENT_3D('',#13762,#13763,#13764);
#13762 = CARTESIAN_POINT('',(5.671248785629,11.900030410743,0.));
#13763 = DIRECTION('',(-0.993599500491,-0.112960314374,0.));
#13764 = DIRECTION('',(-0.112960314374,0.993599500491,0.));
#13765 = ADVANCED_FACE('',(#13766),#13777,.F.);
#13766 = FACE_BOUND('',#13767,.F.);
#13767 = EDGE_LOOP('',(#13768,#13774,#13775,#13776));
#13768 = ORIENTED_EDGE('',*,*,#13769,.T.);
#13769 = EDGE_CURVE('',#3838,#8570,#13770,.T.);
#13770 = LINE('',#13771,#13772);
#13771 = CARTESIAN_POINT('',(0.923646318345,-12.67220484577,0.));
#13772 = VECTOR('',#13773,1.);
#13773 = DIRECTION('',(0.,0.,1.));
#13774 = ORIENTED_EDGE('',*,*,#8577,.T.);
#13775 = ORIENTED_EDGE('',*,*,#13735,.F.);
#13776 = ORIENTED_EDGE('',*,*,#3845,.F.);
#13777 = PLANE('',#13778);
#13778 = AXIS2_PLACEMENT_3D('',#13779,#13780,#13781);
#13779 = CARTESIAN_POINT('',(0.923646318345,-12.67220484577,0.));
#13780 = DIRECTION('',(-0.924654732981,0.380806545079,0.));
#13781 = DIRECTION('',(0.380806545079,0.924654732981,0.));
#13782 = ADVANCED_FACE('',(#13783),#13794,.F.);
#13783 = FACE_BOUND('',#13784,.F.);
#13784 = EDGE_LOOP('',(#13785,#13786,#13787,#13793));
#13785 = ORIENTED_EDGE('',*,*,#13754,.T.);
#13786 = ORIENTED_EDGE('',*,*,#5841,.T.);
#13787 = ORIENTED_EDGE('',*,*,#13788,.F.);
#13788 = EDGE_CURVE('',#1110,#5842,#13789,.T.);
#13789 = LINE('',#13790,#13791);
#13790 = CARTESIAN_POINT('',(5.623850826635,12.272827786609,0.));
#13791 = VECTOR('',#13792,1.);
#13792 = DIRECTION('',(0.,0.,1.));
#13793 = ORIENTED_EDGE('',*,*,#1109,.F.);
#13794 = PLANE('',#13795);
#13795 = AXIS2_PLACEMENT_3D('',#13796,#13797,#13798);
#13796 = CARTESIAN_POINT('',(5.650148167032,12.085631559377,0.));
#13797 = DIRECTION('',(-0.990276359122,-0.139114099083,0.));
#13798 = DIRECTION('',(-0.139114099083,0.990276359122,0.));
#13799 = ADVANCED_FACE('',(#13800),#13811,.F.);
#13800 = FACE_BOUND('',#13801,.F.);
#13801 = EDGE_LOOP('',(#13802,#13808,#13809,#13810));
#13802 = ORIENTED_EDGE('',*,*,#13803,.T.);
#13803 = EDGE_CURVE('',#3830,#8562,#13804,.T.);
#13804 = LINE('',#13805,#13806);
#13805 = CARTESIAN_POINT('',(0.850009209616,-12.83654500817,0.));
#13806 = VECTOR('',#13807,1.);
#13807 = DIRECTION('',(0.,0.,1.));
#13808 = ORIENTED_EDGE('',*,*,#8569,.T.);
#13809 = ORIENTED_EDGE('',*,*,#13769,.F.);
#13810 = ORIENTED_EDGE('',*,*,#3837,.F.);
#13811 = PLANE('',#13812);
#13812 = AXIS2_PLACEMENT_3D('',#13813,#13814,#13815);
#13813 = CARTESIAN_POINT('',(0.850009209616,-12.83654500817,0.));
#13814 = DIRECTION('',(-0.912576923398,0.408905073191,0.));
#13815 = DIRECTION('',(0.408905073191,0.912576923398,0.));
#13816 = ADVANCED_FACE('',(#13817),#13828,.F.);
#13817 = FACE_BOUND('',#13818,.F.);
#13818 = EDGE_LOOP('',(#13819,#13820,#13821,#13827));
#13819 = ORIENTED_EDGE('',*,*,#13788,.T.);
#13820 = ORIENTED_EDGE('',*,*,#5849,.T.);
#13821 = ORIENTED_EDGE('',*,*,#13822,.F.);
#13822 = EDGE_CURVE('',#1118,#5850,#13823,.T.);
#13823 = LINE('',#13824,#13825);
#13824 = CARTESIAN_POINT('',(5.319583962594,12.407740586622,0.));
#13825 = VECTOR('',#13826,1.);
#13826 = DIRECTION('',(0.,0.,1.));
#13827 = ORIENTED_EDGE('',*,*,#1117,.F.);
#13828 = PLANE('',#13829);
#13829 = AXIS2_PLACEMENT_3D('',#13830,#13831,#13832);
#13830 = CARTESIAN_POINT('',(5.623850826635,12.272827786609,0.));
#13831 = DIRECTION('',(-0.405343199011,-0.914164586393,0.));
#13832 = DIRECTION('',(-0.914164586393,0.405343199011,0.));
#13833 = ADVANCED_FACE('',(#13834),#13845,.F.);
#13834 = FACE_BOUND('',#13835,.F.);
#13835 = EDGE_LOOP('',(#13836,#13842,#13843,#13844));
#13836 = ORIENTED_EDGE('',*,*,#13837,.T.);
#13837 = EDGE_CURVE('',#3822,#8554,#13838,.T.);
#13838 = LINE('',#13839,#13840);
#13839 = CARTESIAN_POINT('',(0.770618359215,-13.00067358041,0.));
#13840 = VECTOR('',#13841,1.);
#13841 = DIRECTION('',(0.,0.,1.));
#13842 = ORIENTED_EDGE('',*,*,#8561,.T.);
#13843 = ORIENTED_EDGE('',*,*,#13803,.F.);
#13844 = ORIENTED_EDGE('',*,*,#3829,.F.);
#13845 = PLANE('',#13846);
#13846 = AXIS2_PLACEMENT_3D('',#13847,#13848,#13849);
#13847 = CARTESIAN_POINT('',(0.770618359215,-13.00067358041,0.));
#13848 = DIRECTION('',(-0.900215587309,0.435444481382,0.));
#13849 = DIRECTION('',(0.435444481382,0.900215587309,0.));
#13850 = ADVANCED_FACE('',(#13851),#13862,.F.);
#13851 = FACE_BOUND('',#13852,.F.);
#13852 = EDGE_LOOP('',(#13853,#13854,#13855,#13861));
#13853 = ORIENTED_EDGE('',*,*,#13822,.T.);
#13854 = ORIENTED_EDGE('',*,*,#5857,.T.);
#13855 = ORIENTED_EDGE('',*,*,#13856,.F.);
#13856 = EDGE_CURVE('',#1126,#5858,#13857,.T.);
#13857 = LINE('',#13858,#13859);
#13858 = CARTESIAN_POINT('',(5.012083614962,12.535111401046,0.));
#13859 = VECTOR('',#13860,1.);
#13860 = DIRECTION('',(0.,0.,1.));
#13861 = ORIENTED_EDGE('',*,*,#1125,.F.);
#13862 = PLANE('',#13863);
#13863 = AXIS2_PLACEMENT_3D('',#13864,#13865,#13866);
#13864 = CARTESIAN_POINT('',(5.319583962594,12.407740586622,0.));
#13865 = DIRECTION('',(-0.382683432365,-0.923879532511,0.));
#13866 = DIRECTION('',(-0.923879532511,0.382683432365,0.));
#13867 = ADVANCED_FACE('',(#13868),#13879,.F.);
#13868 = FACE_BOUND('',#13869,.F.);
#13869 = EDGE_LOOP('',(#13870,#13876,#13877,#13878));
#13870 = ORIENTED_EDGE('',*,*,#13871,.T.);
#13871 = EDGE_CURVE('',#3814,#8546,#13872,.T.);
#13872 = LINE('',#13873,#13874);
#13873 = CARTESIAN_POINT('',(0.68560619399,-13.16448748382,0.));
#13874 = VECTOR('',#13875,1.);
#13875 = DIRECTION('',(0.,0.,1.));
#13876 = ORIENTED_EDGE('',*,*,#8553,.T.);
#13877 = ORIENTED_EDGE('',*,*,#13837,.F.);
#13878 = ORIENTED_EDGE('',*,*,#3821,.F.);
#13879 = PLANE('',#13880);
#13880 = AXIS2_PLACEMENT_3D('',#13881,#13882,#13883);
#13881 = CARTESIAN_POINT('',(0.68560619399,-13.16448748382,0.));
#13882 = DIRECTION('',(-0.887595892574,0.460622981935,0.));
#13883 = DIRECTION('',(0.460622981935,0.887595892574,0.));
#13884 = ADVANCED_FACE('',(#13885),#13896,.F.);
#13885 = FACE_BOUND('',#13886,.F.);
#13886 = EDGE_LOOP('',(#13887,#13888,#13889,#13895));
#13887 = ORIENTED_EDGE('',*,*,#13856,.T.);
#13888 = ORIENTED_EDGE('',*,*,#5865,.T.);
#13889 = ORIENTED_EDGE('',*,*,#13890,.F.);
#13890 = EDGE_CURVE('',#1134,#5866,#13891,.T.);
#13891 = LINE('',#13892,#13893);
#13892 = CARTESIAN_POINT('',(4.70153669635,12.654862808141,0.));
#13893 = VECTOR('',#13894,1.);
#13894 = DIRECTION('',(0.,0.,1.));
#13895 = ORIENTED_EDGE('',*,*,#1133,.F.);
#13896 = PLANE('',#13897);
#13897 = AXIS2_PLACEMENT_3D('',#13898,#13899,#13900);
#13898 = CARTESIAN_POINT('',(5.012083614962,12.535111401046,0.));
#13899 = DIRECTION('',(-0.359791053431,-0.933032902888,0.));
#13900 = DIRECTION('',(-0.933032902888,0.359791053431,0.));
#13901 = ADVANCED_FACE('',(#13902),#13913,.F.);
#13902 = FACE_BOUND('',#13903,.F.);
#13903 = EDGE_LOOP('',(#13904,#13910,#13911,#13912));
#13904 = ORIENTED_EDGE('',*,*,#13905,.T.);
#13905 = EDGE_CURVE('',#3806,#8538,#13906,.T.);
#13906 = LINE('',#13907,#13908);
#13907 = CARTESIAN_POINT('',(0.595085279735,-13.32788572911,0.));
#13908 = VECTOR('',#13909,1.);
#13909 = DIRECTION('',(0.,0.,1.));
#13910 = ORIENTED_EDGE('',*,*,#8545,.T.);
#13911 = ORIENTED_EDGE('',*,*,#13871,.F.);
#13912 = ORIENTED_EDGE('',*,*,#3813,.F.);
#13913 = PLANE('',#13914);
#13914 = AXIS2_PLACEMENT_3D('',#13915,#13916,#13917);
#13915 = CARTESIAN_POINT('',(0.595085279735,-13.32788572911,0.));
#13916 = DIRECTION('',(-0.874738201192,0.48459578968,0.));
#13917 = DIRECTION('',(0.48459578968,0.874738201192,0.));
#13918 = ADVANCED_FACE('',(#13919),#13930,.F.);
#13919 = FACE_BOUND('',#13920,.F.);
#13920 = EDGE_LOOP('',(#13921,#13922,#13923,#13929));
#13921 = ORIENTED_EDGE('',*,*,#13890,.T.);
#13922 = ORIENTED_EDGE('',*,*,#5873,.T.);
#13923 = ORIENTED_EDGE('',*,*,#13924,.F.);
#13924 = EDGE_CURVE('',#1142,#5874,#13925,.T.);
#13925 = LINE('',#13926,#13927);
#13926 = CARTESIAN_POINT('',(4.55057394694,12.541090114175,0.));
#13927 = VECTOR('',#13928,1.);
#13928 = DIRECTION('',(0.,0.,1.));
#13929 = ORIENTED_EDGE('',*,*,#1141,.F.);
#13930 = PLANE('',#13931);
#13931 = AXIS2_PLACEMENT_3D('',#13932,#13933,#13934);
#13932 = CARTESIAN_POINT('',(4.70153669635,12.654862808141,0.));
#13933 = DIRECTION('',(0.601862605964,-0.798599651604,0.));
#13934 = DIRECTION('',(-0.798599651604,-0.601862605964,0.));
#13935 = ADVANCED_FACE('',(#13936),#13947,.F.);
#13936 = FACE_BOUND('',#13937,.F.);
#13937 = EDGE_LOOP('',(#13938,#13944,#13945,#13946));
#13938 = ORIENTED_EDGE('',*,*,#13939,.T.);
#13939 = EDGE_CURVE('',#3798,#8530,#13940,.T.);
#13940 = LINE('',#13941,#13942);
#13941 = CARTESIAN_POINT('',(0.49915281042,-13.49076893553,0.));
#13942 = VECTOR('',#13943,1.);
#13943 = DIRECTION('',(0.,0.,1.));
#13944 = ORIENTED_EDGE('',*,*,#8537,.T.);
#13945 = ORIENTED_EDGE('',*,*,#13905,.F.);
#13946 = ORIENTED_EDGE('',*,*,#3805,.F.);
#13947 = PLANE('',#13948);
#13948 = AXIS2_PLACEMENT_3D('',#13949,#13950,#13951);
#13949 = CARTESIAN_POINT('',(0.49915281042,-13.49076893553,0.));
#13950 = DIRECTION('',(-0.861659398795,0.507487024925,0.));
#13951 = DIRECTION('',(0.507487024925,0.861659398795,0.));
#13952 = ADVANCED_FACE('',(#13953),#13964,.F.);
#13953 = FACE_BOUND('',#13954,.F.);
#13954 = EDGE_LOOP('',(#13955,#13956,#13957,#13963));
#13955 = ORIENTED_EDGE('',*,*,#13924,.T.);
#13956 = ORIENTED_EDGE('',*,*,#5881,.T.);
#13957 = ORIENTED_EDGE('',*,*,#13958,.F.);
#13958 = EDGE_CURVE('',#1150,#5882,#13959,.T.);
#13959 = LINE('',#13960,#13961);
#13960 = CARTESIAN_POINT('',(4.404413725648,12.424770673877,0.));
#13961 = VECTOR('',#13962,1.);
#13962 = DIRECTION('',(0.,0.,1.));
#13963 = ORIENTED_EDGE('',*,*,#1149,.F.);
#13964 = PLANE('',#13965);
#13965 = AXIS2_PLACEMENT_3D('',#13966,#13967,#13968);
#13966 = CARTESIAN_POINT('',(4.55057394694,12.541090114175,0.));
#13967 = DIRECTION('',(0.622705940282,-0.78245594888,0.));
#13968 = DIRECTION('',(-0.78245594888,-0.622705940282,0.));
#13969 = ADVANCED_FACE('',(#13970),#13981,.F.);
#13970 = FACE_BOUND('',#13971,.F.);
#13971 = EDGE_LOOP('',(#13972,#13978,#13979,#13980));
#13972 = ORIENTED_EDGE('',*,*,#13973,.T.);
#13973 = EDGE_CURVE('',#3790,#8522,#13974,.T.);
#13974 = LINE('',#13975,#13976);
#13975 = CARTESIAN_POINT('',(0.166417988932,-13.49897422225,0.));
#13976 = VECTOR('',#13977,1.);
#13977 = DIRECTION('',(0.,0.,1.));
#13978 = ORIENTED_EDGE('',*,*,#8529,.T.);
#13979 = ORIENTED_EDGE('',*,*,#13939,.F.);
#13980 = ORIENTED_EDGE('',*,*,#3797,.F.);
#13981 = PLANE('',#13982);
#13982 = AXIS2_PLACEMENT_3D('',#13983,#13984,#13985);
#13983 = CARTESIAN_POINT('',(0.166417988932,-13.49897422225,0.));
#13984 = DIRECTION('',(-2.465264354143E-02,0.999696077399,0.));
#13985 = DIRECTION('',(0.999696077399,2.465264354143E-02,0.));
#13986 = ADVANCED_FACE('',(#13987),#13998,.F.);
#13987 = FACE_BOUND('',#13988,.F.);
#13988 = EDGE_LOOP('',(#13989,#13990,#13991,#13997));
#13989 = ORIENTED_EDGE('',*,*,#13958,.T.);
#13990 = ORIENTED_EDGE('',*,*,#5889,.T.);
#13991 = ORIENTED_EDGE('',*,*,#13992,.F.);
#13992 = EDGE_CURVE('',#1158,#5890,#13993,.T.);
#13993 = LINE('',#13994,#13995);
#13994 = CARTESIAN_POINT('',(4.263183859355,12.305959108553,0.));
#13995 = VECTOR('',#13996,1.);
#13996 = DIRECTION('',(0.,0.,1.));
#13997 = ORIENTED_EDGE('',*,*,#1157,.F.);
#13998 = PLANE('',#13999);
#13999 = AXIS2_PLACEMENT_3D('',#14000,#14001,#14002);
#14000 = CARTESIAN_POINT('',(4.404413725648,12.424770673877,0.));
#14001 = DIRECTION('',(0.643758894537,-0.765228387937,0.));
#14002 = DIRECTION('',(-0.765228387937,-0.643758894537,0.));
#14003 = ADVANCED_FACE('',(#14004),#14015,.F.);
#14004 = FACE_BOUND('',#14005,.F.);
#14005 = EDGE_LOOP('',(#14006,#14012,#14013,#14014));
#14006 = ORIENTED_EDGE('',*,*,#14007,.T.);
#14007 = EDGE_CURVE('',#3782,#8514,#14008,.T.);
#14008 = LINE('',#14009,#14010);
#14009 = CARTESIAN_POINT('',(-0.166417988932,-13.49897422225,0.));
#14010 = VECTOR('',#14011,1.);
#14011 = DIRECTION('',(0.,0.,1.));
#14012 = ORIENTED_EDGE('',*,*,#8521,.T.);
#14013 = ORIENTED_EDGE('',*,*,#13973,.F.);
#14014 = ORIENTED_EDGE('',*,*,#3789,.F.);
#14015 = PLANE('',#14016);
#14016 = AXIS2_PLACEMENT_3D('',#14017,#14018,#14019);
#14017 = CARTESIAN_POINT('',(-0.166417988932,-13.49897422225,0.));
#14018 = DIRECTION('',(0.,1.,0.));
#14019 = DIRECTION('',(1.,0.,0.));
#14020 = ADVANCED_FACE('',(#14021),#14032,.F.);
#14021 = FACE_BOUND('',#14022,.F.);
#14022 = EDGE_LOOP('',(#14023,#14024,#14025,#14031));
#14023 = ORIENTED_EDGE('',*,*,#13992,.T.);
#14024 = ORIENTED_EDGE('',*,*,#5897,.T.);
#14025 = ORIENTED_EDGE('',*,*,#14026,.F.);
#14026 = EDGE_CURVE('',#1166,#5898,#14027,.T.);
#14027 = LINE('',#14028,#14029);
#14028 = CARTESIAN_POINT('',(4.127026992226,12.184705643088,0.));
#14029 = VECTOR('',#14030,1.);
#14030 = DIRECTION('',(0.,0.,1.));
#14031 = ORIENTED_EDGE('',*,*,#1165,.F.);
#14032 = PLANE('',#14033);
#14033 = AXIS2_PLACEMENT_3D('',#14034,#14035,#14036);
#14034 = CARTESIAN_POINT('',(4.263183859355,12.305959108553,0.));
#14035 = DIRECTION('',(0.665053367223,-0.746795834713,0.));
#14036 = DIRECTION('',(-0.746795834713,-0.665053367223,0.));
#14037 = ADVANCED_FACE('',(#14038),#14049,.F.);
#14038 = FACE_BOUND('',#14039,.F.);
#14039 = EDGE_LOOP('',(#14040,#14046,#14047,#14048));
#14040 = ORIENTED_EDGE('',*,*,#14041,.T.);
#14041 = EDGE_CURVE('',#3774,#8506,#14042,.T.);
#14042 = LINE('',#14043,#14044);
#14043 = CARTESIAN_POINT('',(-0.49915281042,-13.49076893553,0.));
#14044 = VECTOR('',#14045,1.);
#14045 = DIRECTION('',(0.,0.,1.));
#14046 = ORIENTED_EDGE('',*,*,#8513,.T.);
#14047 = ORIENTED_EDGE('',*,*,#14007,.F.);
#14048 = ORIENTED_EDGE('',*,*,#3781,.F.);
#14049 = PLANE('',#14050);
#14050 = AXIS2_PLACEMENT_3D('',#14051,#14052,#14053);
#14051 = CARTESIAN_POINT('',(-0.49915281042,-13.49076893553,0.));
#14052 = DIRECTION('',(2.465264354143E-02,0.999696077399,-0.));
#14053 = DIRECTION('',(0.999696077399,-2.465264354143E-02,0.));
#14054 = ADVANCED_FACE('',(#14055),#14066,.F.);
#14055 = FACE_BOUND('',#14056,.F.);
#14056 = EDGE_LOOP('',(#14057,#14058,#14059,#14065));
#14057 = ORIENTED_EDGE('',*,*,#14026,.T.);
#14058 = ORIENTED_EDGE('',*,*,#5905,.T.);
#14059 = ORIENTED_EDGE('',*,*,#14060,.F.);
#14060 = EDGE_CURVE('',#1174,#5906,#14061,.T.);
#14061 = LINE('',#14062,#14063);
#14062 = CARTESIAN_POINT('',(3.996104917217,12.0610548322,0.));
#14063 = VECTOR('',#14064,1.);
#14064 = DIRECTION('',(0.,0.,1.));
#14065 = ORIENTED_EDGE('',*,*,#1173,.F.);
#14066 = PLANE('',#14067);
#14067 = AXIS2_PLACEMENT_3D('',#14068,#14069,#14070);
#14068 = CARTESIAN_POINT('',(4.127026992226,12.184705643088,0.));
#14069 = DIRECTION('',(0.68662994445,-0.727007097204,0.));
#14070 = DIRECTION('',(-0.727007097204,-0.68662994445,0.));
#14071 = ADVANCED_FACE('',(#14072),#14083,.F.);
#14072 = FACE_BOUND('',#14073,.F.);
#14073 = EDGE_LOOP('',(#14074,#14080,#14081,#14082));
#14074 = ORIENTED_EDGE('',*,*,#14075,.T.);
#14075 = EDGE_CURVE('',#3766,#8498,#14076,.T.);
#14076 = LINE('',#14077,#14078);
#14077 = CARTESIAN_POINT('',(-0.595085279735,-13.32788572911,0.));
#14078 = VECTOR('',#14079,1.);
#14079 = DIRECTION('',(0.,0.,1.));
#14080 = ORIENTED_EDGE('',*,*,#8505,.T.);
#14081 = ORIENTED_EDGE('',*,*,#14041,.F.);
#14082 = ORIENTED_EDGE('',*,*,#3773,.F.);
#14083 = PLANE('',#14084);
#14084 = AXIS2_PLACEMENT_3D('',#14085,#14086,#14087);
#14085 = CARTESIAN_POINT('',(-0.595085279735,-13.32788572911,0.));
#14086 = DIRECTION('',(0.861659398795,0.507487024925,-0.));
#14087 = DIRECTION('',(0.507487024925,-0.861659398795,0.));
#14088 = ADVANCED_FACE('',(#14089),#14100,.F.);
#14089 = FACE_BOUND('',#14090,.F.);
#14090 = EDGE_LOOP('',(#14091,#14092,#14093,#14099));
#14091 = ORIENTED_EDGE('',*,*,#14060,.T.);
#14092 = ORIENTED_EDGE('',*,*,#5913,.T.);
#14093 = ORIENTED_EDGE('',*,*,#14094,.F.);
#14094 = EDGE_CURVE('',#1182,#5914,#14095,.T.);
#14095 = LINE('',#14096,#14097);
#14096 = CARTESIAN_POINT('',(3.870604619015,11.935043795385,0.));
#14097 = VECTOR('',#14098,1.);
#14098 = DIRECTION('',(0.,0.,1.));
#14099 = ORIENTED_EDGE('',*,*,#1181,.F.);
#14100 = PLANE('',#14101);
#14101 = AXIS2_PLACEMENT_3D('',#14102,#14103,#14104);
#14102 = CARTESIAN_POINT('',(3.996104917217,12.0610548322,0.));
#14103 = DIRECTION('',(0.708541226703,-0.705669419815,0.));
#14104 = DIRECTION('',(-0.705669419815,-0.708541226703,0.));
#14105 = ADVANCED_FACE('',(#14106),#14117,.F.);
#14106 = FACE_BOUND('',#14107,.F.);
#14107 = EDGE_LOOP('',(#14108,#14114,#14115,#14116));
#14108 = ORIENTED_EDGE('',*,*,#14109,.T.);
#14109 = EDGE_CURVE('',#3758,#8490,#14110,.T.);
#14110 = LINE('',#14111,#14112);
#14111 = CARTESIAN_POINT('',(-0.68560619399,-13.16448748382,0.));
#14112 = VECTOR('',#14113,1.);
#14113 = DIRECTION('',(0.,0.,1.));
#14114 = ORIENTED_EDGE('',*,*,#8497,.T.);
#14115 = ORIENTED_EDGE('',*,*,#14075,.F.);
#14116 = ORIENTED_EDGE('',*,*,#3765,.F.);
#14117 = PLANE('',#14118);
#14118 = AXIS2_PLACEMENT_3D('',#14119,#14120,#14121);
#14119 = CARTESIAN_POINT('',(-0.68560619399,-13.16448748382,0.));
#14120 = DIRECTION('',(0.874738201192,0.48459578968,-0.));
#14121 = DIRECTION('',(0.48459578968,-0.874738201192,0.));
#14122 = ADVANCED_FACE('',(#14123),#14134,.F.);
#14123 = FACE_BOUND('',#14124,.F.);
#14124 = EDGE_LOOP('',(#14125,#14126,#14127,#14133));
#14125 = ORIENTED_EDGE('',*,*,#14094,.T.);
#14126 = ORIENTED_EDGE('',*,*,#5921,.T.);
#14127 = ORIENTED_EDGE('',*,*,#14128,.F.);
#14128 = EDGE_CURVE('',#1190,#5922,#14129,.T.);
#14129 = LINE('',#14130,#14131);
#14130 = CARTESIAN_POINT('',(3.750746991655,11.806699683955,0.));
#14131 = VECTOR('',#14132,1.);
#14132 = DIRECTION('',(0.,0.,1.));
#14133 = ORIENTED_EDGE('',*,*,#1189,.F.);
#14134 = PLANE('',#14135);
#14135 = AXIS2_PLACEMENT_3D('',#14136,#14137,#14138);
#14136 = CARTESIAN_POINT('',(3.870604619015,11.935043795385,0.));
#14137 = DIRECTION('',(0.730856999337,-0.682530619475,0.));
#14138 = DIRECTION('',(-0.682530619475,-0.730856999337,0.));
#14139 = ADVANCED_FACE('',(#14140),#14151,.F.);
#14140 = FACE_BOUND('',#14141,.F.);
#14141 = EDGE_LOOP('',(#14142,#14148,#14149,#14150));
#14142 = ORIENTED_EDGE('',*,*,#14143,.T.);
#14143 = EDGE_CURVE('',#3750,#8482,#14144,.T.);
#14144 = LINE('',#14145,#14146);
#14145 = CARTESIAN_POINT('',(-0.770618359216,-13.00067358041,0.));
#14146 = VECTOR('',#14147,1.);
#14147 = DIRECTION('',(0.,0.,1.));
#14148 = ORIENTED_EDGE('',*,*,#8489,.T.);
#14149 = ORIENTED_EDGE('',*,*,#14109,.F.);
#14150 = ORIENTED_EDGE('',*,*,#3757,.F.);
#14151 = PLANE('',#14152);
#14152 = AXIS2_PLACEMENT_3D('',#14153,#14154,#14155);
#14153 = CARTESIAN_POINT('',(-0.770618359216,-13.00067358041,0.));
#14154 = DIRECTION('',(0.887595892574,0.460622981935,-0.));
#14155 = DIRECTION('',(0.460622981935,-0.887595892574,0.));
#14156 = ADVANCED_FACE('',(#14157),#14168,.F.);
#14157 = FACE_BOUND('',#14158,.F.);
#14158 = EDGE_LOOP('',(#14159,#14160,#14161,#14167));
#14159 = ORIENTED_EDGE('',*,*,#14128,.T.);
#14160 = ORIENTED_EDGE('',*,*,#5929,.T.);
#14161 = ORIENTED_EDGE('',*,*,#14162,.F.);
#14162 = EDGE_CURVE('',#1198,#5930,#14163,.T.);
#14163 = LINE('',#14164,#14165);
#14164 = CARTESIAN_POINT('',(3.636799947691,11.676035887203,0.));
#14165 = VECTOR('',#14166,1.);
#14166 = DIRECTION('',(0.,0.,1.));
#14167 = ORIENTED_EDGE('',*,*,#1197,.F.);
#14168 = PLANE('',#14169);
#14169 = AXIS2_PLACEMENT_3D('',#14170,#14171,#14172);
#14170 = CARTESIAN_POINT('',(3.750746991655,11.806699683955,0.));
#14171 = DIRECTION('',(0.753672677526,-0.657249948765,0.));
#14172 = DIRECTION('',(-0.657249948765,-0.753672677526,0.));
#14173 = ADVANCED_FACE('',(#14174),#14185,.F.);
#14174 = FACE_BOUND('',#14175,.F.);
#14175 = EDGE_LOOP('',(#14176,#14182,#14183,#14184));
#14176 = ORIENTED_EDGE('',*,*,#14177,.T.);
#14177 = EDGE_CURVE('',#3742,#8474,#14178,.T.);
#14178 = LINE('',#14179,#14180);
#14179 = CARTESIAN_POINT('',(-0.850009209616,-12.83654500817,0.));
#14180 = VECTOR('',#14181,1.);
#14181 = DIRECTION('',(0.,0.,1.));
#14182 = ORIENTED_EDGE('',*,*,#8481,.T.);
#14183 = ORIENTED_EDGE('',*,*,#14143,.F.);
#14184 = ORIENTED_EDGE('',*,*,#3749,.F.);
#14185 = PLANE('',#14186);
#14186 = AXIS2_PLACEMENT_3D('',#14187,#14188,#14189);
#14187 = CARTESIAN_POINT('',(-0.850009209616,-12.83654500817,0.));
#14188 = DIRECTION('',(0.900215587309,0.435444481382,-0.));
#14189 = DIRECTION('',(0.435444481382,-0.900215587309,0.));
#14190 = ADVANCED_FACE('',(#14191),#14202,.F.);
#14191 = FACE_BOUND('',#14192,.F.);
#14192 = EDGE_LOOP('',(#14193,#14194,#14195,#14201));
#14193 = ORIENTED_EDGE('',*,*,#14162,.T.);
#14194 = ORIENTED_EDGE('',*,*,#5937,.T.);
#14195 = ORIENTED_EDGE('',*,*,#14196,.F.);
#14196 = EDGE_CURVE('',#1206,#5938,#14197,.T.);
#14197 = LINE('',#14198,#14199);
#14198 = CARTESIAN_POINT('',(3.529099202099,11.543046034954,0.));
#14199 = VECTOR('',#14200,1.);
#14200 = DIRECTION('',(0.,0.,1.));
#14201 = ORIENTED_EDGE('',*,*,#1205,.F.);
#14202 = PLANE('',#14203);
#14203 = AXIS2_PLACEMENT_3D('',#14204,#14205,#14206);
#14204 = CARTESIAN_POINT('',(3.636799947691,11.676035887203,0.));
#14205 = DIRECTION('',(0.77712399331,-0.629347518484,0.));
#14206 = DIRECTION('',(-0.629347518484,-0.77712399331,0.));
#14207 = ADVANCED_FACE('',(#14208),#14219,.F.);
#14208 = FACE_BOUND('',#14209,.F.);
#14209 = EDGE_LOOP('',(#14210,#14216,#14217,#14218));
#14210 = ORIENTED_EDGE('',*,*,#14211,.T.);
#14211 = EDGE_CURVE('',#3734,#8466,#14212,.T.);
#14212 = LINE('',#14213,#14214);
#14213 = CARTESIAN_POINT('',(-0.923646318345,-12.67220484577,0.));
#14214 = VECTOR('',#14215,1.);
#14215 = DIRECTION('',(0.,0.,1.));
#14216 = ORIENTED_EDGE('',*,*,#8473,.T.);
#14217 = ORIENTED_EDGE('',*,*,#14177,.F.);
#14218 = ORIENTED_EDGE('',*,*,#3741,.F.);
#14219 = PLANE('',#14220);
#14220 = AXIS2_PLACEMENT_3D('',#14221,#14222,#14223);
#14221 = CARTESIAN_POINT('',(-0.923646318345,-12.67220484577,0.));
#14222 = DIRECTION('',(0.912576923398,0.408905073191,-0.));
#14223 = DIRECTION('',(0.408905073191,-0.912576923398,0.));
#14224 = ADVANCED_FACE('',(#14225),#14236,.F.);
#14225 = FACE_BOUND('',#14226,.F.);
#14226 = EDGE_LOOP('',(#14227,#14228,#14229,#14235));
#14227 = ORIENTED_EDGE('',*,*,#14196,.T.);
#14228 = ORIENTED_EDGE('',*,*,#5945,.T.);
#14229 = ORIENTED_EDGE('',*,*,#14230,.F.);
#14230 = EDGE_CURVE('',#1214,#5946,#14231,.T.);
#14231 = LINE('',#14232,#14233);
#14232 = CARTESIAN_POINT('',(3.428083610407,11.40769382111,0.));
#14233 = VECTOR('',#14234,1.);
#14234 = DIRECTION('',(0.,0.,1.));
#14235 = ORIENTED_EDGE('',*,*,#1213,.F.);
#14236 = PLANE('',#14237);
#14237 = AXIS2_PLACEMENT_3D('',#14238,#14239,#14240);
#14238 = CARTESIAN_POINT('',(3.529099202099,11.543046034954,0.));
#14239 = DIRECTION('',(0.801414731108,-0.598109044208,0.));
#14240 = DIRECTION('',(-0.598109044208,-0.801414731108,0.));
#14241 = ADVANCED_FACE('',(#14242),#14253,.F.);
#14242 = FACE_BOUND('',#14243,.F.);
#14243 = EDGE_LOOP('',(#14244,#14250,#14251,#14252));
#14244 = ORIENTED_EDGE('',*,*,#14245,.T.);
#14245 = EDGE_CURVE('',#3726,#8458,#14246,.T.);
#14246 = LINE('',#14247,#14248);
#14247 = CARTESIAN_POINT('',(-0.991371139094,-12.50775894311,0.));
#14248 = VECTOR('',#14249,1.);
#14249 = DIRECTION('',(0.,0.,1.));
#14250 = ORIENTED_EDGE('',*,*,#8465,.T.);
#14251 = ORIENTED_EDGE('',*,*,#14211,.F.);
#14252 = ORIENTED_EDGE('',*,*,#3733,.F.);
#14253 = PLANE('',#14254);
#14254 = AXIS2_PLACEMENT_3D('',#14255,#14256,#14257);
#14255 = CARTESIAN_POINT('',(-0.991371139094,-12.50775894311,0.));
#14256 = DIRECTION('',(0.924654732981,0.380806545079,-0.));
#14257 = DIRECTION('',(0.380806545079,-0.924654732981,0.));
#14258 = ADVANCED_FACE('',(#14259),#14270,.F.);
#14259 = FACE_BOUND('',#14260,.F.);
#14260 = EDGE_LOOP('',(#14261,#14262,#14263,#14269));
#14261 = ORIENTED_EDGE('',*,*,#14230,.T.);
#14262 = ORIENTED_EDGE('',*,*,#5953,.T.);
#14263 = ORIENTED_EDGE('',*,*,#14264,.F.);
#14264 = EDGE_CURVE('',#1222,#5954,#14265,.T.);
#14265 = LINE('',#14266,#14267);
#14266 = CARTESIAN_POINT('',(3.334361392412,11.269893958773,0.));
#14267 = VECTOR('',#14268,1.);
#14268 = DIRECTION('',(0.,0.,1.));
#14269 = ORIENTED_EDGE('',*,*,#1221,.F.);
#14270 = PLANE('',#14271);
#14271 = AXIS2_PLACEMENT_3D('',#14272,#14273,#14274);
#14272 = CARTESIAN_POINT('',(3.428083610407,11.40769382111,0.));
#14273 = DIRECTION('',(0.826875405765,-0.56238515569,0.));
#14274 = DIRECTION('',(-0.56238515569,-0.826875405765,0.));
#14275 = ADVANCED_FACE('',(#14276),#14287,.F.);
#14276 = FACE_BOUND('',#14277,.F.);
#14277 = EDGE_LOOP('',(#14278,#14284,#14285,#14286));
#14278 = ORIENTED_EDGE('',*,*,#14279,.T.);
#14279 = EDGE_CURVE('',#3718,#8450,#14280,.T.);
#14280 = LINE('',#14281,#14282);
#14281 = CARTESIAN_POINT('',(-1.052989982741,-12.34331691721,0.));
#14282 = VECTOR('',#14283,1.);
#14283 = DIRECTION('',(0.,0.,1.));
#14284 = ORIENTED_EDGE('',*,*,#8457,.T.);
#14285 = ORIENTED_EDGE('',*,*,#14245,.F.);
#14286 = ORIENTED_EDGE('',*,*,#3725,.F.);
#14287 = PLANE('',#14288);
#14288 = AXIS2_PLACEMENT_3D('',#14289,#14290,#14291);
#14289 = CARTESIAN_POINT('',(-1.052989982741,-12.34331691721,0.));
#14290 = DIRECTION('',(0.936416983035,0.35088920457,-0.));
#14291 = DIRECTION('',(0.35088920457,-0.936416983035,0.));
#14292 = ADVANCED_FACE('',(#14293),#14304,.F.);
#14293 = FACE_BOUND('',#14294,.F.);
#14294 = EDGE_LOOP('',(#14295,#14296,#14297,#14303));
#14295 = ORIENTED_EDGE('',*,*,#14264,.T.);
#14296 = ORIENTED_EDGE('',*,*,#5961,.T.);
#14297 = ORIENTED_EDGE('',*,*,#14298,.F.);
#14298 = EDGE_CURVE('',#1230,#5962,#14299,.T.);
#14299 = LINE('',#14300,#14301);
#14300 = CARTESIAN_POINT('',(3.248853831045,11.129470889087,0.));
#14301 = VECTOR('',#14302,1.);
#14302 = DIRECTION('',(0.,0.,1.));
#14303 = ORIENTED_EDGE('',*,*,#1229,.F.);
#14304 = PLANE('',#14305);
#14305 = AXIS2_PLACEMENT_3D('',#14306,#14307,#14308);
#14306 = CARTESIAN_POINT('',(3.334361392412,11.269893958773,0.));
#14307 = DIRECTION('',(0.854110343367,-0.520091839346,0.));
#14308 = DIRECTION('',(-0.520091839346,-0.854110343367,0.));
#14309 = ADVANCED_FACE('',(#14310),#14321,.F.);
#14310 = FACE_BOUND('',#14311,.F.);
#14311 = EDGE_LOOP('',(#14312,#14318,#14319,#14320));
#14312 = ORIENTED_EDGE('',*,*,#14313,.T.);
#14313 = EDGE_CURVE('',#3710,#8442,#14314,.T.);
#14314 = LINE('',#14315,#14316);
#14315 = CARTESIAN_POINT('',(-1.108260454223,-12.17899366386,0.));
#14316 = VECTOR('',#14317,1.);
#14317 = DIRECTION('',(0.,0.,1.));
#14318 = ORIENTED_EDGE('',*,*,#8449,.T.);
#14319 = ORIENTED_EDGE('',*,*,#14279,.F.);
#14320 = ORIENTED_EDGE('',*,*,#3717,.F.);
#14321 = PLANE('',#14322);
#14322 = AXIS2_PLACEMENT_3D('',#14323,#14324,#14325);
#14323 = CARTESIAN_POINT('',(-1.108260454223,-12.17899366386,0.));
#14324 = DIRECTION('',(0.947821427294,0.318801728293,-0.));
#14325 = DIRECTION('',(0.318801728293,-0.947821427294,0.));
#14326 = ADVANCED_FACE('',(#14327),#14338,.F.);
#14327 = FACE_BOUND('',#14328,.F.);
#14328 = EDGE_LOOP('',(#14329,#14330,#14331,#14337));
#14329 = ORIENTED_EDGE('',*,*,#14298,.T.);
#14330 = ORIENTED_EDGE('',*,*,#5969,.T.);
#14331 = ORIENTED_EDGE('',*,*,#14332,.F.);
#14332 = EDGE_CURVE('',#1238,#5970,#14333,.T.);
#14333 = LINE('',#14334,#14335);
#14334 = CARTESIAN_POINT('',(3.173197964398,10.986043122202,0.));
#14335 = VECTOR('',#14336,1.);
#14336 = DIRECTION('',(0.,0.,1.));
#14337 = ORIENTED_EDGE('',*,*,#1237,.F.);
#14338 = PLANE('',#14339);
#14339 = AXIS2_PLACEMENT_3D('',#14340,#14341,#14342);
#14340 = CARTESIAN_POINT('',(3.248853831045,11.129470889087,0.));
#14341 = DIRECTION('',(0.884491954835,-0.46655544347,0.));
#14342 = DIRECTION('',(-0.46655544347,-0.884491954835,0.));
#14343 = ADVANCED_FACE('',(#14344),#14355,.F.);
#14344 = FACE_BOUND('',#14345,.F.);
#14345 = EDGE_LOOP('',(#14346,#14352,#14353,#14354));
#14346 = ORIENTED_EDGE('',*,*,#14347,.T.);
#14347 = EDGE_CURVE('',#3702,#8434,#14348,.T.);
#14348 = LINE('',#14349,#14350);
#14349 = CARTESIAN_POINT('',(-1.156869955583,-12.01491177034,0.));
#14350 = VECTOR('',#14351,1.);
#14351 = DIRECTION('',(0.,0.,1.));
#14352 = ORIENTED_EDGE('',*,*,#8441,.T.);
#14353 = ORIENTED_EDGE('',*,*,#14313,.F.);
#14354 = ORIENTED_EDGE('',*,*,#3709,.F.);
#14355 = PLANE('',#14356);
#14356 = AXIS2_PLACEMENT_3D('',#14357,#14358,#14359);
#14357 = CARTESIAN_POINT('',(-1.156869955583,-12.01491177034,0.));
#14358 = DIRECTION('',(0.958809820167,0.284048814031,-0.));
#14359 = DIRECTION('',(0.284048814031,-0.958809820167,0.));
#14360 = ADVANCED_FACE('',(#14361),#14372,.F.);
#14361 = FACE_BOUND('',#14362,.F.);
#14362 = EDGE_LOOP('',(#14363,#14364,#14365,#14371));
#14363 = ORIENTED_EDGE('',*,*,#14332,.T.);
#14364 = ORIENTED_EDGE('',*,*,#5977,.T.);
#14365 = ORIENTED_EDGE('',*,*,#14366,.F.);
#14366 = EDGE_CURVE('',#1246,#5978,#14367,.T.);
#14367 = LINE('',#14368,#14369);
#14368 = CARTESIAN_POINT('',(3.112150071431,10.83833306477,0.));
#14369 = VECTOR('',#14370,1.);
#14370 = DIRECTION('',(0.,0.,1.));
#14371 = ORIENTED_EDGE('',*,*,#1245,.F.);
#14372 = PLANE('',#14373);
#14373 = AXIS2_PLACEMENT_3D('',#14374,#14375,#14376);
#14374 = CARTESIAN_POINT('',(3.173197964398,10.986043122202,0.));
#14375 = DIRECTION('',(0.924179242562,-0.38195906537,0.));
#14376 = DIRECTION('',(-0.38195906537,-0.924179242562,0.));
#14377 = ADVANCED_FACE('',(#14378),#14389,.F.);
#14378 = FACE_BOUND('',#14379,.F.);
#14379 = EDGE_LOOP('',(#14380,#14386,#14387,#14388));
#14380 = ORIENTED_EDGE('',*,*,#14381,.T.);
#14381 = EDGE_CURVE('',#3694,#8426,#14382,.T.);
#14382 = LINE('',#14383,#14384);
#14383 = CARTESIAN_POINT('',(-1.19839914344,-11.85120563694,0.));
#14384 = VECTOR('',#14385,1.);
#14385 = DIRECTION('',(0.,0.,1.));
#14386 = ORIENTED_EDGE('',*,*,#8433,.T.);
#14387 = ORIENTED_EDGE('',*,*,#14347,.F.);
#14388 = ORIENTED_EDGE('',*,*,#3701,.F.);
#14389 = PLANE('',#14390);
#14390 = AXIS2_PLACEMENT_3D('',#14391,#14392,#14393);
#14391 = CARTESIAN_POINT('',(-1.19839914344,-11.85120563694,0.));
#14392 = DIRECTION('',(0.96929708909,0.245892564105,-0.));
#14393 = DIRECTION('',(0.245892564105,-0.96929708909,0.));
#14394 = ADVANCED_FACE('',(#14395),#14406,.F.);
#14395 = FACE_BOUND('',#14396,.F.);
#14396 = EDGE_LOOP('',(#14397,#14398,#14399,#14405));
#14397 = ORIENTED_EDGE('',*,*,#14366,.T.);
#14398 = ORIENTED_EDGE('',*,*,#5985,.T.);
#14399 = ORIENTED_EDGE('',*,*,#14400,.F.);
#14400 = EDGE_CURVE('',#1254,#5986,#14401,.T.);
#14401 = LINE('',#14402,#14403);
#14402 = CARTESIAN_POINT('',(2.794402372519,9.731749091528,0.));
#14403 = VECTOR('',#14404,1.);
#14404 = DIRECTION('',(0.,0.,1.));
#14405 = ORIENTED_EDGE('',*,*,#1253,.F.);
#14406 = PLANE('',#14407);
#14407 = AXIS2_PLACEMENT_3D('',#14408,#14409,#14410);
#14408 = CARTESIAN_POINT('',(3.112150071431,10.83833306477,0.));
#14409 = DIRECTION('',(0.961160404102,-0.27599035778,0.));
#14410 = DIRECTION('',(-0.27599035778,-0.961160404102,0.));
#14411 = ADVANCED_FACE('',(#14412),#14423,.F.);
#14412 = FACE_BOUND('',#14413,.F.);
#14413 = EDGE_LOOP('',(#14414,#14420,#14421,#14422));
#14414 = ORIENTED_EDGE('',*,*,#14415,.T.);
#14415 = EDGE_CURVE('',#3686,#8418,#14416,.T.);
#14416 = LINE('',#14417,#14418);
#14417 = CARTESIAN_POINT('',(-1.232253458089,-11.68802922447,0.));
#14418 = VECTOR('',#14419,1.);
#14419 = DIRECTION('',(0.,0.,1.));
#14420 = ORIENTED_EDGE('',*,*,#8425,.T.);
#14421 = ORIENTED_EDGE('',*,*,#14381,.F.);
#14422 = ORIENTED_EDGE('',*,*,#3693,.F.);
#14423 = PLANE('',#14424);
#14424 = AXIS2_PLACEMENT_3D('',#14425,#14426,#14427);
#14425 = CARTESIAN_POINT('',(-1.232253458089,-11.68802922447,0.));
#14426 = DIRECTION('',(0.979148745014,0.203144616314,-0.));
#14427 = DIRECTION('',(0.203144616314,-0.979148745014,0.));
#14428 = ADVANCED_FACE('',(#14429),#14440,.F.);
#14429 = FACE_BOUND('',#14430,.F.);
#14430 = EDGE_LOOP('',(#14431,#14432,#14433,#14439));
#14431 = ORIENTED_EDGE('',*,*,#14400,.T.);
#14432 = ORIENTED_EDGE('',*,*,#5993,.T.);
#14433 = ORIENTED_EDGE('',*,*,#14434,.F.);
#14434 = EDGE_CURVE('',#1262,#5994,#14435,.T.);
#14435 = LINE('',#14436,#14437);
#14436 = CARTESIAN_POINT('',(2.386914488009,9.839627240243,0.));
#14437 = VECTOR('',#14438,1.);
#14438 = DIRECTION('',(0.,0.,1.));
#14439 = ORIENTED_EDGE('',*,*,#1261,.F.);
#14440 = PLANE('',#14441);
#14441 = AXIS2_PLACEMENT_3D('',#14442,#14443,#14444);
#14442 = CARTESIAN_POINT('',(2.794402372519,9.731749091528,0.));
#14443 = DIRECTION('',(-0.255922952246,-0.966697182428,0.));
#14444 = DIRECTION('',(-0.966697182428,0.255922952246,0.));
#14445 = ADVANCED_FACE('',(#14446),#14457,.F.);
#14446 = FACE_BOUND('',#14447,.F.);
#14447 = EDGE_LOOP('',(#14448,#14454,#14455,#14456));
#14448 = ORIENTED_EDGE('',*,*,#14449,.T.);
#14449 = EDGE_CURVE('',#3678,#8410,#14450,.T.);
#14450 = LINE('',#14451,#14452);
#14451 = CARTESIAN_POINT('',(-1.25751456162,-11.52557289742,0.));
#14452 = VECTOR('',#14453,1.);
#14453 = DIRECTION('',(0.,0.,1.));
#14454 = ORIENTED_EDGE('',*,*,#8417,.T.);
#14455 = ORIENTED_EDGE('',*,*,#14415,.F.);
#14456 = ORIENTED_EDGE('',*,*,#3685,.F.);
#14457 = PLANE('',#14458);
#14458 = AXIS2_PLACEMENT_3D('',#14459,#14460,#14461);
#14459 = CARTESIAN_POINT('',(-1.25751456162,-11.52557289742,0.));
#14460 = DIRECTION('',(0.988125594969,0.15364832758,-0.));
#14461 = DIRECTION('',(0.15364832758,-0.988125594969,0.));
#14462 = ADVANCED_FACE('',(#14463),#14474,.F.);
#14463 = FACE_BOUND('',#14464,.F.);
#14464 = EDGE_LOOP('',(#14465,#14466,#14467,#14473));
#14465 = ORIENTED_EDGE('',*,*,#14434,.T.);
#14466 = ORIENTED_EDGE('',*,*,#6001,.T.);
#14467 = ORIENTED_EDGE('',*,*,#14468,.F.);
#14468 = EDGE_CURVE('',#1270,#6002,#14469,.T.);
#14469 = LINE('',#14470,#14471);
#14470 = CARTESIAN_POINT('',(1.975289510413,9.930450964083,0.));
#14471 = VECTOR('',#14472,1.);
#14472 = DIRECTION('',(0.,0.,1.));
#14473 = ORIENTED_EDGE('',*,*,#1269,.F.);
#14474 = PLANE('',#14475);
#14475 = AXIS2_PLACEMENT_3D('',#14476,#14477,#14478);
#14476 = CARTESIAN_POINT('',(2.386914488009,9.839627240243,0.));
#14477 = DIRECTION('',(-0.215464167822,-0.976511747182,0.));
#14478 = DIRECTION('',(-0.976511747182,0.215464167822,0.));
#14479 = ADVANCED_FACE('',(#14480),#14491,.F.);
#14480 = FACE_BOUND('',#14481,.F.);
#14481 = EDGE_LOOP('',(#14482,#14488,#14489,#14490));
#14482 = ORIENTED_EDGE('',*,*,#14483,.T.);
#14483 = EDGE_CURVE('',#3670,#8402,#14484,.T.);
#14484 = LINE('',#14485,#14486);
#14485 = CARTESIAN_POINT('',(-1.272524038201,-11.36411067247,0.));
#14486 = VECTOR('',#14487,1.);
#14487 = DIRECTION('',(0.,0.,1.));
#14488 = ORIENTED_EDGE('',*,*,#8409,.T.);
#14489 = ORIENTED_EDGE('',*,*,#14449,.F.);
#14490 = ORIENTED_EDGE('',*,*,#3677,.F.);
#14491 = PLANE('',#14492);
#14492 = AXIS2_PLACEMENT_3D('',#14493,#14494,#14495);
#14493 = CARTESIAN_POINT('',(-1.272524038201,-11.36411067247,0.));
#14494 = DIRECTION('',(0.995707052239,9.256060782806E-02,-0.));
#14495 = DIRECTION('',(9.256060782806E-02,-0.995707052239,0.));
#14496 = ADVANCED_FACE('',(#14497),#14508,.F.);
#14497 = FACE_BOUND('',#14498,.F.);
#14498 = EDGE_LOOP('',(#14499,#14500,#14501,#14507));
#14499 = ORIENTED_EDGE('',*,*,#14468,.T.);
#14500 = ORIENTED_EDGE('',*,*,#6009,.T.);
#14501 = ORIENTED_EDGE('',*,*,#14502,.F.);
#14502 = EDGE_CURVE('',#1278,#6010,#14503,.T.);
#14503 = LINE('',#14504,#14505);
#14504 = CARTESIAN_POINT('',(1.560240884163,10.004062843834,0.));
#14505 = VECTOR('',#14506,1.);
#14506 = DIRECTION('',(0.,0.,1.));
#14507 = ORIENTED_EDGE('',*,*,#1277,.F.);
#14508 = PLANE('',#14509);
#14509 = AXIS2_PLACEMENT_3D('',#14510,#14511,#14512);
#14510 = CARTESIAN_POINT('',(1.975289510413,9.930450964083,0.));
#14511 = DIRECTION('',(-0.174631932517,-0.984633783772,0.));
#14512 = DIRECTION('',(-0.984633783772,0.174631932517,0.));
#14513 = ADVANCED_FACE('',(#14514),#14525,.F.);
#14514 = FACE_BOUND('',#14515,.F.);
#14515 = EDGE_LOOP('',(#14516,#14522,#14523,#14524));
#14516 = ORIENTED_EDGE('',*,*,#14517,.T.);
#14517 = EDGE_CURVE('',#3662,#8394,#14518,.T.);
#14518 = LINE('',#14519,#14520);
#14519 = CARTESIAN_POINT('',(-1.272398745244,-11.20428235645,0.));
#14520 = VECTOR('',#14521,1.);
#14521 = DIRECTION('',(0.,0.,1.));
#14522 = ORIENTED_EDGE('',*,*,#8401,.T.);
#14523 = ORIENTED_EDGE('',*,*,#14483,.F.);
#14524 = ORIENTED_EDGE('',*,*,#3669,.F.);
#14525 = PLANE('',#14526);
#14526 = AXIS2_PLACEMENT_3D('',#14527,#14528,#14529);
#14527 = CARTESIAN_POINT('',(-1.272398745244,-11.20428235645,0.));
#14528 = DIRECTION('',(0.999999692733,-7.839219115006E-04,0.));
#14529 = DIRECTION('',(-7.839219115006E-04,-0.999999692733,0.));
#14530 = ADVANCED_FACE('',(#14531),#14542,.F.);
#14531 = FACE_BOUND('',#14532,.F.);
#14532 = EDGE_LOOP('',(#14533,#14534,#14535,#14541));
#14533 = ORIENTED_EDGE('',*,*,#14502,.T.);
#14534 = ORIENTED_EDGE('',*,*,#6017,.T.);
#14535 = ORIENTED_EDGE('',*,*,#14536,.F.);
#14536 = EDGE_CURVE('',#1286,#6018,#14537,.T.);
#14537 = LINE('',#14538,#14539);
#14538 = CARTESIAN_POINT('',(1.14248798769,10.060335292523,0.));
#14539 = VECTOR('',#14540,1.);
#14540 = DIRECTION('',(0.,0.,1.));
#14541 = ORIENTED_EDGE('',*,*,#1285,.F.);
#14542 = PLANE('',#14543);
#14543 = AXIS2_PLACEMENT_3D('',#14544,#14545,#14546);
#14544 = CARTESIAN_POINT('',(1.560240884163,10.004062843834,0.));
#14545 = DIRECTION('',(-0.133497018349,-0.991049214768,0.));
#14546 = DIRECTION('',(-0.991049214768,0.133497018349,0.));
#14547 = ADVANCED_FACE('',(#14548),#14559,.F.);
#14548 = FACE_BOUND('',#14549,.F.);
#14549 = EDGE_LOOP('',(#14550,#14556,#14557,#14558));
#14550 = ORIENTED_EDGE('',*,*,#14551,.T.);
#14551 = EDGE_CURVE('',#3654,#8386,#14552,.T.);
#14552 = LINE('',#14553,#14554);
#14553 = CARTESIAN_POINT('',(-1.14248798769,-10.06033529252,0.));
#14554 = VECTOR('',#14555,1.);
#14555 = DIRECTION('',(0.,0.,1.));
#14556 = ORIENTED_EDGE('',*,*,#8393,.T.);
#14557 = ORIENTED_EDGE('',*,*,#14517,.F.);
#14558 = ORIENTED_EDGE('',*,*,#3661,.F.);
#14559 = PLANE('',#14560);
#14560 = AXIS2_PLACEMENT_3D('',#14561,#14562,#14563);
#14561 = CARTESIAN_POINT('',(-1.14248798769,-10.06033529252,0.));
#14562 = DIRECTION('',(0.993613362224,-0.112838319772,0.));
#14563 = DIRECTION('',(-0.112838319772,-0.993613362224,0.));
#14564 = ADVANCED_FACE('',(#14565),#14576,.F.);
#14565 = FACE_BOUND('',#14566,.F.);
#14566 = EDGE_LOOP('',(#14567,#14568,#14569,#14575));
#14567 = ORIENTED_EDGE('',*,*,#14536,.T.);
#14568 = ORIENTED_EDGE('',*,*,#6025,.T.);
#14569 = ORIENTED_EDGE('',*,*,#14570,.F.);
#14570 = EDGE_CURVE('',#1294,#6026,#14571,.T.);
#14571 = LINE('',#14572,#14573);
#14572 = CARTESIAN_POINT('',(1.272398745244,11.204282356452,0.));
#14573 = VECTOR('',#14574,1.);
#14574 = DIRECTION('',(0.,0.,1.));
#14575 = ORIENTED_EDGE('',*,*,#1293,.F.);
#14576 = PLANE('',#14577);
#14577 = AXIS2_PLACEMENT_3D('',#14578,#14579,#14580);
#14578 = CARTESIAN_POINT('',(1.14248798769,10.060335292523,0.));
#14579 = DIRECTION('',(-0.993613362224,0.112838319772,0.));
#14580 = DIRECTION('',(0.112838319772,0.993613362224,0.));
#14581 = ADVANCED_FACE('',(#14582),#14593,.F.);
#14582 = FACE_BOUND('',#14583,.F.);
#14583 = EDGE_LOOP('',(#14584,#14590,#14591,#14592));
#14584 = ORIENTED_EDGE('',*,*,#14585,.T.);
#14585 = EDGE_CURVE('',#3646,#8378,#14586,.T.);
#14586 = LINE('',#14587,#14588);
#14587 = CARTESIAN_POINT('',(-1.560240884163,-10.00406284383,0.));
#14588 = VECTOR('',#14589,1.);
#14589 = DIRECTION('',(0.,0.,1.));
#14590 = ORIENTED_EDGE('',*,*,#8385,.T.);
#14591 = ORIENTED_EDGE('',*,*,#14551,.F.);
#14592 = ORIENTED_EDGE('',*,*,#3653,.F.);
#14593 = PLANE('',#14594);
#14594 = AXIS2_PLACEMENT_3D('',#14595,#14596,#14597);
#14595 = CARTESIAN_POINT('',(-1.560240884163,-10.00406284383,0.));
#14596 = DIRECTION('',(0.133497018349,0.991049214768,-0.));
#14597 = DIRECTION('',(0.991049214768,-0.133497018349,0.));
#14598 = ADVANCED_FACE('',(#14599),#14610,.F.);
#14599 = FACE_BOUND('',#14600,.F.);
#14600 = EDGE_LOOP('',(#14601,#14602,#14603,#14609));
#14601 = ORIENTED_EDGE('',*,*,#14570,.T.);
#14602 = ORIENTED_EDGE('',*,*,#6033,.T.);
#14603 = ORIENTED_EDGE('',*,*,#14604,.F.);
#14604 = EDGE_CURVE('',#1302,#6034,#14605,.T.);
#14605 = LINE('',#14606,#14607);
#14606 = CARTESIAN_POINT('',(1.272524038201,11.364110672478,0.));
#14607 = VECTOR('',#14608,1.);
#14608 = DIRECTION('',(0.,0.,1.));
#14609 = ORIENTED_EDGE('',*,*,#1301,.F.);
#14610 = PLANE('',#14611);
#14611 = AXIS2_PLACEMENT_3D('',#14612,#14613,#14614);
#14612 = CARTESIAN_POINT('',(1.272398745244,11.204282356452,0.));
#14613 = DIRECTION('',(-0.999999692733,7.839219114686E-04,0.));
#14614 = DIRECTION('',(7.839219114686E-04,0.999999692733,0.));
#14615 = ADVANCED_FACE('',(#14616),#14627,.F.);
#14616 = FACE_BOUND('',#14617,.F.);
#14617 = EDGE_LOOP('',(#14618,#14624,#14625,#14626));
#14618 = ORIENTED_EDGE('',*,*,#14619,.T.);
#14619 = EDGE_CURVE('',#3638,#8370,#14620,.T.);
#14620 = LINE('',#14621,#14622);
#14621 = CARTESIAN_POINT('',(-1.975289510413,-9.930450964083,0.));
#14622 = VECTOR('',#14623,1.);
#14623 = DIRECTION('',(0.,0.,1.));
#14624 = ORIENTED_EDGE('',*,*,#8377,.T.);
#14625 = ORIENTED_EDGE('',*,*,#14585,.F.);
#14626 = ORIENTED_EDGE('',*,*,#3645,.F.);
#14627 = PLANE('',#14628);
#14628 = AXIS2_PLACEMENT_3D('',#14629,#14630,#14631);
#14629 = CARTESIAN_POINT('',(-1.975289510413,-9.930450964083,0.));
#14630 = DIRECTION('',(0.174631932516,0.984633783772,-0.));
#14631 = DIRECTION('',(0.984633783772,-0.174631932516,0.));
#14632 = ADVANCED_FACE('',(#14633),#14644,.F.);
#14633 = FACE_BOUND('',#14634,.F.);
#14634 = EDGE_LOOP('',(#14635,#14636,#14637,#14643));
#14635 = ORIENTED_EDGE('',*,*,#14604,.T.);
#14636 = ORIENTED_EDGE('',*,*,#6041,.T.);
#14637 = ORIENTED_EDGE('',*,*,#14638,.F.);
#14638 = EDGE_CURVE('',#1310,#6042,#14639,.T.);
#14639 = LINE('',#14640,#14641);
#14640 = CARTESIAN_POINT('',(1.25751456162,11.525572897424,0.));
#14641 = VECTOR('',#14642,1.);
#14642 = DIRECTION('',(0.,0.,1.));
#14643 = ORIENTED_EDGE('',*,*,#1309,.F.);
#14644 = PLANE('',#14645);
#14645 = AXIS2_PLACEMENT_3D('',#14646,#14647,#14648);
#14646 = CARTESIAN_POINT('',(1.272524038201,11.364110672478,0.));
#14647 = DIRECTION('',(-0.995707052239,-9.256060782806E-02,0.));
#14648 = DIRECTION('',(-9.256060782806E-02,0.995707052239,0.));
#14649 = ADVANCED_FACE('',(#14650),#14661,.F.);
#14650 = FACE_BOUND('',#14651,.F.);
#14651 = EDGE_LOOP('',(#14652,#14658,#14659,#14660));
#14652 = ORIENTED_EDGE('',*,*,#14653,.T.);
#14653 = EDGE_CURVE('',#3630,#8362,#14654,.T.);
#14654 = LINE('',#14655,#14656);
#14655 = CARTESIAN_POINT('',(-2.386914488009,-9.839627240243,0.));
#14656 = VECTOR('',#14657,1.);
#14657 = DIRECTION('',(0.,0.,1.));
#14658 = ORIENTED_EDGE('',*,*,#8369,.T.);
#14659 = ORIENTED_EDGE('',*,*,#14619,.F.);
#14660 = ORIENTED_EDGE('',*,*,#3637,.F.);
#14661 = PLANE('',#14662);
#14662 = AXIS2_PLACEMENT_3D('',#14663,#14664,#14665);
#14663 = CARTESIAN_POINT('',(-2.386914488009,-9.839627240243,0.));
#14664 = DIRECTION('',(0.215464167822,0.976511747182,-0.));
#14665 = DIRECTION('',(0.976511747182,-0.215464167822,0.));
#14666 = ADVANCED_FACE('',(#14667),#14678,.F.);
#14667 = FACE_BOUND('',#14668,.F.);
#14668 = EDGE_LOOP('',(#14669,#14670,#14671,#14677));
#14669 = ORIENTED_EDGE('',*,*,#14638,.T.);
#14670 = ORIENTED_EDGE('',*,*,#6049,.T.);
#14671 = ORIENTED_EDGE('',*,*,#14672,.F.);
#14672 = EDGE_CURVE('',#1318,#6050,#14673,.T.);
#14673 = LINE('',#14674,#14675);
#14674 = CARTESIAN_POINT('',(1.232253458089,11.688029224477,0.));
#14675 = VECTOR('',#14676,1.);
#14676 = DIRECTION('',(0.,0.,1.));
#14677 = ORIENTED_EDGE('',*,*,#1317,.F.);
#14678 = PLANE('',#14679);
#14679 = AXIS2_PLACEMENT_3D('',#14680,#14681,#14682);
#14680 = CARTESIAN_POINT('',(1.25751456162,11.525572897424,0.));
#14681 = DIRECTION('',(-0.988125594969,-0.15364832758,0.));
#14682 = DIRECTION('',(-0.15364832758,0.988125594969,0.));
#14683 = ADVANCED_FACE('',(#14684),#14695,.F.);
#14684 = FACE_BOUND('',#14685,.F.);
#14685 = EDGE_LOOP('',(#14686,#14692,#14693,#14694));
#14686 = ORIENTED_EDGE('',*,*,#14687,.T.);
#14687 = EDGE_CURVE('',#3622,#8354,#14688,.T.);
#14688 = LINE('',#14689,#14690);
#14689 = CARTESIAN_POINT('',(-2.794402372519,-9.731749091528,0.));
#14690 = VECTOR('',#14691,1.);
#14691 = DIRECTION('',(0.,0.,1.));
#14692 = ORIENTED_EDGE('',*,*,#8361,.T.);
#14693 = ORIENTED_EDGE('',*,*,#14653,.F.);
#14694 = ORIENTED_EDGE('',*,*,#3629,.F.);
#14695 = PLANE('',#14696);
#14696 = AXIS2_PLACEMENT_3D('',#14697,#14698,#14699);
#14697 = CARTESIAN_POINT('',(-2.794402372519,-9.731749091528,0.));
#14698 = DIRECTION('',(0.255922952246,0.966697182428,-0.));
#14699 = DIRECTION('',(0.966697182428,-0.255922952246,0.));
#14700 = ADVANCED_FACE('',(#14701),#14712,.F.);
#14701 = FACE_BOUND('',#14702,.F.);
#14702 = EDGE_LOOP('',(#14703,#14704,#14705,#14711));
#14703 = ORIENTED_EDGE('',*,*,#14672,.T.);
#14704 = ORIENTED_EDGE('',*,*,#6057,.T.);
#14705 = ORIENTED_EDGE('',*,*,#14706,.F.);
#14706 = EDGE_CURVE('',#1326,#6058,#14707,.T.);
#14707 = LINE('',#14708,#14709);
#14708 = CARTESIAN_POINT('',(1.19839914344,11.851205636944,0.));
#14709 = VECTOR('',#14710,1.);
#14710 = DIRECTION('',(0.,0.,1.));
#14711 = ORIENTED_EDGE('',*,*,#1325,.F.);
#14712 = PLANE('',#14713);
#14713 = AXIS2_PLACEMENT_3D('',#14714,#14715,#14716);
#14714 = CARTESIAN_POINT('',(1.232253458089,11.688029224477,0.));
#14715 = DIRECTION('',(-0.979148745014,-0.203144616314,0.));
#14716 = DIRECTION('',(-0.203144616314,0.979148745014,0.));
#14717 = ADVANCED_FACE('',(#14718),#14729,.F.);
#14718 = FACE_BOUND('',#14719,.F.);
#14719 = EDGE_LOOP('',(#14720,#14726,#14727,#14728));
#14720 = ORIENTED_EDGE('',*,*,#14721,.T.);
#14721 = EDGE_CURVE('',#3614,#8346,#14722,.T.);
#14722 = LINE('',#14723,#14724);
#14723 = CARTESIAN_POINT('',(-3.112150071431,-10.83833306477,0.));
#14724 = VECTOR('',#14725,1.);
#14725 = DIRECTION('',(0.,0.,1.));
#14726 = ORIENTED_EDGE('',*,*,#8353,.T.);
#14727 = ORIENTED_EDGE('',*,*,#14687,.F.);
#14728 = ORIENTED_EDGE('',*,*,#3621,.F.);
#14729 = PLANE('',#14730);
#14730 = AXIS2_PLACEMENT_3D('',#14731,#14732,#14733);
#14731 = CARTESIAN_POINT('',(-3.112150071431,-10.83833306477,0.));
#14732 = DIRECTION('',(-0.961160404102,0.27599035778,0.));
#14733 = DIRECTION('',(0.27599035778,0.961160404102,0.));
#14734 = ADVANCED_FACE('',(#14735),#14746,.F.);
#14735 = FACE_BOUND('',#14736,.F.);
#14736 = EDGE_LOOP('',(#14737,#14738,#14739,#14745));
#14737 = ORIENTED_EDGE('',*,*,#14706,.T.);
#14738 = ORIENTED_EDGE('',*,*,#6065,.T.);
#14739 = ORIENTED_EDGE('',*,*,#14740,.F.);
#14740 = EDGE_CURVE('',#1334,#6066,#14741,.T.);
#14741 = LINE('',#14742,#14743);
#14742 = CARTESIAN_POINT('',(1.156869955583,12.014911770345,0.));
#14743 = VECTOR('',#14744,1.);
#14744 = DIRECTION('',(0.,0.,1.));
#14745 = ORIENTED_EDGE('',*,*,#1333,.F.);
#14746 = PLANE('',#14747);
#14747 = AXIS2_PLACEMENT_3D('',#14748,#14749,#14750);
#14748 = CARTESIAN_POINT('',(1.19839914344,11.851205636944,0.));
#14749 = DIRECTION('',(-0.96929708909,-0.245892564105,0.));
#14750 = DIRECTION('',(-0.245892564105,0.96929708909,0.));
#14751 = ADVANCED_FACE('',(#14752),#14763,.F.);
#14752 = FACE_BOUND('',#14753,.F.);
#14753 = EDGE_LOOP('',(#14754,#14760,#14761,#14762));
#14754 = ORIENTED_EDGE('',*,*,#14755,.T.);
#14755 = EDGE_CURVE('',#3606,#8338,#14756,.T.);
#14756 = LINE('',#14757,#14758);
#14757 = CARTESIAN_POINT('',(-3.173197964398,-10.9860431222,0.));
#14758 = VECTOR('',#14759,1.);
#14759 = DIRECTION('',(0.,0.,1.));
#14760 = ORIENTED_EDGE('',*,*,#8345,.T.);
#14761 = ORIENTED_EDGE('',*,*,#14721,.F.);
#14762 = ORIENTED_EDGE('',*,*,#3613,.F.);
#14763 = PLANE('',#14764);
#14764 = AXIS2_PLACEMENT_3D('',#14765,#14766,#14767);
#14765 = CARTESIAN_POINT('',(-3.173197964398,-10.9860431222,0.));
#14766 = DIRECTION('',(-0.924179242562,0.38195906537,0.));
#14767 = DIRECTION('',(0.38195906537,0.924179242562,0.));
#14768 = ADVANCED_FACE('',(#14769),#14780,.F.);
#14769 = FACE_BOUND('',#14770,.F.);
#14770 = EDGE_LOOP('',(#14771,#14772,#14773,#14779));
#14771 = ORIENTED_EDGE('',*,*,#14740,.T.);
#14772 = ORIENTED_EDGE('',*,*,#6073,.T.);
#14773 = ORIENTED_EDGE('',*,*,#14774,.F.);
#14774 = EDGE_CURVE('',#1342,#6074,#14775,.T.);
#14775 = LINE('',#14776,#14777);
#14776 = CARTESIAN_POINT('',(1.108260454223,12.178993663862,0.));
#14777 = VECTOR('',#14778,1.);
#14778 = DIRECTION('',(0.,0.,1.));
#14779 = ORIENTED_EDGE('',*,*,#1341,.F.);
#14780 = PLANE('',#14781);
#14781 = AXIS2_PLACEMENT_3D('',#14782,#14783,#14784);
#14782 = CARTESIAN_POINT('',(1.156869955583,12.014911770345,0.));
#14783 = DIRECTION('',(-0.958809820167,-0.284048814031,0.));
#14784 = DIRECTION('',(-0.284048814031,0.958809820167,0.));
#14785 = ADVANCED_FACE('',(#14786),#14797,.F.);
#14786 = FACE_BOUND('',#14787,.F.);
#14787 = EDGE_LOOP('',(#14788,#14794,#14795,#14796));
#14788 = ORIENTED_EDGE('',*,*,#14789,.T.);
#14789 = EDGE_CURVE('',#3598,#8330,#14790,.T.);
#14790 = LINE('',#14791,#14792);
#14791 = CARTESIAN_POINT('',(-3.248853831045,-11.12947088908,0.));
#14792 = VECTOR('',#14793,1.);
#14793 = DIRECTION('',(0.,0.,1.));
#14794 = ORIENTED_EDGE('',*,*,#8337,.T.);
#14795 = ORIENTED_EDGE('',*,*,#14755,.F.);
#14796 = ORIENTED_EDGE('',*,*,#3605,.F.);
#14797 = PLANE('',#14798);
#14798 = AXIS2_PLACEMENT_3D('',#14799,#14800,#14801);
#14799 = CARTESIAN_POINT('',(-3.248853831045,-11.12947088908,0.));
#14800 = DIRECTION('',(-0.884491954835,0.46655544347,0.));
#14801 = DIRECTION('',(0.46655544347,0.884491954835,0.));
#14802 = ADVANCED_FACE('',(#14803),#14814,.F.);
#14803 = FACE_BOUND('',#14804,.F.);
#14804 = EDGE_LOOP('',(#14805,#14806,#14807,#14813));
#14805 = ORIENTED_EDGE('',*,*,#14774,.T.);
#14806 = ORIENTED_EDGE('',*,*,#6081,.T.);
#14807 = ORIENTED_EDGE('',*,*,#14808,.F.);
#14808 = EDGE_CURVE('',#1350,#6082,#14809,.T.);
#14809 = LINE('',#14810,#14811);
#14810 = CARTESIAN_POINT('',(1.052989982741,12.343316917213,0.));
#14811 = VECTOR('',#14812,1.);
#14812 = DIRECTION('',(0.,0.,1.));
#14813 = ORIENTED_EDGE('',*,*,#1349,.F.);
#14814 = PLANE('',#14815);
#14815 = AXIS2_PLACEMENT_3D('',#14816,#14817,#14818);
#14816 = CARTESIAN_POINT('',(1.108260454223,12.178993663862,0.));
#14817 = DIRECTION('',(-0.947821427294,-0.318801728293,0.));
#14818 = DIRECTION('',(-0.318801728293,0.947821427294,0.));
#14819 = ADVANCED_FACE('',(#14820),#14831,.F.);
#14820 = FACE_BOUND('',#14821,.F.);
#14821 = EDGE_LOOP('',(#14822,#14828,#14829,#14830));
#14822 = ORIENTED_EDGE('',*,*,#14823,.T.);
#14823 = EDGE_CURVE('',#3590,#8322,#14824,.T.);
#14824 = LINE('',#14825,#14826);
#14825 = CARTESIAN_POINT('',(-3.334361392412,-11.26989395877,0.));
#14826 = VECTOR('',#14827,1.);
#14827 = DIRECTION('',(0.,0.,1.));
#14828 = ORIENTED_EDGE('',*,*,#8329,.T.);
#14829 = ORIENTED_EDGE('',*,*,#14789,.F.);
#14830 = ORIENTED_EDGE('',*,*,#3597,.F.);
#14831 = PLANE('',#14832);
#14832 = AXIS2_PLACEMENT_3D('',#14833,#14834,#14835);
#14833 = CARTESIAN_POINT('',(-3.334361392412,-11.26989395877,0.));
#14834 = DIRECTION('',(-0.854110343367,0.520091839346,0.));
#14835 = DIRECTION('',(0.520091839346,0.854110343367,0.));
#14836 = ADVANCED_FACE('',(#14837),#14848,.F.);
#14837 = FACE_BOUND('',#14838,.F.);
#14838 = EDGE_LOOP('',(#14839,#14840,#14841,#14847));
#14839 = ORIENTED_EDGE('',*,*,#14808,.T.);
#14840 = ORIENTED_EDGE('',*,*,#6089,.T.);
#14841 = ORIENTED_EDGE('',*,*,#14842,.F.);
#14842 = EDGE_CURVE('',#1358,#6090,#14843,.T.);
#14843 = LINE('',#14844,#14845);
#14844 = CARTESIAN_POINT('',(0.991371139094,12.507758943115,0.));
#14845 = VECTOR('',#14846,1.);
#14846 = DIRECTION('',(0.,0.,1.));
#14847 = ORIENTED_EDGE('',*,*,#1357,.F.);
#14848 = PLANE('',#14849);
#14849 = AXIS2_PLACEMENT_3D('',#14850,#14851,#14852);
#14850 = CARTESIAN_POINT('',(1.052989982741,12.343316917213,0.));
#14851 = DIRECTION('',(-0.936416983035,-0.35088920457,0.));
#14852 = DIRECTION('',(-0.35088920457,0.936416983035,0.));
#14853 = ADVANCED_FACE('',(#14854),#14865,.F.);
#14854 = FACE_BOUND('',#14855,.F.);
#14855 = EDGE_LOOP('',(#14856,#14862,#14863,#14864));
#14856 = ORIENTED_EDGE('',*,*,#14857,.T.);
#14857 = EDGE_CURVE('',#3582,#8314,#14858,.T.);
#14858 = LINE('',#14859,#14860);
#14859 = CARTESIAN_POINT('',(-3.428083610407,-11.40769382111,0.));
#14860 = VECTOR('',#14861,1.);
#14861 = DIRECTION('',(0.,0.,1.));
#14862 = ORIENTED_EDGE('',*,*,#8321,.T.);
#14863 = ORIENTED_EDGE('',*,*,#14823,.F.);
#14864 = ORIENTED_EDGE('',*,*,#3589,.F.);
#14865 = PLANE('',#14866);
#14866 = AXIS2_PLACEMENT_3D('',#14867,#14868,#14869);
#14867 = CARTESIAN_POINT('',(-3.428083610407,-11.40769382111,0.));
#14868 = DIRECTION('',(-0.826875405765,0.56238515569,0.));
#14869 = DIRECTION('',(0.56238515569,0.826875405765,0.));
#14870 = ADVANCED_FACE('',(#14871),#14882,.F.);
#14871 = FACE_BOUND('',#14872,.F.);
#14872 = EDGE_LOOP('',(#14873,#14874,#14875,#14881));
#14873 = ORIENTED_EDGE('',*,*,#14842,.T.);
#14874 = ORIENTED_EDGE('',*,*,#6097,.T.);
#14875 = ORIENTED_EDGE('',*,*,#14876,.F.);
#14876 = EDGE_CURVE('',#1366,#6098,#14877,.T.);
#14877 = LINE('',#14878,#14879);
#14878 = CARTESIAN_POINT('',(0.923646318345,12.672204845778,0.));
#14879 = VECTOR('',#14880,1.);
#14880 = DIRECTION('',(0.,0.,1.));
#14881 = ORIENTED_EDGE('',*,*,#1365,.F.);
#14882 = PLANE('',#14883);
#14883 = AXIS2_PLACEMENT_3D('',#14884,#14885,#14886);
#14884 = CARTESIAN_POINT('',(0.991371139094,12.507758943115,0.));
#14885 = DIRECTION('',(-0.924654732981,-0.380806545079,0.));
#14886 = DIRECTION('',(-0.380806545079,0.924654732981,0.));
#14887 = ADVANCED_FACE('',(#14888),#14899,.F.);
#14888 = FACE_BOUND('',#14889,.F.);
#14889 = EDGE_LOOP('',(#14890,#14896,#14897,#14898));
#14890 = ORIENTED_EDGE('',*,*,#14891,.T.);
#14891 = EDGE_CURVE('',#3574,#8306,#14892,.T.);
#14892 = LINE('',#14893,#14894);
#14893 = CARTESIAN_POINT('',(-3.529099202099,-11.54304603495,0.));
#14894 = VECTOR('',#14895,1.);
#14895 = DIRECTION('',(0.,0.,1.));
#14896 = ORIENTED_EDGE('',*,*,#8313,.T.);
#14897 = ORIENTED_EDGE('',*,*,#14857,.F.);
#14898 = ORIENTED_EDGE('',*,*,#3581,.F.);
#14899 = PLANE('',#14900);
#14900 = AXIS2_PLACEMENT_3D('',#14901,#14902,#14903);
#14901 = CARTESIAN_POINT('',(-3.529099202099,-11.54304603495,0.));
#14902 = DIRECTION('',(-0.801414731108,0.598109044208,0.));
#14903 = DIRECTION('',(0.598109044208,0.801414731108,0.));
#14904 = ADVANCED_FACE('',(#14905),#14916,.F.);
#14905 = FACE_BOUND('',#14906,.F.);
#14906 = EDGE_LOOP('',(#14907,#14908,#14909,#14915));
#14907 = ORIENTED_EDGE('',*,*,#14876,.T.);
#14908 = ORIENTED_EDGE('',*,*,#6105,.T.);
#14909 = ORIENTED_EDGE('',*,*,#14910,.F.);
#14910 = EDGE_CURVE('',#1374,#6106,#14911,.T.);
#14911 = LINE('',#14912,#14913);
#14912 = CARTESIAN_POINT('',(0.850009209616,12.836545008172,0.));
#14913 = VECTOR('',#14914,1.);
#14914 = DIRECTION('',(0.,0.,1.));
#14915 = ORIENTED_EDGE('',*,*,#1373,.F.);
#14916 = PLANE('',#14917);
#14917 = AXIS2_PLACEMENT_3D('',#14918,#14919,#14920);
#14918 = CARTESIAN_POINT('',(0.923646318345,12.672204845778,0.));
#14919 = DIRECTION('',(-0.912576923398,-0.408905073191,0.));
#14920 = DIRECTION('',(-0.408905073191,0.912576923398,0.));
#14921 = ADVANCED_FACE('',(#14922),#14933,.F.);
#14922 = FACE_BOUND('',#14923,.F.);
#14923 = EDGE_LOOP('',(#14924,#14930,#14931,#14932));
#14924 = ORIENTED_EDGE('',*,*,#14925,.T.);
#14925 = EDGE_CURVE('',#3566,#8298,#14926,.T.);
#14926 = LINE('',#14927,#14928);
#14927 = CARTESIAN_POINT('',(-3.636799947691,-11.6760358872,0.));
#14928 = VECTOR('',#14929,1.);
#14929 = DIRECTION('',(0.,0.,1.));
#14930 = ORIENTED_EDGE('',*,*,#8305,.T.);
#14931 = ORIENTED_EDGE('',*,*,#14891,.F.);
#14932 = ORIENTED_EDGE('',*,*,#3573,.F.);
#14933 = PLANE('',#14934);
#14934 = AXIS2_PLACEMENT_3D('',#14935,#14936,#14937);
#14935 = CARTESIAN_POINT('',(-3.636799947691,-11.6760358872,0.));
#14936 = DIRECTION('',(-0.77712399331,0.629347518484,0.));
#14937 = DIRECTION('',(0.629347518484,0.77712399331,0.));
#14938 = ADVANCED_FACE('',(#14939),#14950,.F.);
#14939 = FACE_BOUND('',#14940,.F.);
#14940 = EDGE_LOOP('',(#14941,#14942,#14943,#14949));
#14941 = ORIENTED_EDGE('',*,*,#14910,.T.);
#14942 = ORIENTED_EDGE('',*,*,#6113,.T.);
#14943 = ORIENTED_EDGE('',*,*,#14944,.F.);
#14944 = EDGE_CURVE('',#1382,#6114,#14945,.T.);
#14945 = LINE('',#14946,#14947);
#14946 = CARTESIAN_POINT('',(0.770618359216,13.000673580415,0.));
#14947 = VECTOR('',#14948,1.);
#14948 = DIRECTION('',(0.,0.,1.));
#14949 = ORIENTED_EDGE('',*,*,#1381,.F.);
#14950 = PLANE('',#14951);
#14951 = AXIS2_PLACEMENT_3D('',#14952,#14953,#14954);
#14952 = CARTESIAN_POINT('',(0.850009209616,12.836545008172,0.));
#14953 = DIRECTION('',(-0.900215587309,-0.435444481382,0.));
#14954 = DIRECTION('',(-0.435444481382,0.900215587309,0.));
#14955 = ADVANCED_FACE('',(#14956),#14967,.F.);
#14956 = FACE_BOUND('',#14957,.F.);
#14957 = EDGE_LOOP('',(#14958,#14964,#14965,#14966));
#14958 = ORIENTED_EDGE('',*,*,#14959,.T.);
#14959 = EDGE_CURVE('',#3558,#8290,#14960,.T.);
#14960 = LINE('',#14961,#14962);
#14961 = CARTESIAN_POINT('',(-3.750746991655,-11.80669968395,0.));
#14962 = VECTOR('',#14963,1.);
#14963 = DIRECTION('',(0.,0.,1.));
#14964 = ORIENTED_EDGE('',*,*,#8297,.T.);
#14965 = ORIENTED_EDGE('',*,*,#14925,.F.);
#14966 = ORIENTED_EDGE('',*,*,#3565,.F.);
#14967 = PLANE('',#14968);
#14968 = AXIS2_PLACEMENT_3D('',#14969,#14970,#14971);
#14969 = CARTESIAN_POINT('',(-3.750746991655,-11.80669968395,0.));
#14970 = DIRECTION('',(-0.753672677526,0.657249948765,0.));
#14971 = DIRECTION('',(0.657249948765,0.753672677526,0.));
#14972 = ADVANCED_FACE('',(#14973),#14984,.F.);
#14973 = FACE_BOUND('',#14974,.F.);
#14974 = EDGE_LOOP('',(#14975,#14976,#14977,#14983));
#14975 = ORIENTED_EDGE('',*,*,#14944,.T.);
#14976 = ORIENTED_EDGE('',*,*,#6121,.T.);
#14977 = ORIENTED_EDGE('',*,*,#14978,.F.);
#14978 = EDGE_CURVE('',#1390,#6122,#14979,.T.);
#14979 = LINE('',#14980,#14981);
#14980 = CARTESIAN_POINT('',(0.68560619399,13.164487483828,0.));
#14981 = VECTOR('',#14982,1.);
#14982 = DIRECTION('',(0.,0.,1.));
#14983 = ORIENTED_EDGE('',*,*,#1389,.F.);
#14984 = PLANE('',#14985);
#14985 = AXIS2_PLACEMENT_3D('',#14986,#14987,#14988);
#14986 = CARTESIAN_POINT('',(0.770618359216,13.000673580415,0.));
#14987 = DIRECTION('',(-0.887595892574,-0.460622981935,0.));
#14988 = DIRECTION('',(-0.460622981935,0.887595892574,0.));
#14989 = ADVANCED_FACE('',(#14990),#15001,.F.);
#14990 = FACE_BOUND('',#14991,.F.);
#14991 = EDGE_LOOP('',(#14992,#14998,#14999,#15000));
#14992 = ORIENTED_EDGE('',*,*,#14993,.T.);
#14993 = EDGE_CURVE('',#3550,#8282,#14994,.T.);
#14994 = LINE('',#14995,#14996);
#14995 = CARTESIAN_POINT('',(-3.870604619015,-11.93504379538,0.));
#14996 = VECTOR('',#14997,1.);
#14997 = DIRECTION('',(0.,0.,1.));
#14998 = ORIENTED_EDGE('',*,*,#8289,.T.);
#14999 = ORIENTED_EDGE('',*,*,#14959,.F.);
#15000 = ORIENTED_EDGE('',*,*,#3557,.F.);
#15001 = PLANE('',#15002);
#15002 = AXIS2_PLACEMENT_3D('',#15003,#15004,#15005);
#15003 = CARTESIAN_POINT('',(-3.870604619015,-11.93504379538,0.));
#15004 = DIRECTION('',(-0.730856999337,0.682530619474,0.));
#15005 = DIRECTION('',(0.682530619474,0.730856999337,0.));
#15006 = ADVANCED_FACE('',(#15007),#15018,.F.);
#15007 = FACE_BOUND('',#15008,.F.);
#15008 = EDGE_LOOP('',(#15009,#15010,#15011,#15017));
#15009 = ORIENTED_EDGE('',*,*,#14978,.T.);
#15010 = ORIENTED_EDGE('',*,*,#6129,.T.);
#15011 = ORIENTED_EDGE('',*,*,#15012,.F.);
#15012 = EDGE_CURVE('',#1398,#6130,#15013,.T.);
#15013 = LINE('',#15014,#15015);
#15014 = CARTESIAN_POINT('',(0.595085279735,13.327885729112,0.));
#15015 = VECTOR('',#15016,1.);
#15016 = DIRECTION('',(0.,0.,1.));
#15017 = ORIENTED_EDGE('',*,*,#1397,.F.);
#15018 = PLANE('',#15019);
#15019 = AXIS2_PLACEMENT_3D('',#15020,#15021,#15022);
#15020 = CARTESIAN_POINT('',(0.68560619399,13.164487483828,0.));
#15021 = DIRECTION('',(-0.874738201192,-0.48459578968,0.));
#15022 = DIRECTION('',(-0.48459578968,0.874738201192,0.));
#15023 = ADVANCED_FACE('',(#15024),#15035,.F.);
#15024 = FACE_BOUND('',#15025,.F.);
#15025 = EDGE_LOOP('',(#15026,#15032,#15033,#15034));
#15026 = ORIENTED_EDGE('',*,*,#15027,.T.);
#15027 = EDGE_CURVE('',#3542,#8274,#15028,.T.);
#15028 = LINE('',#15029,#15030);
#15029 = CARTESIAN_POINT('',(-3.996104917217,-12.0610548322,0.));
#15030 = VECTOR('',#15031,1.);
#15031 = DIRECTION('',(0.,0.,1.));
#15032 = ORIENTED_EDGE('',*,*,#8281,.T.);
#15033 = ORIENTED_EDGE('',*,*,#14993,.F.);
#15034 = ORIENTED_EDGE('',*,*,#3549,.F.);
#15035 = PLANE('',#15036);
#15036 = AXIS2_PLACEMENT_3D('',#15037,#15038,#15039);
#15037 = CARTESIAN_POINT('',(-3.996104917217,-12.0610548322,0.));
#15038 = DIRECTION('',(-0.708541226703,0.705669419815,0.));
#15039 = DIRECTION('',(0.705669419815,0.708541226703,0.));
#15040 = ADVANCED_FACE('',(#15041),#15052,.F.);
#15041 = FACE_BOUND('',#15042,.F.);
#15042 = EDGE_LOOP('',(#15043,#15044,#15045,#15051));
#15043 = ORIENTED_EDGE('',*,*,#15012,.T.);
#15044 = ORIENTED_EDGE('',*,*,#6137,.T.);
#15045 = ORIENTED_EDGE('',*,*,#15046,.F.);
#15046 = EDGE_CURVE('',#1406,#6138,#15047,.T.);
#15047 = LINE('',#15048,#15049);
#15048 = CARTESIAN_POINT('',(0.49915281042,13.49076893553,0.));
#15049 = VECTOR('',#15050,1.);
#15050 = DIRECTION('',(0.,0.,1.));
#15051 = ORIENTED_EDGE('',*,*,#1405,.F.);
#15052 = PLANE('',#15053);
#15053 = AXIS2_PLACEMENT_3D('',#15054,#15055,#15056);
#15054 = CARTESIAN_POINT('',(0.595085279735,13.327885729112,0.));
#15055 = DIRECTION('',(-0.861659398796,-0.507487024925,0.));
#15056 = DIRECTION('',(-0.507487024925,0.861659398796,0.));
#15057 = ADVANCED_FACE('',(#15058),#15069,.F.);
#15058 = FACE_BOUND('',#15059,.F.);
#15059 = EDGE_LOOP('',(#15060,#15066,#15067,#15068));
#15060 = ORIENTED_EDGE('',*,*,#15061,.T.);
#15061 = EDGE_CURVE('',#3534,#8266,#15062,.T.);
#15062 = LINE('',#15063,#15064);
#15063 = CARTESIAN_POINT('',(-4.127026992226,-12.18470564308,0.));
#15064 = VECTOR('',#15065,1.);
#15065 = DIRECTION('',(0.,0.,1.));
#15066 = ORIENTED_EDGE('',*,*,#8273,.T.);
#15067 = ORIENTED_EDGE('',*,*,#15027,.F.);
#15068 = ORIENTED_EDGE('',*,*,#3541,.F.);
#15069 = PLANE('',#15070);
#15070 = AXIS2_PLACEMENT_3D('',#15071,#15072,#15073);
#15071 = CARTESIAN_POINT('',(-4.127026992226,-12.18470564308,0.));
#15072 = DIRECTION('',(-0.68662994445,0.727007097204,0.));
#15073 = DIRECTION('',(0.727007097204,0.68662994445,0.));
#15074 = ADVANCED_FACE('',(#15075),#15086,.F.);
#15075 = FACE_BOUND('',#15076,.F.);
#15076 = EDGE_LOOP('',(#15077,#15078,#15079,#15085));
#15077 = ORIENTED_EDGE('',*,*,#15046,.T.);
#15078 = ORIENTED_EDGE('',*,*,#6145,.T.);
#15079 = ORIENTED_EDGE('',*,*,#15080,.F.);
#15080 = EDGE_CURVE('',#1414,#6146,#15081,.T.);
#15081 = LINE('',#15082,#15083);
#15082 = CARTESIAN_POINT('',(0.166417988932,13.49897422225,0.));
#15083 = VECTOR('',#15084,1.);
#15084 = DIRECTION('',(0.,0.,1.));
#15085 = ORIENTED_EDGE('',*,*,#1413,.F.);
#15086 = PLANE('',#15087);
#15087 = AXIS2_PLACEMENT_3D('',#15088,#15089,#15090);
#15088 = CARTESIAN_POINT('',(0.49915281042,13.49076893553,0.));
#15089 = DIRECTION('',(-2.465264354143E-02,-0.999696077399,0.));
#15090 = DIRECTION('',(-0.999696077399,2.465264354143E-02,0.));
#15091 = ADVANCED_FACE('',(#15092),#15103,.F.);
#15092 = FACE_BOUND('',#15093,.F.);
#15093 = EDGE_LOOP('',(#15094,#15100,#15101,#15102));
#15094 = ORIENTED_EDGE('',*,*,#15095,.T.);
#15095 = EDGE_CURVE('',#3526,#8258,#15096,.T.);
#15096 = LINE('',#15097,#15098);
#15097 = CARTESIAN_POINT('',(-4.263183859355,-12.30595910855,0.));
#15098 = VECTOR('',#15099,1.);
#15099 = DIRECTION('',(0.,0.,1.));
#15100 = ORIENTED_EDGE('',*,*,#8265,.T.);
#15101 = ORIENTED_EDGE('',*,*,#15061,.F.);
#15102 = ORIENTED_EDGE('',*,*,#3533,.F.);
#15103 = PLANE('',#15104);
#15104 = AXIS2_PLACEMENT_3D('',#15105,#15106,#15107);
#15105 = CARTESIAN_POINT('',(-4.263183859355,-12.30595910855,0.));
#15106 = DIRECTION('',(-0.665053367223,0.746795834714,0.));
#15107 = DIRECTION('',(0.746795834714,0.665053367223,0.));
#15108 = ADVANCED_FACE('',(#15109),#15120,.F.);
#15109 = FACE_BOUND('',#15110,.F.);
#15110 = EDGE_LOOP('',(#15111,#15112,#15113,#15119));
#15111 = ORIENTED_EDGE('',*,*,#15080,.T.);
#15112 = ORIENTED_EDGE('',*,*,#6153,.T.);
#15113 = ORIENTED_EDGE('',*,*,#15114,.F.);
#15114 = EDGE_CURVE('',#1422,#6154,#15115,.T.);
#15115 = LINE('',#15116,#15117);
#15116 = CARTESIAN_POINT('',(-0.166417988932,13.49897422225,0.));
#15117 = VECTOR('',#15118,1.);
#15118 = DIRECTION('',(0.,0.,1.));
#15119 = ORIENTED_EDGE('',*,*,#1421,.F.);
#15120 = PLANE('',#15121);
#15121 = AXIS2_PLACEMENT_3D('',#15122,#15123,#15124);
#15122 = CARTESIAN_POINT('',(0.166417988932,13.49897422225,0.));
#15123 = DIRECTION('',(0.,-1.,0.));
#15124 = DIRECTION('',(-1.,0.,0.));
#15125 = ADVANCED_FACE('',(#15126),#15137,.F.);
#15126 = FACE_BOUND('',#15127,.F.);
#15127 = EDGE_LOOP('',(#15128,#15134,#15135,#15136));
#15128 = ORIENTED_EDGE('',*,*,#15129,.T.);
#15129 = EDGE_CURVE('',#3518,#8250,#15130,.T.);
#15130 = LINE('',#15131,#15132);
#15131 = CARTESIAN_POINT('',(-4.404413725648,-12.42477067387,0.));
#15132 = VECTOR('',#15133,1.);
#15133 = DIRECTION('',(0.,0.,1.));
#15134 = ORIENTED_EDGE('',*,*,#8257,.T.);
#15135 = ORIENTED_EDGE('',*,*,#15095,.F.);
#15136 = ORIENTED_EDGE('',*,*,#3525,.F.);
#15137 = PLANE('',#15138);
#15138 = AXIS2_PLACEMENT_3D('',#15139,#15140,#15141);
#15139 = CARTESIAN_POINT('',(-4.404413725648,-12.42477067387,0.));
#15140 = DIRECTION('',(-0.643758894537,0.765228387937,0.));
#15141 = DIRECTION('',(0.765228387937,0.643758894537,0.));
#15142 = ADVANCED_FACE('',(#15143),#15154,.F.);
#15143 = FACE_BOUND('',#15144,.F.);
#15144 = EDGE_LOOP('',(#15145,#15146,#15147,#15153));
#15145 = ORIENTED_EDGE('',*,*,#15114,.T.);
#15146 = ORIENTED_EDGE('',*,*,#6161,.T.);
#15147 = ORIENTED_EDGE('',*,*,#15148,.F.);
#15148 = EDGE_CURVE('',#1430,#6162,#15149,.T.);
#15149 = LINE('',#15150,#15151);
#15150 = CARTESIAN_POINT('',(-0.49915281042,13.49076893553,0.));
#15151 = VECTOR('',#15152,1.);
#15152 = DIRECTION('',(0.,0.,1.));
#15153 = ORIENTED_EDGE('',*,*,#1429,.F.);
#15154 = PLANE('',#15155);
#15155 = AXIS2_PLACEMENT_3D('',#15156,#15157,#15158);
#15156 = CARTESIAN_POINT('',(-0.166417988932,13.49897422225,0.));
#15157 = DIRECTION('',(2.465264354143E-02,-0.999696077399,0.));
#15158 = DIRECTION('',(-0.999696077399,-2.465264354143E-02,0.));
#15159 = ADVANCED_FACE('',(#15160),#15171,.F.);
#15160 = FACE_BOUND('',#15161,.F.);
#15161 = EDGE_LOOP('',(#15162,#15168,#15169,#15170));
#15162 = ORIENTED_EDGE('',*,*,#15163,.T.);
#15163 = EDGE_CURVE('',#3510,#8242,#15164,.T.);
#15164 = LINE('',#15165,#15166);
#15165 = CARTESIAN_POINT('',(-4.55057394694,-12.54109011417,0.));
#15166 = VECTOR('',#15167,1.);
#15167 = DIRECTION('',(0.,0.,1.));
#15168 = ORIENTED_EDGE('',*,*,#8249,.T.);
#15169 = ORIENTED_EDGE('',*,*,#15129,.F.);
#15170 = ORIENTED_EDGE('',*,*,#3517,.F.);
#15171 = PLANE('',#15172);
#15172 = AXIS2_PLACEMENT_3D('',#15173,#15174,#15175);
#15173 = CARTESIAN_POINT('',(-4.55057394694,-12.54109011417,0.));
#15174 = DIRECTION('',(-0.622705940282,0.78245594888,0.));
#15175 = DIRECTION('',(0.78245594888,0.622705940282,0.));
#15176 = ADVANCED_FACE('',(#15177),#15188,.F.);
#15177 = FACE_BOUND('',#15178,.F.);
#15178 = EDGE_LOOP('',(#15179,#15180,#15181,#15187));
#15179 = ORIENTED_EDGE('',*,*,#15148,.T.);
#15180 = ORIENTED_EDGE('',*,*,#6169,.T.);
#15181 = ORIENTED_EDGE('',*,*,#15182,.F.);
#15182 = EDGE_CURVE('',#1438,#6170,#15183,.T.);
#15183 = LINE('',#15184,#15185);
#15184 = CARTESIAN_POINT('',(-0.595085279735,13.327885729112,0.));
#15185 = VECTOR('',#15186,1.);
#15186 = DIRECTION('',(0.,0.,1.));
#15187 = ORIENTED_EDGE('',*,*,#1437,.F.);
#15188 = PLANE('',#15189);
#15189 = AXIS2_PLACEMENT_3D('',#15190,#15191,#15192);
#15190 = CARTESIAN_POINT('',(-0.49915281042,13.49076893553,0.));
#15191 = DIRECTION('',(0.861659398796,-0.507487024925,0.));
#15192 = DIRECTION('',(-0.507487024925,-0.861659398796,0.));
#15193 = ADVANCED_FACE('',(#15194),#15205,.F.);
#15194 = FACE_BOUND('',#15195,.F.);
#15195 = EDGE_LOOP('',(#15196,#15202,#15203,#15204));
#15196 = ORIENTED_EDGE('',*,*,#15197,.T.);
#15197 = EDGE_CURVE('',#3502,#8234,#15198,.T.);
#15198 = LINE('',#15199,#15200);
#15199 = CARTESIAN_POINT('',(-4.70153669635,-12.65486280814,0.));
#15200 = VECTOR('',#15201,1.);
#15201 = DIRECTION('',(0.,0.,1.));
#15202 = ORIENTED_EDGE('',*,*,#8241,.T.);
#15203 = ORIENTED_EDGE('',*,*,#15163,.F.);
#15204 = ORIENTED_EDGE('',*,*,#3509,.F.);
#15205 = PLANE('',#15206);
#15206 = AXIS2_PLACEMENT_3D('',#15207,#15208,#15209);
#15207 = CARTESIAN_POINT('',(-4.70153669635,-12.65486280814,0.));
#15208 = DIRECTION('',(-0.601862605964,0.798599651604,0.));
#15209 = DIRECTION('',(0.798599651604,0.601862605964,0.));
#15210 = ADVANCED_FACE('',(#15211),#15222,.F.);
#15211 = FACE_BOUND('',#15212,.F.);
#15212 = EDGE_LOOP('',(#15213,#15214,#15215,#15221));
#15213 = ORIENTED_EDGE('',*,*,#15182,.T.);
#15214 = ORIENTED_EDGE('',*,*,#6177,.T.);
#15215 = ORIENTED_EDGE('',*,*,#15216,.F.);
#15216 = EDGE_CURVE('',#1446,#6178,#15217,.T.);
#15217 = LINE('',#15218,#15219);
#15218 = CARTESIAN_POINT('',(-0.68560619399,13.164487483828,0.));
#15219 = VECTOR('',#15220,1.);
#15220 = DIRECTION('',(0.,0.,1.));
#15221 = ORIENTED_EDGE('',*,*,#1445,.F.);
#15222 = PLANE('',#15223);
#15223 = AXIS2_PLACEMENT_3D('',#15224,#15225,#15226);
#15224 = CARTESIAN_POINT('',(-0.595085279735,13.327885729112,0.));
#15225 = DIRECTION('',(0.874738201192,-0.48459578968,0.));
#15226 = DIRECTION('',(-0.48459578968,-0.874738201192,0.));
#15227 = ADVANCED_FACE('',(#15228),#15239,.F.);
#15228 = FACE_BOUND('',#15229,.F.);
#15229 = EDGE_LOOP('',(#15230,#15236,#15237,#15238));
#15230 = ORIENTED_EDGE('',*,*,#15231,.T.);
#15231 = EDGE_CURVE('',#3494,#8226,#15232,.T.);
#15232 = LINE('',#15233,#15234);
#15233 = CARTESIAN_POINT('',(-5.012083614962,-12.53511140104,0.));
#15234 = VECTOR('',#15235,1.);
#15235 = DIRECTION('',(0.,0.,1.));
#15236 = ORIENTED_EDGE('',*,*,#8233,.T.);
#15237 = ORIENTED_EDGE('',*,*,#15197,.F.);
#15238 = ORIENTED_EDGE('',*,*,#3501,.F.);
#15239 = PLANE('',#15240);
#15240 = AXIS2_PLACEMENT_3D('',#15241,#15242,#15243);
#15241 = CARTESIAN_POINT('',(-5.012083614962,-12.53511140104,0.));
#15242 = DIRECTION('',(0.359791053431,0.933032902888,-0.));
#15243 = DIRECTION('',(0.933032902888,-0.359791053431,0.));
#15244 = ADVANCED_FACE('',(#15245),#15256,.F.);
#15245 = FACE_BOUND('',#15246,.F.);
#15246 = EDGE_LOOP('',(#15247,#15248,#15249,#15255));
#15247 = ORIENTED_EDGE('',*,*,#15216,.T.);
#15248 = ORIENTED_EDGE('',*,*,#6185,.T.);
#15249 = ORIENTED_EDGE('',*,*,#15250,.F.);
#15250 = EDGE_CURVE('',#1454,#6186,#15251,.T.);
#15251 = LINE('',#15252,#15253);
#15252 = CARTESIAN_POINT('',(-0.770618359216,13.000673580415,0.));
#15253 = VECTOR('',#15254,1.);
#15254 = DIRECTION('',(0.,0.,1.));
#15255 = ORIENTED_EDGE('',*,*,#1453,.F.);
#15256 = PLANE('',#15257);
#15257 = AXIS2_PLACEMENT_3D('',#15258,#15259,#15260);
#15258 = CARTESIAN_POINT('',(-0.68560619399,13.164487483828,0.));
#15259 = DIRECTION('',(0.887595892574,-0.460622981935,0.));
#15260 = DIRECTION('',(-0.460622981935,-0.887595892574,0.));
#15261 = ADVANCED_FACE('',(#15262),#15273,.F.);
#15262 = FACE_BOUND('',#15263,.F.);
#15263 = EDGE_LOOP('',(#15264,#15270,#15271,#15272));
#15264 = ORIENTED_EDGE('',*,*,#15265,.T.);
#15265 = EDGE_CURVE('',#3486,#8218,#15266,.T.);
#15266 = LINE('',#15267,#15268);
#15267 = CARTESIAN_POINT('',(-5.319583962594,-12.40774058662,0.));
#15268 = VECTOR('',#15269,1.);
#15269 = DIRECTION('',(0.,0.,1.));
#15270 = ORIENTED_EDGE('',*,*,#8225,.T.);
#15271 = ORIENTED_EDGE('',*,*,#15231,.F.);
#15272 = ORIENTED_EDGE('',*,*,#3493,.F.);
#15273 = PLANE('',#15274);
#15274 = AXIS2_PLACEMENT_3D('',#15275,#15276,#15277);
#15275 = CARTESIAN_POINT('',(-5.319583962594,-12.40774058662,0.));
#15276 = DIRECTION('',(0.382683432365,0.923879532511,-0.));
#15277 = DIRECTION('',(0.923879532511,-0.382683432365,0.));
#15278 = ADVANCED_FACE('',(#15279),#15290,.F.);
#15279 = FACE_BOUND('',#15280,.F.);
#15280 = EDGE_LOOP('',(#15281,#15282,#15283,#15289));
#15281 = ORIENTED_EDGE('',*,*,#15250,.T.);
#15282 = ORIENTED_EDGE('',*,*,#6193,.T.);
#15283 = ORIENTED_EDGE('',*,*,#15284,.F.);
#15284 = EDGE_CURVE('',#1462,#6194,#15285,.T.);
#15285 = LINE('',#15286,#15287);
#15286 = CARTESIAN_POINT('',(-0.850009209616,12.836545008172,0.));
#15287 = VECTOR('',#15288,1.);
#15288 = DIRECTION('',(0.,0.,1.));
#15289 = ORIENTED_EDGE('',*,*,#1461,.F.);
#15290 = PLANE('',#15291);
#15291 = AXIS2_PLACEMENT_3D('',#15292,#15293,#15294);
#15292 = CARTESIAN_POINT('',(-0.770618359216,13.000673580415,0.));
#15293 = DIRECTION('',(0.900215587309,-0.435444481382,0.));
#15294 = DIRECTION('',(-0.435444481382,-0.900215587309,0.));
#15295 = ADVANCED_FACE('',(#15296),#15307,.F.);
#15296 = FACE_BOUND('',#15297,.F.);
#15297 = EDGE_LOOP('',(#15298,#15304,#15305,#15306));
#15298 = ORIENTED_EDGE('',*,*,#15299,.T.);
#15299 = EDGE_CURVE('',#3478,#8210,#15300,.T.);
#15300 = LINE('',#15301,#15302);
#15301 = CARTESIAN_POINT('',(-5.623850826635,-12.2728277866,0.));
#15302 = VECTOR('',#15303,1.);
#15303 = DIRECTION('',(0.,0.,1.));
#15304 = ORIENTED_EDGE('',*,*,#8217,.T.);
#15305 = ORIENTED_EDGE('',*,*,#15265,.F.);
#15306 = ORIENTED_EDGE('',*,*,#3485,.F.);
#15307 = PLANE('',#15308);
#15308 = AXIS2_PLACEMENT_3D('',#15309,#15310,#15311);
#15309 = CARTESIAN_POINT('',(-5.623850826635,-12.2728277866,0.));
#15310 = DIRECTION('',(0.405343199011,0.914164586393,-0.));
#15311 = DIRECTION('',(0.914164586393,-0.405343199011,0.));
#15312 = ADVANCED_FACE('',(#15313),#15324,.F.);
#15313 = FACE_BOUND('',#15314,.F.);
#15314 = EDGE_LOOP('',(#15315,#15316,#15317,#15323));
#15315 = ORIENTED_EDGE('',*,*,#15284,.T.);
#15316 = ORIENTED_EDGE('',*,*,#6201,.T.);
#15317 = ORIENTED_EDGE('',*,*,#15318,.F.);
#15318 = EDGE_CURVE('',#1470,#6202,#15319,.T.);
#15319 = LINE('',#15320,#15321);
#15320 = CARTESIAN_POINT('',(-0.923646318345,12.672204845778,0.));
#15321 = VECTOR('',#15322,1.);
#15322 = DIRECTION('',(0.,0.,1.));
#15323 = ORIENTED_EDGE('',*,*,#1469,.F.);
#15324 = PLANE('',#15325);
#15325 = AXIS2_PLACEMENT_3D('',#15326,#15327,#15328);
#15326 = CARTESIAN_POINT('',(-0.850009209616,12.836545008172,0.));
#15327 = DIRECTION('',(0.912576923398,-0.408905073191,0.));
#15328 = DIRECTION('',(-0.408905073191,-0.912576923398,0.));
#15329 = ADVANCED_FACE('',(#15330),#15341,.F.);
#15330 = FACE_BOUND('',#15331,.F.);
#15331 = EDGE_LOOP('',(#15332,#15338,#15339,#15340));
#15332 = ORIENTED_EDGE('',*,*,#15333,.T.);
#15333 = EDGE_CURVE('',#3470,#8202,#15334,.T.);
#15334 = LINE('',#15335,#15336);
#15335 = CARTESIAN_POINT('',(-5.650148167032,-12.08563155937,0.));
#15336 = VECTOR('',#15337,1.);
#15337 = DIRECTION('',(0.,0.,1.));
#15338 = ORIENTED_EDGE('',*,*,#8209,.T.);
#15339 = ORIENTED_EDGE('',*,*,#15299,.F.);
#15340 = ORIENTED_EDGE('',*,*,#3477,.F.);
#15341 = PLANE('',#15342);
#15342 = AXIS2_PLACEMENT_3D('',#15343,#15344,#15345);
#15343 = CARTESIAN_POINT('',(-5.650148167032,-12.08563155937,0.));
#15344 = DIRECTION('',(0.990276359122,0.139114099083,-0.));
#15345 = DIRECTION('',(0.139114099083,-0.990276359122,0.));
#15346 = ADVANCED_FACE('',(#15347),#15358,.F.);
#15347 = FACE_BOUND('',#15348,.F.);
#15348 = EDGE_LOOP('',(#15349,#15350,#15351,#15357));
#15349 = ORIENTED_EDGE('',*,*,#15318,.T.);
#15350 = ORIENTED_EDGE('',*,*,#6209,.T.);
#15351 = ORIENTED_EDGE('',*,*,#15352,.F.);
#15352 = EDGE_CURVE('',#1478,#6210,#15353,.T.);
#15353 = LINE('',#15354,#15355);
#15354 = CARTESIAN_POINT('',(-0.991371139094,12.507758943115,0.));
#15355 = VECTOR('',#15356,1.);
#15356 = DIRECTION('',(0.,0.,1.));
#15357 = ORIENTED_EDGE('',*,*,#1477,.F.);
#15358 = PLANE('',#15359);
#15359 = AXIS2_PLACEMENT_3D('',#15360,#15361,#15362);
#15360 = CARTESIAN_POINT('',(-0.923646318345,12.672204845778,0.));
#15361 = DIRECTION('',(0.924654732981,-0.380806545079,0.));
#15362 = DIRECTION('',(-0.380806545079,-0.924654732981,0.));
#15363 = ADVANCED_FACE('',(#15364),#15375,.F.);
#15364 = FACE_BOUND('',#15365,.F.);
#15365 = EDGE_LOOP('',(#15366,#15372,#15373,#15374));
#15366 = ORIENTED_EDGE('',*,*,#15367,.T.);
#15367 = EDGE_CURVE('',#3462,#8194,#15368,.T.);
#15368 = LINE('',#15369,#15370);
#15369 = CARTESIAN_POINT('',(-5.671248785629,-11.90003041074,0.));
#15370 = VECTOR('',#15371,1.);
#15371 = DIRECTION('',(0.,0.,1.));
#15372 = ORIENTED_EDGE('',*,*,#8201,.T.);
#15373 = ORIENTED_EDGE('',*,*,#15333,.F.);
#15374 = ORIENTED_EDGE('',*,*,#3469,.F.);
#15375 = PLANE('',#15376);
#15376 = AXIS2_PLACEMENT_3D('',#15377,#15378,#15379);
#15377 = CARTESIAN_POINT('',(-5.671248785629,-11.90003041074,0.));
#15378 = DIRECTION('',(0.993599500491,0.112960314374,-0.));
#15379 = DIRECTION('',(0.112960314374,-0.993599500491,0.));
#15380 = ADVANCED_FACE('',(#15381),#15392,.F.);
#15381 = FACE_BOUND('',#15382,.F.);
#15382 = EDGE_LOOP('',(#15383,#15384,#15385,#15391));
#15383 = ORIENTED_EDGE('',*,*,#15352,.T.);
#15384 = ORIENTED_EDGE('',*,*,#6217,.T.);
#15385 = ORIENTED_EDGE('',*,*,#15386,.F.);
#15386 = EDGE_CURVE('',#1486,#6218,#15387,.T.);
#15387 = LINE('',#15388,#15389);
#15388 = CARTESIAN_POINT('',(-1.052989982741,12.343316917213,0.));
#15389 = VECTOR('',#15390,1.);
#15390 = DIRECTION('',(0.,0.,1.));
#15391 = ORIENTED_EDGE('',*,*,#1485,.F.);
#15392 = PLANE('',#15393);
#15393 = AXIS2_PLACEMENT_3D('',#15394,#15395,#15396);
#15394 = CARTESIAN_POINT('',(-0.991371139094,12.507758943115,0.));
#15395 = DIRECTION('',(0.936416983035,-0.35088920457,0.));
#15396 = DIRECTION('',(-0.35088920457,-0.936416983035,0.));
#15397 = ADVANCED_FACE('',(#15398),#15409,.F.);
#15398 = FACE_BOUND('',#15399,.F.);
#15399 = EDGE_LOOP('',(#15400,#15406,#15407,#15408));
#15400 = ORIENTED_EDGE('',*,*,#15401,.T.);
#15401 = EDGE_CURVE('',#3454,#8186,#15402,.T.);
#15402 = LINE('',#15403,#15404);
#15403 = CARTESIAN_POINT('',(-5.687100918268,-11.71615335105,0.));
#15404 = VECTOR('',#15405,1.);
#15405 = DIRECTION('',(0.,0.,1.));
#15406 = ORIENTED_EDGE('',*,*,#8193,.T.);
#15407 = ORIENTED_EDGE('',*,*,#15367,.F.);
#15408 = ORIENTED_EDGE('',*,*,#3461,.F.);
#15409 = PLANE('',#15410);
#15410 = AXIS2_PLACEMENT_3D('',#15411,#15412,#15413);
#15411 = CARTESIAN_POINT('',(-5.687100918268,-11.71615335105,0.));
#15412 = DIRECTION('',(0.996304462043,8.589190249037E-02,-0.));
#15413 = DIRECTION('',(8.589190249037E-02,-0.996304462043,0.));
#15414 = ADVANCED_FACE('',(#15415),#15426,.F.);
#15415 = FACE_BOUND('',#15416,.F.);
#15416 = EDGE_LOOP('',(#15417,#15418,#15419,#15425));
#15417 = ORIENTED_EDGE('',*,*,#15386,.T.);
#15418 = ORIENTED_EDGE('',*,*,#6225,.T.);
#15419 = ORIENTED_EDGE('',*,*,#15420,.F.);
#15420 = EDGE_CURVE('',#1494,#6226,#15421,.T.);
#15421 = LINE('',#15422,#15423);
#15422 = CARTESIAN_POINT('',(-1.108260454223,12.178993663862,0.));
#15423 = VECTOR('',#15424,1.);
#15424 = DIRECTION('',(0.,0.,1.));
#15425 = ORIENTED_EDGE('',*,*,#1493,.F.);
#15426 = PLANE('',#15427);
#15427 = AXIS2_PLACEMENT_3D('',#15428,#15429,#15430);
#15428 = CARTESIAN_POINT('',(-1.052989982741,12.343316917213,0.));
#15429 = DIRECTION('',(0.947821427294,-0.318801728293,0.));
#15430 = DIRECTION('',(-0.318801728293,-0.947821427294,0.));
#15431 = ADVANCED_FACE('',(#15432),#15443,.F.);
#15432 = FACE_BOUND('',#15433,.F.);
#15433 = EDGE_LOOP('',(#15434,#15440,#15441,#15442));
#15434 = ORIENTED_EDGE('',*,*,#15435,.T.);
#15435 = EDGE_CURVE('',#3446,#8178,#15436,.T.);
#15436 = LINE('',#15437,#15438);
#15437 = CARTESIAN_POINT('',(-5.697639214646,-11.53413675933,0.));
#15438 = VECTOR('',#15439,1.);
#15439 = DIRECTION('',(0.,0.,1.));
#15440 = ORIENTED_EDGE('',*,*,#8185,.T.);
#15441 = ORIENTED_EDGE('',*,*,#15401,.F.);
#15442 = ORIENTED_EDGE('',*,*,#3453,.F.);
#15443 = PLANE('',#15444);
#15444 = AXIS2_PLACEMENT_3D('',#15445,#15446,#15447);
#15445 = CARTESIAN_POINT('',(-5.697639214646,-11.53413675933,0.));
#15446 = DIRECTION('',(0.998328144702,5.780065307352E-02,-0.));
#15447 = DIRECTION('',(5.780065307352E-02,-0.998328144702,0.));
#15448 = ADVANCED_FACE('',(#15449),#15460,.F.);
#15449 = FACE_BOUND('',#15450,.F.);
#15450 = EDGE_LOOP('',(#15451,#15452,#15453,#15459));
#15451 = ORIENTED_EDGE('',*,*,#15420,.T.);
#15452 = ORIENTED_EDGE('',*,*,#6233,.T.);
#15453 = ORIENTED_EDGE('',*,*,#15454,.F.);
#15454 = EDGE_CURVE('',#1502,#6234,#15455,.T.);
#15455 = LINE('',#15456,#15457);
#15456 = CARTESIAN_POINT('',(-1.156869955583,12.014911770345,0.));
#15457 = VECTOR('',#15458,1.);
#15458 = DIRECTION('',(0.,0.,1.));
#15459 = ORIENTED_EDGE('',*,*,#1501,.F.);
#15460 = PLANE('',#15461);
#15461 = AXIS2_PLACEMENT_3D('',#15462,#15463,#15464);
#15462 = CARTESIAN_POINT('',(-1.108260454223,12.178993663862,0.));
#15463 = DIRECTION('',(0.958809820167,-0.284048814031,0.));
#15464 = DIRECTION('',(-0.284048814031,-0.958809820167,0.));
#15465 = ADVANCED_FACE('',(#15466),#15477,.F.);
#15466 = FACE_BOUND('',#15467,.F.);
#15467 = EDGE_LOOP('',(#15468,#15474,#15475,#15476));
#15468 = ORIENTED_EDGE('',*,*,#15469,.T.);
#15469 = EDGE_CURVE('',#3438,#8170,#15470,.T.);
#15470 = LINE('',#15471,#15472);
#15471 = CARTESIAN_POINT('',(-5.702780774814,-11.3541265454,0.));
#15472 = VECTOR('',#15473,1.);
#15473 = DIRECTION('',(0.,0.,1.));
#15474 = ORIENTED_EDGE('',*,*,#8177,.T.);
#15475 = ORIENTED_EDGE('',*,*,#15435,.F.);
#15476 = ORIENTED_EDGE('',*,*,#3445,.F.);
#15477 = PLANE('',#15478);
#15478 = AXIS2_PLACEMENT_3D('',#15479,#15480,#15481);
#15479 = CARTESIAN_POINT('',(-5.702780774814,-11.3541265454,0.));
#15480 = DIRECTION('',(0.99959233829,2.855095851751E-02,-0.));
#15481 = DIRECTION('',(2.855095851751E-02,-0.99959233829,0.));
#15482 = ADVANCED_FACE('',(#15483),#15494,.F.);
#15483 = FACE_BOUND('',#15484,.F.);
#15484 = EDGE_LOOP('',(#15485,#15486,#15487,#15493));
#15485 = ORIENTED_EDGE('',*,*,#15454,.T.);
#15486 = ORIENTED_EDGE('',*,*,#6241,.T.);
#15487 = ORIENTED_EDGE('',*,*,#15488,.F.);
#15488 = EDGE_CURVE('',#1510,#6242,#15489,.T.);
#15489 = LINE('',#15490,#15491);
#15490 = CARTESIAN_POINT('',(-1.19839914344,11.851205636944,0.));
#15491 = VECTOR('',#15492,1.);
#15492 = DIRECTION('',(0.,0.,1.));
#15493 = ORIENTED_EDGE('',*,*,#1509,.F.);
#15494 = PLANE('',#15495);
#15495 = AXIS2_PLACEMENT_3D('',#15496,#15497,#15498);
#15496 = CARTESIAN_POINT('',(-1.156869955583,12.014911770345,0.));
#15497 = DIRECTION('',(0.96929708909,-0.245892564105,0.));
#15498 = DIRECTION('',(-0.245892564105,-0.96929708909,0.));
#15499 = ADVANCED_FACE('',(#15500),#15511,.F.);
#15500 = FACE_BOUND('',#15501,.F.);
#15501 = EDGE_LOOP('',(#15502,#15508,#15509,#15510));
#15502 = ORIENTED_EDGE('',*,*,#15503,.T.);
#15503 = EDGE_CURVE('',#3430,#8162,#15504,.T.);
#15504 = LINE('',#15505,#15506);
#15505 = CARTESIAN_POINT('',(-5.702419628077,-11.17628117487,0.));
#15506 = VECTOR('',#15507,1.);
#15507 = DIRECTION('',(0.,0.,1.));
#15508 = ORIENTED_EDGE('',*,*,#8169,.T.);
#15509 = ORIENTED_EDGE('',*,*,#15469,.F.);
#15510 = ORIENTED_EDGE('',*,*,#3437,.F.);
#15511 = PLANE('',#15512);
#15512 = AXIS2_PLACEMENT_3D('',#15513,#15514,#15515);
#15513 = CARTESIAN_POINT('',(-5.702419628077,-11.17628117487,0.));
#15514 = DIRECTION('',(0.999997938179,-2.03067412486E-03,0.));
#15515 = DIRECTION('',(-2.03067412486E-03,-0.999997938179,0.));
#15516 = ADVANCED_FACE('',(#15517),#15528,.F.);
#15517 = FACE_BOUND('',#15518,.F.);
#15518 = EDGE_LOOP('',(#15519,#15520,#15521,#15527));
#15519 = ORIENTED_EDGE('',*,*,#15488,.T.);
#15520 = ORIENTED_EDGE('',*,*,#6249,.T.);
#15521 = ORIENTED_EDGE('',*,*,#15522,.F.);
#15522 = EDGE_CURVE('',#1518,#6250,#15523,.T.);
#15523 = LINE('',#15524,#15525);
#15524 = CARTESIAN_POINT('',(-1.232253458089,11.688029224477,0.));
#15525 = VECTOR('',#15526,1.);
#15526 = DIRECTION('',(0.,0.,1.));
#15527 = ORIENTED_EDGE('',*,*,#1517,.F.);
#15528 = PLANE('',#15529);
#15529 = AXIS2_PLACEMENT_3D('',#15530,#15531,#15532);
#15530 = CARTESIAN_POINT('',(-1.19839914344,11.851205636944,0.));
#15531 = DIRECTION('',(0.979148745014,-0.203144616314,0.));
#15532 = DIRECTION('',(-0.203144616314,-0.979148745014,0.));
#15533 = ADVANCED_FACE('',(#15534),#15545,.F.);
#15534 = FACE_BOUND('',#15535,.F.);
#15535 = EDGE_LOOP('',(#15536,#15542,#15543,#15544));
#15536 = ORIENTED_EDGE('',*,*,#15537,.T.);
#15537 = EDGE_CURVE('',#3422,#8154,#15538,.T.);
#15538 = LINE('',#15539,#15540);
#15539 = CARTESIAN_POINT('',(-5.696418777643,-11.00077604227,0.));
#15540 = VECTOR('',#15541,1.);
#15541 = DIRECTION('',(0.,0.,1.));
#15542 = ORIENTED_EDGE('',*,*,#8161,.T.);
#15543 = ORIENTED_EDGE('',*,*,#15503,.F.);
#15544 = ORIENTED_EDGE('',*,*,#3429,.F.);
#15545 = PLANE('',#15546);
#15546 = AXIS2_PLACEMENT_3D('',#15547,#15548,#15549);
#15547 = CARTESIAN_POINT('',(-5.696418777643,-11.00077604227,0.));
#15548 = DIRECTION('',(0.999415969707,-3.417191091091E-02,0.));
#15549 = DIRECTION('',(-3.417191091091E-02,-0.999415969707,0.));
#15550 = ADVANCED_FACE('',(#15551),#15562,.F.);
#15551 = FACE_BOUND('',#15552,.F.);
#15552 = EDGE_LOOP('',(#15553,#15554,#15555,#15561));
#15553 = ORIENTED_EDGE('',*,*,#15522,.T.);
#15554 = ORIENTED_EDGE('',*,*,#6257,.T.);
#15555 = ORIENTED_EDGE('',*,*,#15556,.F.);
#15556 = EDGE_CURVE('',#1526,#6258,#15557,.T.);
#15557 = LINE('',#15558,#15559);
#15558 = CARTESIAN_POINT('',(-1.25751456162,11.525572897424,0.));
#15559 = VECTOR('',#15560,1.);
#15560 = DIRECTION('',(0.,0.,1.));
#15561 = ORIENTED_EDGE('',*,*,#1525,.F.);
#15562 = PLANE('',#15563);
#15563 = AXIS2_PLACEMENT_3D('',#15564,#15565,#15566);
#15564 = CARTESIAN_POINT('',(-1.232253458089,11.688029224477,0.));
#15565 = DIRECTION('',(0.988125594969,-0.15364832758,0.));
#15566 = DIRECTION('',(-0.15364832758,-0.988125594969,0.));
#15567 = ADVANCED_FACE('',(#15568),#15579,.F.);
#15568 = FACE_BOUND('',#15569,.F.);
#15569 = EDGE_LOOP('',(#15570,#15576,#15577,#15578));
#15570 = ORIENTED_EDGE('',*,*,#15571,.T.);
#15571 = EDGE_CURVE('',#3414,#8146,#15572,.T.);
#15572 = LINE('',#15573,#15574);
#15573 = CARTESIAN_POINT('',(-5.684598248388,-10.82781005805,0.));
#15574 = VECTOR('',#15575,1.);
#15575 = DIRECTION('',(0.,0.,1.));
#15576 = ORIENTED_EDGE('',*,*,#8153,.T.);
#15577 = ORIENTED_EDGE('',*,*,#15537,.F.);
#15578 = ORIENTED_EDGE('',*,*,#3421,.F.);
#15579 = PLANE('',#15580);
#15580 = AXIS2_PLACEMENT_3D('',#15581,#15582,#15583);
#15581 = CARTESIAN_POINT('',(-5.684598248388,-10.82781005805,0.));
#15582 = DIRECTION('',(0.99767295678,-6.818116536719E-02,0.));
#15583 = DIRECTION('',(-6.818116536719E-02,-0.99767295678,0.));
#15584 = ADVANCED_FACE('',(#15585),#15596,.F.);
#15585 = FACE_BOUND('',#15586,.F.);
#15586 = EDGE_LOOP('',(#15587,#15588,#15589,#15595));
#15587 = ORIENTED_EDGE('',*,*,#15556,.T.);
#15588 = ORIENTED_EDGE('',*,*,#6265,.T.);
#15589 = ORIENTED_EDGE('',*,*,#15590,.F.);
#15590 = EDGE_CURVE('',#1534,#6266,#15591,.T.);
#15591 = LINE('',#15592,#15593);
#15592 = CARTESIAN_POINT('',(-1.272524038201,11.364110672478,0.));
#15593 = VECTOR('',#15594,1.);
#15594 = DIRECTION('',(0.,0.,1.));
#15595 = ORIENTED_EDGE('',*,*,#1533,.F.);
#15596 = PLANE('',#15597);
#15597 = AXIS2_PLACEMENT_3D('',#15598,#15599,#15600);
#15598 = CARTESIAN_POINT('',(-1.25751456162,11.525572897424,0.));
#15599 = DIRECTION('',(0.995707052239,-9.256060782806E-02,0.));
#15600 = DIRECTION('',(-9.256060782806E-02,-0.995707052239,0.));
#15601 = ADVANCED_FACE('',(#15602),#15613,.F.);
#15602 = FACE_BOUND('',#15603,.F.);
#15603 = EDGE_LOOP('',(#15604,#15610,#15611,#15612));
#15604 = ORIENTED_EDGE('',*,*,#15605,.T.);
#15605 = EDGE_CURVE('',#3406,#8138,#15606,.T.);
#15606 = LINE('',#15607,#15608);
#15607 = CARTESIAN_POINT('',(-5.66671614958,-10.65761610414,0.));
#15608 = VECTOR('',#15609,1.);
#15609 = DIRECTION('',(0.,0.,1.));
#15610 = ORIENTED_EDGE('',*,*,#8145,.T.);
#15611 = ORIENTED_EDGE('',*,*,#15571,.F.);
#15612 = ORIENTED_EDGE('',*,*,#3413,.F.);
#15613 = PLANE('',#15614);
#15614 = AXIS2_PLACEMENT_3D('',#15615,#15616,#15617);
#15615 = CARTESIAN_POINT('',(-5.66671614958,-10.65761610414,0.));
#15616 = DIRECTION('',(0.994525543535,-0.10449374745,0.));
#15617 = DIRECTION('',(-0.10449374745,-0.994525543535,0.));
#15618 = ADVANCED_FACE('',(#15619),#15630,.F.);
#15619 = FACE_BOUND('',#15620,.F.);
#15620 = EDGE_LOOP('',(#15621,#15622,#15623,#15629));
#15621 = ORIENTED_EDGE('',*,*,#15590,.T.);
#15622 = ORIENTED_EDGE('',*,*,#6273,.T.);
#15623 = ORIENTED_EDGE('',*,*,#15624,.F.);
#15624 = EDGE_CURVE('',#1542,#6274,#15625,.T.);
#15625 = LINE('',#15626,#15627);
#15626 = CARTESIAN_POINT('',(-1.272398745244,11.204282356452,0.));
#15627 = VECTOR('',#15628,1.);
#15628 = DIRECTION('',(0.,0.,1.));
#15629 = ORIENTED_EDGE('',*,*,#1541,.F.);
#15630 = PLANE('',#15631);
#15631 = AXIS2_PLACEMENT_3D('',#15632,#15633,#15634);
#15632 = CARTESIAN_POINT('',(-1.272524038201,11.364110672478,0.));
#15633 = DIRECTION('',(0.999999692733,7.839219114672E-04,-0.));
#15634 = DIRECTION('',(7.839219114672E-04,-0.999999692733,0.));
#15635 = ADVANCED_FACE('',(#15636),#15647,.F.);
#15636 = FACE_BOUND('',#15637,.F.);
#15637 = EDGE_LOOP('',(#15638,#15644,#15645,#15646));
#15638 = ORIENTED_EDGE('',*,*,#15639,.T.);
#15639 = EDGE_CURVE('',#3398,#8130,#15640,.T.);
#15640 = LINE('',#15641,#15642);
#15641 = CARTESIAN_POINT('',(-5.642436491213,-10.490478826,0.));
#15642 = VECTOR('',#15643,1.);
#15643 = DIRECTION('',(0.,0.,1.));
#15644 = ORIENTED_EDGE('',*,*,#8137,.T.);
#15645 = ORIENTED_EDGE('',*,*,#15605,.F.);
#15646 = ORIENTED_EDGE('',*,*,#3405,.F.);
#15647 = PLANE('',#15648);
#15648 = AXIS2_PLACEMENT_3D('',#15649,#15650,#15651);
#15649 = CARTESIAN_POINT('',(-5.642436491213,-10.490478826,0.));
#15650 = DIRECTION('',(0.989612751958,-0.143758829861,0.));
#15651 = DIRECTION('',(-0.143758829861,-0.989612751958,0.));
#15652 = ADVANCED_FACE('',(#15653),#15664,.F.);
#15653 = FACE_BOUND('',#15654,.F.);
#15654 = EDGE_LOOP('',(#15655,#15656,#15657,#15663));
#15655 = ORIENTED_EDGE('',*,*,#15624,.T.);
#15656 = ORIENTED_EDGE('',*,*,#6281,.T.);
#15657 = ORIENTED_EDGE('',*,*,#15658,.F.);
#15658 = EDGE_CURVE('',#1550,#6282,#15659,.T.);
#15659 = LINE('',#15660,#15661);
#15660 = CARTESIAN_POINT('',(-1.14248798769,10.060335292523,0.));
#15661 = VECTOR('',#15662,1.);
#15662 = DIRECTION('',(0.,0.,1.));
#15663 = ORIENTED_EDGE('',*,*,#1549,.F.);
#15664 = PLANE('',#15665);
#15665 = AXIS2_PLACEMENT_3D('',#15666,#15667,#15668);
#15666 = CARTESIAN_POINT('',(-1.272398745244,11.204282356452,0.));
#15667 = DIRECTION('',(0.993613362224,0.112838319772,-0.));
#15668 = DIRECTION('',(0.112838319772,-0.993613362224,0.));
#15669 = ADVANCED_FACE('',(#15670),#15681,.F.);
#15670 = FACE_BOUND('',#15671,.F.);
#15671 = EDGE_LOOP('',(#15672,#15678,#15679,#15680));
#15672 = ORIENTED_EDGE('',*,*,#15673,.T.);
#15673 = EDGE_CURVE('',#3390,#8122,#15674,.T.);
#15674 = LINE('',#15675,#15676);
#15675 = CARTESIAN_POINT('',(-5.611268890001,-10.326767993,0.));
#15676 = VECTOR('',#15677,1.);
#15677 = DIRECTION('',(0.,0.,1.));
#15678 = ORIENTED_EDGE('',*,*,#8129,.T.);
#15679 = ORIENTED_EDGE('',*,*,#15639,.F.);
#15680 = ORIENTED_EDGE('',*,*,#3397,.F.);
#15681 = PLANE('',#15682);
#15682 = AXIS2_PLACEMENT_3D('',#15683,#15684,#15685);
#15683 = CARTESIAN_POINT('',(-5.611268890001,-10.326767993,0.));
#15684 = DIRECTION('',(0.98235556384,-0.187022849386,0.));
#15685 = DIRECTION('',(-0.187022849386,-0.98235556384,0.));
#15686 = ADVANCED_FACE('',(#15687),#15698,.F.);
#15687 = FACE_BOUND('',#15688,.F.);
#15688 = EDGE_LOOP('',(#15689,#15690,#15691,#15697));
#15689 = ORIENTED_EDGE('',*,*,#15658,.T.);
#15690 = ORIENTED_EDGE('',*,*,#6289,.T.);
#15691 = ORIENTED_EDGE('',*,*,#15692,.F.);
#15692 = EDGE_CURVE('',#1558,#6290,#15693,.T.);
#15693 = LINE('',#15694,#15695);
#15694 = CARTESIAN_POINT('',(-1.560240884163,10.004062843834,0.));
#15695 = VECTOR('',#15696,1.);
#15696 = DIRECTION('',(0.,0.,1.));
#15697 = ORIENTED_EDGE('',*,*,#1557,.F.);
#15698 = PLANE('',#15699);
#15699 = AXIS2_PLACEMENT_3D('',#15700,#15701,#15702);
#15700 = CARTESIAN_POINT('',(-1.14248798769,10.060335292523,0.));
#15701 = DIRECTION('',(0.133497018349,-0.991049214768,0.));
#15702 = DIRECTION('',(-0.991049214768,-0.133497018349,0.));
#15703 = ADVANCED_FACE('',(#15704),#15715,.F.);
#15704 = FACE_BOUND('',#15705,.F.);
#15705 = EDGE_LOOP('',(#15706,#15712,#15713,#15714));
#15706 = ORIENTED_EDGE('',*,*,#15707,.T.);
#15707 = EDGE_CURVE('',#3382,#8114,#15708,.T.);
#15708 = LINE('',#15709,#15710);
#15709 = CARTESIAN_POINT('',(-5.572437761676,-10.1670109117,0.));
#15710 = VECTOR('',#15711,1.);
#15711 = DIRECTION('',(0.,0.,1.));
#15712 = ORIENTED_EDGE('',*,*,#8121,.T.);
#15713 = ORIENTED_EDGE('',*,*,#15673,.F.);
#15714 = ORIENTED_EDGE('',*,*,#3389,.F.);
#15715 = PLANE('',#15716);
#15716 = AXIS2_PLACEMENT_3D('',#15717,#15718,#15719);
#15717 = CARTESIAN_POINT('',(-5.572437761676,-10.1670109117,0.));
#15718 = DIRECTION('',(0.971707682117,-0.236186749235,0.));
#15719 = DIRECTION('',(-0.236186749235,-0.971707682117,0.));
#15720 = ADVANCED_FACE('',(#15721),#15732,.F.);
#15721 = FACE_BOUND('',#15722,.F.);
#15722 = EDGE_LOOP('',(#15723,#15724,#15725,#15731));
#15723 = ORIENTED_EDGE('',*,*,#15692,.T.);
#15724 = ORIENTED_EDGE('',*,*,#6297,.T.);
#15725 = ORIENTED_EDGE('',*,*,#15726,.F.);
#15726 = EDGE_CURVE('',#1566,#6298,#15727,.T.);
#15727 = LINE('',#15728,#15729);
#15728 = CARTESIAN_POINT('',(-1.975289510413,9.930450964083,0.));
#15729 = VECTOR('',#15730,1.);
#15730 = DIRECTION('',(0.,0.,1.));
#15731 = ORIENTED_EDGE('',*,*,#1565,.F.);
#15732 = PLANE('',#15733);
#15733 = AXIS2_PLACEMENT_3D('',#15734,#15735,#15736);
#15734 = CARTESIAN_POINT('',(-1.560240884163,10.004062843834,0.));
#15735 = DIRECTION('',(0.174631932517,-0.984633783772,0.));
#15736 = DIRECTION('',(-0.984633783772,-0.174631932517,0.));
#15737 = ADVANCED_FACE('',(#15738),#15749,.F.);
#15738 = FACE_BOUND('',#15739,.F.);
#15739 = EDGE_LOOP('',(#15740,#15746,#15747,#15748));
#15740 = ORIENTED_EDGE('',*,*,#15741,.T.);
#15741 = EDGE_CURVE('',#3374,#8106,#15742,.T.);
#15742 = LINE('',#15743,#15744);
#15743 = CARTESIAN_POINT('',(-5.524515791444,-10.01209538879,0.));
#15744 = VECTOR('',#15745,1.);
#15745 = DIRECTION('',(0.,0.,1.));
#15746 = ORIENTED_EDGE('',*,*,#8113,.T.);
#15747 = ORIENTED_EDGE('',*,*,#15707,.F.);
#15748 = ORIENTED_EDGE('',*,*,#3381,.F.);
#15749 = PLANE('',#15750);
#15750 = AXIS2_PLACEMENT_3D('',#15751,#15752,#15753);
#15751 = CARTESIAN_POINT('',(-5.524515791444,-10.01209538879,0.));
#15752 = DIRECTION('',(0.955334777046,-0.295525741292,0.));
#15753 = DIRECTION('',(-0.295525741292,-0.955334777046,0.));
#15754 = ADVANCED_FACE('',(#15755),#15766,.F.);
#15755 = FACE_BOUND('',#15756,.F.);
#15756 = EDGE_LOOP('',(#15757,#15758,#15759,#15765));
#15757 = ORIENTED_EDGE('',*,*,#15726,.T.);
#15758 = ORIENTED_EDGE('',*,*,#6305,.T.);
#15759 = ORIENTED_EDGE('',*,*,#15760,.F.);
#15760 = EDGE_CURVE('',#1574,#6306,#15761,.T.);
#15761 = LINE('',#15762,#15763);
#15762 = CARTESIAN_POINT('',(-2.386914488009,9.839627240243,0.));
#15763 = VECTOR('',#15764,1.);
#15764 = DIRECTION('',(0.,0.,1.));
#15765 = ORIENTED_EDGE('',*,*,#1573,.F.);
#15766 = PLANE('',#15767);
#15767 = AXIS2_PLACEMENT_3D('',#15768,#15769,#15770);
#15768 = CARTESIAN_POINT('',(-1.975289510413,9.930450964083,0.));
#15769 = DIRECTION('',(0.215464167822,-0.976511747182,0.));
#15770 = DIRECTION('',(-0.976511747182,-0.215464167822,0.));
#15771 = ADVANCED_FACE('',(#15772),#15783,.F.);
#15772 = FACE_BOUND('',#15773,.F.);
#15773 = EDGE_LOOP('',(#15774,#15780,#15781,#15782));
#15774 = ORIENTED_EDGE('',*,*,#15775,.T.);
#15775 = EDGE_CURVE('',#3366,#8098,#15776,.T.);
#15776 = LINE('',#15777,#15778);
#15777 = CARTESIAN_POINT('',(-5.463236387278,-9.864481226436,0.));
#15778 = VECTOR('',#15779,1.);
#15779 = DIRECTION('',(0.,0.,1.));
#15780 = ORIENTED_EDGE('',*,*,#8105,.T.);
#15781 = ORIENTED_EDGE('',*,*,#15741,.F.);
#15782 = ORIENTED_EDGE('',*,*,#3373,.F.);
#15783 = PLANE('',#15784);
#15784 = AXIS2_PLACEMENT_3D('',#15785,#15786,#15787);
#15785 = CARTESIAN_POINT('',(-5.463236387278,-9.864481226436,0.));
#15786 = DIRECTION('',(0.923579254706,-0.383407564188,0.));
#15787 = DIRECTION('',(-0.383407564188,-0.923579254706,0.));
#15788 = ADVANCED_FACE('',(#15789),#15800,.F.);
#15789 = FACE_BOUND('',#15790,.F.);
#15790 = EDGE_LOOP('',(#15791,#15792,#15793,#15799));
#15791 = ORIENTED_EDGE('',*,*,#15760,.T.);
#15792 = ORIENTED_EDGE('',*,*,#6313,.T.);
#15793 = ORIENTED_EDGE('',*,*,#15794,.F.);
#15794 = EDGE_CURVE('',#1582,#6314,#15795,.T.);
#15795 = LINE('',#15796,#15797);
#15796 = CARTESIAN_POINT('',(-2.794402372519,9.731749091528,0.));
#15797 = VECTOR('',#15798,1.);
#15798 = DIRECTION('',(0.,0.,1.));
#15799 = ORIENTED_EDGE('',*,*,#1581,.F.);
#15800 = PLANE('',#15801);
#15801 = AXIS2_PLACEMENT_3D('',#15802,#15803,#15804);
#15802 = CARTESIAN_POINT('',(-2.386914488009,9.839627240243,0.));
#15803 = DIRECTION('',(0.255922952246,-0.966697182428,0.));
#15804 = DIRECTION('',(-0.966697182428,-0.255922952246,0.));
#15805 = ADVANCED_FACE('',(#15806),#15817,.F.);
#15806 = FACE_BOUND('',#15807,.F.);
#15807 = EDGE_LOOP('',(#15808,#15814,#15815,#15816));
#15808 = ORIENTED_EDGE('',*,*,#15809,.T.);
#15809 = EDGE_CURVE('',#3358,#8090,#15810,.T.);
#15810 = LINE('',#15811,#15812);
#15811 = CARTESIAN_POINT('',(-4.905444908454,-8.857326642398,0.));
#15812 = VECTOR('',#15813,1.);
#15813 = DIRECTION('',(0.,0.,1.));
#15814 = ORIENTED_EDGE('',*,*,#8097,.T.);
#15815 = ORIENTED_EDGE('',*,*,#15775,.F.);
#15816 = ORIENTED_EDGE('',*,*,#3365,.F.);
#15817 = PLANE('',#15818);
#15818 = AXIS2_PLACEMENT_3D('',#15819,#15820,#15821);
#15819 = CARTESIAN_POINT('',(-4.905444908454,-8.857326642398,0.));
#15820 = DIRECTION('',(0.874797693076,-0.48448838602,0.));
#15821 = DIRECTION('',(-0.48448838602,-0.874797693076,0.));
#15822 = ADVANCED_FACE('',(#15823),#15834,.F.);
#15823 = FACE_BOUND('',#15824,.F.);
#15824 = EDGE_LOOP('',(#15825,#15826,#15827,#15833));
#15825 = ORIENTED_EDGE('',*,*,#15794,.T.);
#15826 = ORIENTED_EDGE('',*,*,#6321,.T.);
#15827 = ORIENTED_EDGE('',*,*,#15828,.F.);
#15828 = EDGE_CURVE('',#1590,#6322,#15829,.T.);
#15829 = LINE('',#15830,#15831);
#15830 = CARTESIAN_POINT('',(-3.112150071431,10.83833306477,0.));
#15831 = VECTOR('',#15832,1.);
#15832 = DIRECTION('',(0.,0.,1.));
#15833 = ORIENTED_EDGE('',*,*,#1589,.F.);
#15834 = PLANE('',#15835);
#15835 = AXIS2_PLACEMENT_3D('',#15836,#15837,#15838);
#15836 = CARTESIAN_POINT('',(-2.794402372519,9.731749091528,0.));
#15837 = DIRECTION('',(-0.961160404102,-0.27599035778,0.));
#15838 = DIRECTION('',(-0.27599035778,0.961160404102,0.));
#15839 = ADVANCED_FACE('',(#15840),#15851,.F.);
#15840 = FACE_BOUND('',#15841,.F.);
#15841 = EDGE_LOOP('',(#15842,#15848,#15849,#15850));
#15842 = ORIENTED_EDGE('',*,*,#15843,.T.);
#15843 = EDGE_CURVE('',#3350,#8082,#15844,.T.);
#15844 = LINE('',#15845,#15846);
#15845 = CARTESIAN_POINT('',(-5.26986372534,-8.645470566507,0.));
#15846 = VECTOR('',#15847,1.);
#15847 = DIRECTION('',(0.,0.,1.));
#15848 = ORIENTED_EDGE('',*,*,#8089,.T.);
#15849 = ORIENTED_EDGE('',*,*,#15809,.F.);
#15850 = ORIENTED_EDGE('',*,*,#3357,.F.);
#15851 = PLANE('',#15852);
#15852 = AXIS2_PLACEMENT_3D('',#15853,#15854,#15855);
#15853 = CARTESIAN_POINT('',(-5.26986372534,-8.645470566507,0.));
#15854 = DIRECTION('',(0.502593278054,0.864522988043,-0.));
#15855 = DIRECTION('',(0.864522988043,-0.502593278054,0.));
#15856 = ADVANCED_FACE('',(#15857),#15868,.F.);
#15857 = FACE_BOUND('',#15858,.F.);
#15858 = EDGE_LOOP('',(#15859,#15860,#15861,#15867));
#15859 = ORIENTED_EDGE('',*,*,#15828,.T.);
#15860 = ORIENTED_EDGE('',*,*,#6329,.T.);
#15861 = ORIENTED_EDGE('',*,*,#15862,.F.);
#15862 = EDGE_CURVE('',#1598,#6330,#15863,.T.);
#15863 = LINE('',#15864,#15865);
#15864 = CARTESIAN_POINT('',(-3.173197964398,10.986043122202,0.));
#15865 = VECTOR('',#15866,1.);
#15866 = DIRECTION('',(0.,0.,1.));
#15867 = ORIENTED_EDGE('',*,*,#1597,.F.);
#15868 = PLANE('',#15869);
#15869 = AXIS2_PLACEMENT_3D('',#15870,#15871,#15872);
#15870 = CARTESIAN_POINT('',(-3.112150071431,10.83833306477,0.));
#15871 = DIRECTION('',(-0.924179242562,-0.38195906537,0.));
#15872 = DIRECTION('',(-0.38195906537,0.924179242562,0.));
#15873 = ADVANCED_FACE('',(#15874),#15885,.F.);
#15874 = FACE_BOUND('',#15875,.F.);
#15875 = EDGE_LOOP('',(#15876,#15882,#15883,#15884));
#15876 = ORIENTED_EDGE('',*,*,#15877,.T.);
#15877 = EDGE_CURVE('',#3342,#8074,#15878,.T.);
#15878 = LINE('',#15879,#15880);
#15879 = CARTESIAN_POINT('',(-5.625148609323,-8.418629824563,0.));
#15880 = VECTOR('',#15881,1.);
#15881 = DIRECTION('',(0.,0.,1.));
#15882 = ORIENTED_EDGE('',*,*,#8081,.T.);
#15883 = ORIENTED_EDGE('',*,*,#15843,.F.);
#15884 = ORIENTED_EDGE('',*,*,#3349,.F.);
#15885 = PLANE('',#15886);
#15886 = AXIS2_PLACEMENT_3D('',#15887,#15888,#15889);
#15887 = CARTESIAN_POINT('',(-5.625148609323,-8.418629824563,0.));
#15888 = DIRECTION('',(0.538141904171,0.84285425251,-0.));
#15889 = DIRECTION('',(0.84285425251,-0.538141904171,0.));
#15890 = ADVANCED_FACE('',(#15891),#15902,.F.);
#15891 = FACE_BOUND('',#15892,.F.);
#15892 = EDGE_LOOP('',(#15893,#15894,#15895,#15901));
#15893 = ORIENTED_EDGE('',*,*,#15862,.T.);
#15894 = ORIENTED_EDGE('',*,*,#6337,.T.);
#15895 = ORIENTED_EDGE('',*,*,#15896,.F.);
#15896 = EDGE_CURVE('',#1606,#6338,#15897,.T.);
#15897 = LINE('',#15898,#15899);
#15898 = CARTESIAN_POINT('',(-3.248853831045,11.129470889087,0.));
#15899 = VECTOR('',#15900,1.);
#15900 = DIRECTION('',(0.,0.,1.));
#15901 = ORIENTED_EDGE('',*,*,#1605,.F.);
#15902 = PLANE('',#15903);
#15903 = AXIS2_PLACEMENT_3D('',#15904,#15905,#15906);
#15904 = CARTESIAN_POINT('',(-3.173197964398,10.986043122202,0.));
#15905 = DIRECTION('',(-0.884491954835,-0.46655544347,0.));
#15906 = DIRECTION('',(-0.46655544347,0.884491954835,0.));
#15907 = ADVANCED_FACE('',(#15908),#15919,.F.);
#15908 = FACE_BOUND('',#15909,.F.);
#15909 = EDGE_LOOP('',(#15910,#15916,#15917,#15918));
#15910 = ORIENTED_EDGE('',*,*,#15911,.T.);
#15911 = EDGE_CURVE('',#3334,#8066,#15912,.T.);
#15912 = LINE('',#15913,#15914);
#15913 = CARTESIAN_POINT('',(-5.970683766815,-8.177197585768,0.));
#15914 = VECTOR('',#15915,1.);
#15915 = DIRECTION('',(0.,0.,1.));
#15916 = ORIENTED_EDGE('',*,*,#8073,.T.);
#15917 = ORIENTED_EDGE('',*,*,#15877,.F.);
#15918 = ORIENTED_EDGE('',*,*,#3341,.F.);
#15919 = PLANE('',#15920);
#15920 = AXIS2_PLACEMENT_3D('',#15921,#15922,#15923);
#15921 = CARTESIAN_POINT('',(-5.970683766815,-8.177197585768,0.));
#15922 = DIRECTION('',(0.572757801797,0.819724649185,-0.));
#15923 = DIRECTION('',(0.819724649185,-0.572757801797,0.));
#15924 = ADVANCED_FACE('',(#15925),#15936,.F.);
#15925 = FACE_BOUND('',#15926,.F.);
#15926 = EDGE_LOOP('',(#15927,#15928,#15929,#15935));
#15927 = ORIENTED_EDGE('',*,*,#15896,.T.);
#15928 = ORIENTED_EDGE('',*,*,#6345,.T.);
#15929 = ORIENTED_EDGE('',*,*,#15930,.F.);
#15930 = EDGE_CURVE('',#1614,#6346,#15931,.T.);
#15931 = LINE('',#15932,#15933);
#15932 = CARTESIAN_POINT('',(-3.334361392412,11.269893958773,0.));
#15933 = VECTOR('',#15934,1.);
#15934 = DIRECTION('',(0.,0.,1.));
#15935 = ORIENTED_EDGE('',*,*,#1613,.F.);
#15936 = PLANE('',#15937);
#15937 = AXIS2_PLACEMENT_3D('',#15938,#15939,#15940);
#15938 = CARTESIAN_POINT('',(-3.248853831045,11.129470889087,0.));
#15939 = DIRECTION('',(-0.854110343367,-0.520091839346,0.));
#15940 = DIRECTION('',(-0.520091839346,0.854110343367,0.));
#15941 = ADVANCED_FACE('',(#15942),#15953,.F.);
#15942 = FACE_BOUND('',#15943,.F.);
#15943 = EDGE_LOOP('',(#15944,#15950,#15951,#15952));
#15944 = ORIENTED_EDGE('',*,*,#15945,.T.);
#15945 = EDGE_CURVE('',#3326,#8058,#15946,.T.);
#15946 = LINE('',#15947,#15948);
#15947 = CARTESIAN_POINT('',(-6.305870302833,-7.921592309873,0.));
#15948 = VECTOR('',#15949,1.);
#15949 = DIRECTION('',(0.,0.,1.));
#15950 = ORIENTED_EDGE('',*,*,#8065,.T.);
#15951 = ORIENTED_EDGE('',*,*,#15911,.F.);
#15952 = ORIENTED_EDGE('',*,*,#3333,.F.);
#15953 = PLANE('',#15954);
#15954 = AXIS2_PLACEMENT_3D('',#15955,#15956,#15957);
#15955 = CARTESIAN_POINT('',(-6.305870302833,-7.921592309873,0.));
#15956 = DIRECTION('',(0.606380973309,0.795174267195,-0.));
#15957 = DIRECTION('',(0.795174267195,-0.606380973309,0.));
#15958 = ADVANCED_FACE('',(#15959),#15970,.F.);
#15959 = FACE_BOUND('',#15960,.F.);
#15960 = EDGE_LOOP('',(#15961,#15962,#15963,#15969));
#15961 = ORIENTED_EDGE('',*,*,#15930,.T.);
#15962 = ORIENTED_EDGE('',*,*,#6353,.T.);
#15963 = ORIENTED_EDGE('',*,*,#15964,.F.);
#15964 = EDGE_CURVE('',#1622,#6354,#15965,.T.);
#15965 = LINE('',#15966,#15967);
#15966 = CARTESIAN_POINT('',(-3.428083610407,11.40769382111,0.));
#15967 = VECTOR('',#15968,1.);
#15968 = DIRECTION('',(0.,0.,1.));
#15969 = ORIENTED_EDGE('',*,*,#1621,.F.);
#15970 = PLANE('',#15971);
#15971 = AXIS2_PLACEMENT_3D('',#15972,#15973,#15974);
#15972 = CARTESIAN_POINT('',(-3.334361392412,11.269893958773,0.));
#15973 = DIRECTION('',(-0.826875405765,-0.56238515569,0.));
#15974 = DIRECTION('',(-0.56238515569,0.826875405765,0.));
#15975 = ADVANCED_FACE('',(#15976),#15987,.F.);
#15976 = FACE_BOUND('',#15977,.F.);
#15977 = EDGE_LOOP('',(#15978,#15984,#15985,#15986));
#15978 = ORIENTED_EDGE('',*,*,#15979,.T.);
#15979 = EDGE_CURVE('',#3318,#8050,#15980,.T.);
#15980 = LINE('',#15981,#15982);
#15981 = CARTESIAN_POINT('',(-7.022902251441,-8.822345813711,0.));
#15982 = VECTOR('',#15983,1.);
#15983 = DIRECTION('',(0.,0.,1.));
#15984 = ORIENTED_EDGE('',*,*,#8057,.T.);
#15985 = ORIENTED_EDGE('',*,*,#15945,.F.);
#15986 = ORIENTED_EDGE('',*,*,#3325,.F.);
#15987 = PLANE('',#15988);
#15988 = AXIS2_PLACEMENT_3D('',#15989,#15990,#15991);
#15989 = CARTESIAN_POINT('',(-7.022902251441,-8.822345813711,0.));
#15990 = DIRECTION('',(-0.782379487395,0.622802005218,0.));
#15991 = DIRECTION('',(0.622802005218,0.782379487395,0.));
#15992 = ADVANCED_FACE('',(#15993),#16004,.F.);
#15993 = FACE_BOUND('',#15994,.F.);
#15994 = EDGE_LOOP('',(#15995,#15996,#15997,#16003));
#15995 = ORIENTED_EDGE('',*,*,#15964,.T.);
#15996 = ORIENTED_EDGE('',*,*,#6361,.T.);
#15997 = ORIENTED_EDGE('',*,*,#15998,.F.);
#15998 = EDGE_CURVE('',#1630,#6362,#15999,.T.);
#15999 = LINE('',#16000,#16001);
#16000 = CARTESIAN_POINT('',(-3.529099202099,11.543046034954,0.));
#16001 = VECTOR('',#16002,1.);
#16002 = DIRECTION('',(0.,0.,1.));
#16003 = ORIENTED_EDGE('',*,*,#1629,.F.);
#16004 = PLANE('',#16005);
#16005 = AXIS2_PLACEMENT_3D('',#16006,#16007,#16008);
#16006 = CARTESIAN_POINT('',(-3.428083610407,11.40769382111,0.));
#16007 = DIRECTION('',(-0.801414731108,-0.598109044208,0.));
#16008 = DIRECTION('',(-0.598109044208,0.801414731108,0.));
#16009 = ADVANCED_FACE('',(#16010),#16021,.F.);
#16010 = FACE_BOUND('',#16011,.F.);
#16011 = EDGE_LOOP('',(#16012,#16018,#16019,#16020));
#16012 = ORIENTED_EDGE('',*,*,#16013,.T.);
#16013 = EDGE_CURVE('',#3310,#8042,#16014,.T.);
#16014 = LINE('',#16015,#16016);
#16015 = CARTESIAN_POINT('',(-7.135829342029,-8.935450095299,0.));
#16016 = VECTOR('',#16017,1.);
#16017 = DIRECTION('',(0.,0.,1.));
#16018 = ORIENTED_EDGE('',*,*,#8049,.T.);
#16019 = ORIENTED_EDGE('',*,*,#15979,.F.);
#16020 = ORIENTED_EDGE('',*,*,#3317,.F.);
#16021 = PLANE('',#16022);
#16022 = AXIS2_PLACEMENT_3D('',#16023,#16024,#16025);
#16023 = CARTESIAN_POINT('',(-7.135829342029,-8.935450095299,0.));
#16024 = DIRECTION('',(-0.707660880416,0.706552247417,0.));
#16025 = DIRECTION('',(0.706552247417,0.707660880416,0.));
#16026 = ADVANCED_FACE('',(#16027),#16038,.F.);
#16027 = FACE_BOUND('',#16028,.F.);
#16028 = EDGE_LOOP('',(#16029,#16030,#16031,#16037));
#16029 = ORIENTED_EDGE('',*,*,#15998,.T.);
#16030 = ORIENTED_EDGE('',*,*,#6369,.T.);
#16031 = ORIENTED_EDGE('',*,*,#16032,.F.);
#16032 = EDGE_CURVE('',#1638,#6370,#16033,.T.);
#16033 = LINE('',#16034,#16035);
#16034 = CARTESIAN_POINT('',(-3.636799947691,11.676035887203,0.));
#16035 = VECTOR('',#16036,1.);
#16036 = DIRECTION('',(0.,0.,1.));
#16037 = ORIENTED_EDGE('',*,*,#1637,.F.);
#16038 = PLANE('',#16039);
#16039 = AXIS2_PLACEMENT_3D('',#16040,#16041,#16042);
#16040 = CARTESIAN_POINT('',(-3.529099202099,11.543046034954,0.));
#16041 = DIRECTION('',(-0.77712399331,-0.629347518484,0.));
#16042 = DIRECTION('',(-0.629347518484,0.77712399331,0.));
#16043 = ADVANCED_FACE('',(#16044),#16055,.F.);
#16044 = FACE_BOUND('',#16045,.F.);
#16045 = EDGE_LOOP('',(#16046,#16052,#16053,#16054));
#16046 = ORIENTED_EDGE('',*,*,#16047,.T.);
#16047 = EDGE_CURVE('',#3302,#8034,#16048,.T.);
#16048 = LINE('',#16049,#16050);
#16049 = CARTESIAN_POINT('',(-7.260613678866,-9.039007826791,0.));
#16050 = VECTOR('',#16051,1.);
#16051 = DIRECTION('',(0.,0.,1.));
#16052 = ORIENTED_EDGE('',*,*,#8041,.T.);
#16053 = ORIENTED_EDGE('',*,*,#16013,.F.);
#16054 = ORIENTED_EDGE('',*,*,#3309,.F.);
#16055 = PLANE('',#16056);
#16056 = AXIS2_PLACEMENT_3D('',#16057,#16058,#16059);
#16057 = CARTESIAN_POINT('',(-7.260613678866,-9.039007826791,0.));
#16058 = DIRECTION('',(-0.638620975248,0.769521442179,0.));
#16059 = DIRECTION('',(0.769521442179,0.638620975248,0.));
#16060 = ADVANCED_FACE('',(#16061),#16072,.F.);
#16061 = FACE_BOUND('',#16062,.F.);
#16062 = EDGE_LOOP('',(#16063,#16064,#16065,#16071));
#16063 = ORIENTED_EDGE('',*,*,#16032,.T.);
#16064 = ORIENTED_EDGE('',*,*,#6377,.T.);
#16065 = ORIENTED_EDGE('',*,*,#16066,.F.);
#16066 = EDGE_CURVE('',#1646,#6378,#16067,.T.);
#16067 = LINE('',#16068,#16069);
#16068 = CARTESIAN_POINT('',(-3.750746991655,11.806699683955,0.));
#16069 = VECTOR('',#16070,1.);
#16070 = DIRECTION('',(0.,0.,1.));
#16071 = ORIENTED_EDGE('',*,*,#1645,.F.);
#16072 = PLANE('',#16073);
#16073 = AXIS2_PLACEMENT_3D('',#16074,#16075,#16076);
#16074 = CARTESIAN_POINT('',(-3.636799947691,11.676035887203,0.));
#16075 = DIRECTION('',(-0.753672677526,-0.657249948765,0.));
#16076 = DIRECTION('',(-0.657249948765,0.753672677526,0.));
#16077 = ADVANCED_FACE('',(#16078),#16089,.F.);
#16078 = FACE_BOUND('',#16079,.F.);
#16079 = EDGE_LOOP('',(#16080,#16086,#16087,#16088));
#16080 = ORIENTED_EDGE('',*,*,#16081,.T.);
#16081 = EDGE_CURVE('',#3294,#8026,#16082,.T.);
#16082 = LINE('',#16083,#16084);
#16083 = CARTESIAN_POINT('',(-7.393349946979,-9.136019499689,0.));
#16084 = VECTOR('',#16085,1.);
#16085 = DIRECTION('',(0.,0.,1.));
#16086 = ORIENTED_EDGE('',*,*,#8033,.T.);
#16087 = ORIENTED_EDGE('',*,*,#16047,.F.);
#16088 = ORIENTED_EDGE('',*,*,#3301,.F.);
#16089 = PLANE('',#16090);
#16090 = AXIS2_PLACEMENT_3D('',#16091,#16092,#16093);
#16091 = CARTESIAN_POINT('',(-7.393349946979,-9.136019499689,0.));
#16092 = DIRECTION('',(-0.590064534517,0.807356083216,0.));
#16093 = DIRECTION('',(0.807356083216,0.590064534517,0.));
#16094 = ADVANCED_FACE('',(#16095),#16106,.F.);
#16095 = FACE_BOUND('',#16096,.F.);
#16096 = EDGE_LOOP('',(#16097,#16098,#16099,#16105));
#16097 = ORIENTED_EDGE('',*,*,#16066,.T.);
#16098 = ORIENTED_EDGE('',*,*,#6385,.T.);
#16099 = ORIENTED_EDGE('',*,*,#16100,.F.);
#16100 = EDGE_CURVE('',#1654,#6386,#16101,.T.);
#16101 = LINE('',#16102,#16103);
#16102 = CARTESIAN_POINT('',(-3.870604619015,11.935043795385,0.));
#16103 = VECTOR('',#16104,1.);
#16104 = DIRECTION('',(0.,0.,1.));
#16105 = ORIENTED_EDGE('',*,*,#1653,.F.);
#16106 = PLANE('',#16107);
#16107 = AXIS2_PLACEMENT_3D('',#16108,#16109,#16110);
#16108 = CARTESIAN_POINT('',(-3.750746991655,11.806699683955,0.));
#16109 = DIRECTION('',(-0.730856999337,-0.682530619475,0.));
#16110 = DIRECTION('',(-0.682530619475,0.730856999337,0.));
#16111 = ADVANCED_FACE('',(#16112),#16123,.F.);
#16112 = FACE_BOUND('',#16113,.F.);
#16113 = EDGE_LOOP('',(#16114,#16120,#16121,#16122));
#16114 = ORIENTED_EDGE('',*,*,#16115,.T.);
#16115 = EDGE_CURVE('',#3286,#8018,#16116,.T.);
#16116 = LINE('',#16117,#16118);
#16117 = CARTESIAN_POINT('',(-7.532671710225,-9.227464032013,0.));
#16118 = VECTOR('',#16119,1.);
#16119 = DIRECTION('',(0.,0.,1.));
#16120 = ORIENTED_EDGE('',*,*,#8025,.T.);
#16121 = ORIENTED_EDGE('',*,*,#16081,.F.);
#16122 = ORIENTED_EDGE('',*,*,#3293,.F.);
#16123 = PLANE('',#16124);
#16124 = AXIS2_PLACEMENT_3D('',#16125,#16126,#16127);
#16125 = CARTESIAN_POINT('',(-7.532671710225,-9.227464032013,0.));
#16126 = DIRECTION('',(-0.548717781633,0.836007653147,0.));
#16127 = DIRECTION('',(0.836007653147,0.548717781633,0.));
#16128 = ADVANCED_FACE('',(#16129),#16140,.F.);
#16129 = FACE_BOUND('',#16130,.F.);
#16130 = EDGE_LOOP('',(#16131,#16132,#16133,#16139));
#16131 = ORIENTED_EDGE('',*,*,#16100,.T.);
#16132 = ORIENTED_EDGE('',*,*,#6393,.T.);
#16133 = ORIENTED_EDGE('',*,*,#16134,.F.);
#16134 = EDGE_CURVE('',#1662,#6394,#16135,.T.);
#16135 = LINE('',#16136,#16137);
#16136 = CARTESIAN_POINT('',(-3.996104917217,12.0610548322,0.));
#16137 = VECTOR('',#16138,1.);
#16138 = DIRECTION('',(0.,0.,1.));
#16139 = ORIENTED_EDGE('',*,*,#1661,.F.);
#16140 = PLANE('',#16141);
#16141 = AXIS2_PLACEMENT_3D('',#16142,#16143,#16144);
#16142 = CARTESIAN_POINT('',(-3.870604619015,11.935043795385,0.));
#16143 = DIRECTION('',(-0.708541226703,-0.705669419815,0.));
#16144 = DIRECTION('',(-0.705669419815,0.708541226703,0.));
#16145 = ADVANCED_FACE('',(#16146),#16157,.F.);
#16146 = FACE_BOUND('',#16147,.F.);
#16147 = EDGE_LOOP('',(#16148,#16154,#16155,#16156));
#16148 = ORIENTED_EDGE('',*,*,#16149,.T.);
#16149 = EDGE_CURVE('',#3278,#8010,#16150,.T.);
#16150 = LINE('',#16151,#16152);
#16151 = CARTESIAN_POINT('',(-7.677794997626,-9.313856178713,0.));
#16152 = VECTOR('',#16153,1.);
#16153 = DIRECTION('',(0.,0.,1.));
#16154 = ORIENTED_EDGE('',*,*,#8017,.T.);
#16155 = ORIENTED_EDGE('',*,*,#16115,.F.);
#16156 = ORIENTED_EDGE('',*,*,#3285,.F.);
#16157 = PLANE('',#16158);
#16158 = AXIS2_PLACEMENT_3D('',#16159,#16160,#16161);
#16159 = CARTESIAN_POINT('',(-7.677794997626,-9.313856178713,0.));
#16160 = DIRECTION('',(-0.511524245158,0.859268844202,0.));
#16161 = DIRECTION('',(0.859268844202,0.511524245158,0.));
#16162 = ADVANCED_FACE('',(#16163),#16174,.F.);
#16163 = FACE_BOUND('',#16164,.F.);
#16164 = EDGE_LOOP('',(#16165,#16166,#16167,#16173));
#16165 = ORIENTED_EDGE('',*,*,#16134,.T.);
#16166 = ORIENTED_EDGE('',*,*,#6401,.T.);
#16167 = ORIENTED_EDGE('',*,*,#16168,.F.);
#16168 = EDGE_CURVE('',#1670,#6402,#16169,.T.);
#16169 = LINE('',#16170,#16171);
#16170 = CARTESIAN_POINT('',(-4.127026992226,12.184705643088,0.));
#16171 = VECTOR('',#16172,1.);
#16172 = DIRECTION('',(0.,0.,1.));
#16173 = ORIENTED_EDGE('',*,*,#1669,.F.);
#16174 = PLANE('',#16175);
#16175 = AXIS2_PLACEMENT_3D('',#16176,#16177,#16178);
#16176 = CARTESIAN_POINT('',(-3.996104917217,12.0610548322,0.));
#16177 = DIRECTION('',(-0.68662994445,-0.727007097204,0.));
#16178 = DIRECTION('',(-0.727007097204,0.68662994445,0.));
#16179 = ADVANCED_FACE('',(#16180),#16191,.F.);
#16180 = FACE_BOUND('',#16181,.F.);
#16181 = EDGE_LOOP('',(#16182,#16188,#16189,#16190));
#16182 = ORIENTED_EDGE('',*,*,#16183,.T.);
#16183 = EDGE_CURVE('',#3270,#8002,#16184,.T.);
#16184 = LINE('',#16185,#16186);
#16185 = CARTESIAN_POINT('',(-7.828190525243,-9.395507490247,0.));
#16186 = VECTOR('',#16187,1.);
#16187 = DIRECTION('',(0.,0.,1.));
#16188 = ORIENTED_EDGE('',*,*,#8009,.T.);
#16189 = ORIENTED_EDGE('',*,*,#16149,.F.);
#16190 = ORIENTED_EDGE('',*,*,#3277,.F.);
#16191 = PLANE('',#16192);
#16192 = AXIS2_PLACEMENT_3D('',#16193,#16194,#16195);
#16193 = CARTESIAN_POINT('',(-7.828190525243,-9.395507490247,0.));
#16194 = DIRECTION('',(-0.477128083119,0.878833768297,0.));
#16195 = DIRECTION('',(0.878833768297,0.477128083119,0.));
#16196 = ADVANCED_FACE('',(#16197),#16208,.F.);
#16197 = FACE_BOUND('',#16198,.F.);
#16198 = EDGE_LOOP('',(#16199,#16200,#16201,#16207));
#16199 = ORIENTED_EDGE('',*,*,#16168,.T.);
#16200 = ORIENTED_EDGE('',*,*,#6409,.T.);
#16201 = ORIENTED_EDGE('',*,*,#16202,.F.);
#16202 = EDGE_CURVE('',#1678,#6410,#16203,.T.);
#16203 = LINE('',#16204,#16205);
#16204 = CARTESIAN_POINT('',(-4.263183859355,12.305959108553,0.));
#16205 = VECTOR('',#16206,1.);
#16206 = DIRECTION('',(0.,0.,1.));
#16207 = ORIENTED_EDGE('',*,*,#1677,.F.);
#16208 = PLANE('',#16209);
#16209 = AXIS2_PLACEMENT_3D('',#16210,#16211,#16212);
#16210 = CARTESIAN_POINT('',(-4.127026992226,12.184705643088,0.));
#16211 = DIRECTION('',(-0.665053367223,-0.746795834713,0.));
#16212 = DIRECTION('',(-0.746795834713,0.665053367223,0.));
#16213 = ADVANCED_FACE('',(#16214),#16225,.F.);
#16214 = FACE_BOUND('',#16215,.F.);
#16215 = EDGE_LOOP('',(#16216,#16222,#16223,#16224));
#16216 = ORIENTED_EDGE('',*,*,#16217,.T.);
#16217 = EDGE_CURVE('',#3262,#7994,#16218,.T.);
#16218 = LINE('',#16219,#16220);
#16219 = CARTESIAN_POINT('',(-7.983466737178,-9.472619451814,0.));
#16220 = VECTOR('',#16221,1.);
#16221 = DIRECTION('',(0.,0.,1.));
#16222 = ORIENTED_EDGE('',*,*,#8001,.T.);
#16223 = ORIENTED_EDGE('',*,*,#16183,.F.);
#16224 = ORIENTED_EDGE('',*,*,#3269,.F.);
#16225 = PLANE('',#16226);
#16226 = AXIS2_PLACEMENT_3D('',#16227,#16228,#16229);
#16227 = CARTESIAN_POINT('',(-7.983466737178,-9.472619451814,0.));
#16228 = DIRECTION('',(-0.444784094664,0.895637822523,0.));
#16229 = DIRECTION('',(0.895637822523,0.444784094664,0.));
#16230 = ADVANCED_FACE('',(#16231),#16242,.F.);
#16231 = FACE_BOUND('',#16232,.F.);
#16232 = EDGE_LOOP('',(#16233,#16234,#16235,#16241));
#16233 = ORIENTED_EDGE('',*,*,#16202,.T.);
#16234 = ORIENTED_EDGE('',*,*,#6417,.T.);
#16235 = ORIENTED_EDGE('',*,*,#16236,.F.);
#16236 = EDGE_CURVE('',#1686,#6418,#16237,.T.);
#16237 = LINE('',#16238,#16239);
#16238 = CARTESIAN_POINT('',(-4.404413725648,12.424770673877,0.));
#16239 = VECTOR('',#16240,1.);
#16240 = DIRECTION('',(0.,0.,1.));
#16241 = ORIENTED_EDGE('',*,*,#1685,.F.);
#16242 = PLANE('',#16243);
#16243 = AXIS2_PLACEMENT_3D('',#16244,#16245,#16246);
#16244 = CARTESIAN_POINT('',(-4.263183859355,12.305959108553,0.));
#16245 = DIRECTION('',(-0.643758894537,-0.765228387937,0.));
#16246 = DIRECTION('',(-0.765228387937,0.643758894537,0.));
#16247 = ADVANCED_FACE('',(#16248),#16259,.F.);
#16248 = FACE_BOUND('',#16249,.F.);
#16249 = EDGE_LOOP('',(#16250,#16256,#16257,#16258));
#16250 = ORIENTED_EDGE('',*,*,#16251,.T.);
#16251 = EDGE_CURVE('',#3254,#7986,#16252,.T.);
#16252 = LINE('',#16253,#16254);
#16253 = CARTESIAN_POINT('',(-8.143315910997,-9.545326421249,0.));
#16254 = VECTOR('',#16255,1.);
#16255 = DIRECTION('',(0.,0.,1.));
#16256 = ORIENTED_EDGE('',*,*,#7993,.T.);
#16257 = ORIENTED_EDGE('',*,*,#16217,.F.);
#16258 = ORIENTED_EDGE('',*,*,#3261,.F.);
#16259 = PLANE('',#16260);
#16260 = AXIS2_PLACEMENT_3D('',#16261,#16262,#16263);
#16261 = CARTESIAN_POINT('',(-8.143315910997,-9.545326421249,0.));
#16262 = DIRECTION('',(-0.414030662725,0.910262934719,0.));
#16263 = DIRECTION('',(0.910262934719,0.414030662725,0.));
#16264 = ADVANCED_FACE('',(#16265),#16276,.F.);
#16265 = FACE_BOUND('',#16266,.F.);
#16266 = EDGE_LOOP('',(#16267,#16268,#16269,#16275));
#16267 = ORIENTED_EDGE('',*,*,#16236,.T.);
#16268 = ORIENTED_EDGE('',*,*,#6425,.T.);
#16269 = ORIENTED_EDGE('',*,*,#16270,.F.);
#16270 = EDGE_CURVE('',#1694,#6426,#16271,.T.);
#16271 = LINE('',#16272,#16273);
#16272 = CARTESIAN_POINT('',(-4.55057394694,12.541090114175,0.));
#16273 = VECTOR('',#16274,1.);
#16274 = DIRECTION('',(0.,0.,1.));
#16275 = ORIENTED_EDGE('',*,*,#1693,.F.);
#16276 = PLANE('',#16277);
#16277 = AXIS2_PLACEMENT_3D('',#16278,#16279,#16280);
#16278 = CARTESIAN_POINT('',(-4.404413725648,12.424770673877,0.));
#16279 = DIRECTION('',(-0.622705940282,-0.78245594888,0.));
#16280 = DIRECTION('',(-0.78245594888,0.622705940282,0.));
#16281 = ADVANCED_FACE('',(#16282),#16293,.F.);
#16282 = FACE_BOUND('',#16283,.F.);
#16283 = EDGE_LOOP('',(#16284,#16290,#16291,#16292));
#16284 = ORIENTED_EDGE('',*,*,#16285,.T.);
#16285 = EDGE_CURVE('',#3246,#7978,#16286,.T.);
#16286 = LINE('',#16287,#16288);
#16287 = CARTESIAN_POINT('',(-8.307485403915,-9.613718554154,0.));
#16288 = VECTOR('',#16289,1.);
#16289 = DIRECTION('',(0.,0.,1.));
#16290 = ORIENTED_EDGE('',*,*,#7985,.T.);
#16291 = ORIENTED_EDGE('',*,*,#16251,.F.);
#16292 = ORIENTED_EDGE('',*,*,#3253,.F.);
#16293 = PLANE('',#16294);
#16294 = AXIS2_PLACEMENT_3D('',#16295,#16296,#16297);
#16295 = CARTESIAN_POINT('',(-8.307485403915,-9.613718554154,0.));
#16296 = DIRECTION('',(-0.384558741602,0.923100522293,0.));
#16297 = DIRECTION('',(0.923100522293,0.384558741602,0.));
#16298 = ADVANCED_FACE('',(#16299),#16310,.F.);
#16299 = FACE_BOUND('',#16300,.F.);
#16300 = EDGE_LOOP('',(#16301,#16302,#16303,#16309));
#16301 = ORIENTED_EDGE('',*,*,#16270,.T.);
#16302 = ORIENTED_EDGE('',*,*,#6433,.T.);
#16303 = ORIENTED_EDGE('',*,*,#16304,.F.);
#16304 = EDGE_CURVE('',#1702,#6434,#16305,.T.);
#16305 = LINE('',#16306,#16307);
#16306 = CARTESIAN_POINT('',(-4.70153669635,12.654862808141,0.));
#16307 = VECTOR('',#16308,1.);
#16308 = DIRECTION('',(0.,0.,1.));
#16309 = ORIENTED_EDGE('',*,*,#1701,.F.);
#16310 = PLANE('',#16311);
#16311 = AXIS2_PLACEMENT_3D('',#16312,#16313,#16314);
#16312 = CARTESIAN_POINT('',(-4.55057394694,12.541090114175,0.));
#16313 = DIRECTION('',(-0.601862605964,-0.798599651604,0.));
#16314 = DIRECTION('',(-0.798599651604,0.601862605964,0.));
#16315 = ADVANCED_FACE('',(#16316),#16327,.F.);
#16316 = FACE_BOUND('',#16317,.F.);
#16317 = EDGE_LOOP('',(#16318,#16324,#16325,#16326));
#16318 = ORIENTED_EDGE('',*,*,#16319,.T.);
#16319 = EDGE_CURVE('',#3238,#7970,#16320,.T.);
#16320 = LINE('',#16321,#16322);
#16321 = CARTESIAN_POINT('',(-8.475760746095,-9.677855298475,0.));
#16322 = VECTOR('',#16323,1.);
#16323 = DIRECTION('',(0.,0.,1.));
#16324 = ORIENTED_EDGE('',*,*,#7977,.T.);
#16325 = ORIENTED_EDGE('',*,*,#16285,.F.);
#16326 = ORIENTED_EDGE('',*,*,#3245,.F.);
#16327 = PLANE('',#16328);
#16328 = AXIS2_PLACEMENT_3D('',#16329,#16330,#16331);
#16329 = CARTESIAN_POINT('',(-8.475760746095,-9.677855298475,0.));
#16330 = DIRECTION('',(-0.356149780775,0.934428881004,0.));
#16331 = DIRECTION('',(0.934428881004,0.356149780775,0.));
#16332 = ADVANCED_FACE('',(#16333),#16344,.F.);
#16333 = FACE_BOUND('',#16334,.F.);
#16334 = EDGE_LOOP('',(#16335,#16336,#16337,#16343));
#16335 = ORIENTED_EDGE('',*,*,#16304,.T.);
#16336 = ORIENTED_EDGE('',*,*,#6441,.T.);
#16337 = ORIENTED_EDGE('',*,*,#16338,.F.);
#16338 = EDGE_CURVE('',#1710,#6442,#16339,.T.);
#16339 = LINE('',#16340,#16341);
#16340 = CARTESIAN_POINT('',(-5.012083614962,12.535111401046,0.));
#16341 = VECTOR('',#16342,1.);
#16342 = DIRECTION('',(0.,0.,1.));
#16343 = ORIENTED_EDGE('',*,*,#1709,.F.);
#16344 = PLANE('',#16345);
#16345 = AXIS2_PLACEMENT_3D('',#16346,#16347,#16348);
#16346 = CARTESIAN_POINT('',(-4.70153669635,12.654862808141,0.));
#16347 = DIRECTION('',(0.359791053431,-0.933032902888,0.));
#16348 = DIRECTION('',(-0.933032902888,-0.359791053431,0.));
#16349 = ADVANCED_FACE('',(#16350),#16361,.F.);
#16350 = FACE_BOUND('',#16351,.F.);
#16351 = EDGE_LOOP('',(#16352,#16358,#16359,#16360));
#16352 = ORIENTED_EDGE('',*,*,#16353,.T.);
#16353 = EDGE_CURVE('',#3230,#7962,#16354,.T.);
#16354 = LINE('',#16355,#16356);
#16355 = CARTESIAN_POINT('',(-8.647954981196,-9.737773916212,0.));
#16356 = VECTOR('',#16357,1.);
#16357 = DIRECTION('',(0.,0.,1.));
#16358 = ORIENTED_EDGE('',*,*,#7969,.T.);
#16359 = ORIENTED_EDGE('',*,*,#16319,.F.);
#16360 = ORIENTED_EDGE('',*,*,#3237,.F.);
#16361 = PLANE('',#16362);
#16362 = AXIS2_PLACEMENT_3D('',#16363,#16364,#16365);
#16363 = CARTESIAN_POINT('',(-8.647954981196,-9.737773916212,0.));
#16364 = DIRECTION('',(-0.328642800701,0.944454291931,0.));
#16365 = DIRECTION('',(0.944454291931,0.328642800701,0.));
#16366 = ADVANCED_FACE('',(#16367),#16378,.F.);
#16367 = FACE_BOUND('',#16368,.F.);
#16368 = EDGE_LOOP('',(#16369,#16370,#16371,#16377));
#16369 = ORIENTED_EDGE('',*,*,#16338,.T.);
#16370 = ORIENTED_EDGE('',*,*,#6449,.T.);
#16371 = ORIENTED_EDGE('',*,*,#16372,.F.);
#16372 = EDGE_CURVE('',#1718,#6450,#16373,.T.);
#16373 = LINE('',#16374,#16375);
#16374 = CARTESIAN_POINT('',(-5.319583962594,12.407740586622,0.));
#16375 = VECTOR('',#16376,1.);
#16376 = DIRECTION('',(0.,0.,1.));
#16377 = ORIENTED_EDGE('',*,*,#1717,.F.);
#16378 = PLANE('',#16379);
#16379 = AXIS2_PLACEMENT_3D('',#16380,#16381,#16382);
#16380 = CARTESIAN_POINT('',(-5.012083614962,12.535111401046,0.));
#16381 = DIRECTION('',(0.382683432365,-0.923879532511,0.));
#16382 = DIRECTION('',(-0.923879532511,-0.382683432365,0.));
#16383 = ADVANCED_FACE('',(#16384),#16395,.F.);
#16384 = FACE_BOUND('',#16385,.F.);
#16385 = EDGE_LOOP('',(#16386,#16392,#16393,#16394));
#16386 = ORIENTED_EDGE('',*,*,#16387,.T.);
#16387 = EDGE_CURVE('',#3222,#7954,#16388,.T.);
#16388 = LINE('',#16389,#16390);
#16389 = CARTESIAN_POINT('',(-8.823901581666,-9.793495159654,0.));
#16390 = VECTOR('',#16391,1.);
#16391 = DIRECTION('',(0.,0.,1.));
#16392 = ORIENTED_EDGE('',*,*,#7961,.T.);
#16393 = ORIENTED_EDGE('',*,*,#16353,.F.);
#16394 = ORIENTED_EDGE('',*,*,#3229,.F.);
#16395 = PLANE('',#16396);
#16396 = AXIS2_PLACEMENT_3D('',#16397,#16398,#16399);
#16397 = CARTESIAN_POINT('',(-8.823901581666,-9.793495159654,0.));
#16398 = DIRECTION('',(-0.301915440496,0.953334708688,0.));
#16399 = DIRECTION('',(0.953334708688,0.301915440496,0.));
#16400 = ADVANCED_FACE('',(#16401),#16412,.F.);
#16401 = FACE_BOUND('',#16402,.F.);
#16402 = EDGE_LOOP('',(#16403,#16404,#16405,#16411));
#16403 = ORIENTED_EDGE('',*,*,#16372,.T.);
#16404 = ORIENTED_EDGE('',*,*,#6457,.T.);
#16405 = ORIENTED_EDGE('',*,*,#16406,.F.);
#16406 = EDGE_CURVE('',#1726,#6458,#16407,.T.);
#16407 = LINE('',#16408,#16409);
#16408 = CARTESIAN_POINT('',(-5.623850826635,12.272827786609,0.));
#16409 = VECTOR('',#16410,1.);
#16410 = DIRECTION('',(0.,0.,1.));
#16411 = ORIENTED_EDGE('',*,*,#1725,.F.);
#16412 = PLANE('',#16413);
#16413 = AXIS2_PLACEMENT_3D('',#16414,#16415,#16416);
#16414 = CARTESIAN_POINT('',(-5.319583962594,12.407740586622,0.));
#16415 = DIRECTION('',(0.405343199011,-0.914164586393,0.));
#16416 = DIRECTION('',(-0.914164586393,-0.405343199011,0.));
#16417 = ADVANCED_FACE('',(#16418),#16429,.F.);
#16418 = FACE_BOUND('',#16419,.F.);
#16419 = EDGE_LOOP('',(#16420,#16426,#16427,#16428));
#16420 = ORIENTED_EDGE('',*,*,#16421,.T.);
#16421 = EDGE_CURVE('',#3214,#7946,#16422,.T.);
#16422 = LINE('',#16423,#16424);
#16423 = CARTESIAN_POINT('',(-9.003449541249,-9.84502721462,0.));
#16424 = VECTOR('',#16425,1.);
#16425 = DIRECTION('',(0.,0.,1.));
#16426 = ORIENTED_EDGE('',*,*,#7953,.T.);
#16427 = ORIENTED_EDGE('',*,*,#16387,.F.);
#16428 = ORIENTED_EDGE('',*,*,#3221,.F.);
#16429 = PLANE('',#16430);
#16430 = AXIS2_PLACEMENT_3D('',#16431,#16432,#16433);
#16431 = CARTESIAN_POINT('',(-9.003449541249,-9.84502721462,0.));
#16432 = DIRECTION('',(-0.275872344808,0.961194282843,0.));
#16433 = DIRECTION('',(0.961194282843,0.275872344808,0.));
#16434 = ADVANCED_FACE('',(#16435),#16446,.F.);
#16435 = FACE_BOUND('',#16436,.F.);
#16436 = EDGE_LOOP('',(#16437,#16438,#16439,#16445));
#16437 = ORIENTED_EDGE('',*,*,#16406,.T.);
#16438 = ORIENTED_EDGE('',*,*,#6465,.T.);
#16439 = ORIENTED_EDGE('',*,*,#16440,.F.);
#16440 = EDGE_CURVE('',#1734,#6466,#16441,.T.);
#16441 = LINE('',#16442,#16443);
#16442 = CARTESIAN_POINT('',(-5.650148167032,12.085631559377,0.));
#16443 = VECTOR('',#16444,1.);
#16444 = DIRECTION('',(0.,0.,1.));
#16445 = ORIENTED_EDGE('',*,*,#1733,.F.);
#16446 = PLANE('',#16447);
#16447 = AXIS2_PLACEMENT_3D('',#16448,#16449,#16450);
#16448 = CARTESIAN_POINT('',(-5.623850826635,12.272827786609,0.));
#16449 = DIRECTION('',(0.990276359122,-0.139114099083,0.));
#16450 = DIRECTION('',(-0.139114099083,-0.990276359122,0.));
#16451 = ADVANCED_FACE('',(#16452),#16463,.F.);
#16452 = FACE_BOUND('',#16453,.F.);
#16453 = EDGE_LOOP('',(#16454,#16460,#16461,#16462));
#16454 = ORIENTED_EDGE('',*,*,#16455,.T.);
#16455 = EDGE_CURVE('',#3206,#7938,#16456,.T.);
#16456 = LINE('',#16457,#16458);
#16457 = CARTESIAN_POINT('',(-9.186459860637,-9.89236853483,0.));
#16458 = VECTOR('',#16459,1.);
#16459 = DIRECTION('',(0.,0.,1.));
#16460 = ORIENTED_EDGE('',*,*,#7945,.T.);
#16461 = ORIENTED_EDGE('',*,*,#16421,.F.);
#16462 = ORIENTED_EDGE('',*,*,#3213,.F.);
#16463 = PLANE('',#16464);
#16464 = AXIS2_PLACEMENT_3D('',#16465,#16466,#16467);
#16465 = CARTESIAN_POINT('',(-9.186459860637,-9.89236853483,0.));
#16466 = DIRECTION('',(-0.250437687273,0.96813272065,0.));
#16467 = DIRECTION('',(0.96813272065,0.250437687273,0.));
#16468 = ADVANCED_FACE('',(#16469),#16480,.F.);
#16469 = FACE_BOUND('',#16470,.F.);
#16470 = EDGE_LOOP('',(#16471,#16472,#16473,#16479));
#16471 = ORIENTED_EDGE('',*,*,#16440,.T.);
#16472 = ORIENTED_EDGE('',*,*,#6473,.T.);
#16473 = ORIENTED_EDGE('',*,*,#16474,.F.);
#16474 = EDGE_CURVE('',#1742,#6474,#16475,.T.);
#16475 = LINE('',#16476,#16477);
#16476 = CARTESIAN_POINT('',(-5.671248785629,11.900030410743,0.));
#16477 = VECTOR('',#16478,1.);
#16478 = DIRECTION('',(0.,0.,1.));
#16479 = ORIENTED_EDGE('',*,*,#1741,.F.);
#16480 = PLANE('',#16481);
#16481 = AXIS2_PLACEMENT_3D('',#16482,#16483,#16484);
#16482 = CARTESIAN_POINT('',(-5.650148167032,12.085631559377,0.));
#16483 = DIRECTION('',(0.993599500491,-0.112960314374,0.));
#16484 = DIRECTION('',(-0.112960314374,-0.993599500491,0.));
#16485 = ADVANCED_FACE('',(#16486),#16497,.F.);
#16486 = FACE_BOUND('',#16487,.F.);
#16487 = EDGE_LOOP('',(#16488,#16494,#16495,#16496));
#16488 = ORIENTED_EDGE('',*,*,#16489,.T.);
#16489 = EDGE_CURVE('',#3198,#7930,#16490,.T.);
#16490 = LINE('',#16491,#16492);
#16491 = CARTESIAN_POINT('',(-9.42754092313,-9.6628915001,0.));
#16492 = VECTOR('',#16493,1.);
#16493 = DIRECTION('',(0.,0.,1.));
#16494 = ORIENTED_EDGE('',*,*,#7937,.T.);
#16495 = ORIENTED_EDGE('',*,*,#16455,.F.);
#16496 = ORIENTED_EDGE('',*,*,#3205,.F.);
#16497 = PLANE('',#16498);
#16498 = AXIS2_PLACEMENT_3D('',#16499,#16500,#16501);
#16499 = CARTESIAN_POINT('',(-9.42754092313,-9.6628915001,0.));
#16500 = DIRECTION('',(0.689459824032,0.724323926877,-0.));
#16501 = DIRECTION('',(0.724323926877,-0.689459824032,0.));
#16502 = ADVANCED_FACE('',(#16503),#16514,.F.);
#16503 = FACE_BOUND('',#16504,.F.);
#16504 = EDGE_LOOP('',(#16505,#16506,#16507,#16513));
#16505 = ORIENTED_EDGE('',*,*,#16474,.T.);
#16506 = ORIENTED_EDGE('',*,*,#6481,.T.);
#16507 = ORIENTED_EDGE('',*,*,#16508,.F.);
#16508 = EDGE_CURVE('',#1750,#6482,#16509,.T.);
#16509 = LINE('',#16510,#16511);
#16510 = CARTESIAN_POINT('',(-5.687100918268,11.716153351057,0.));
#16511 = VECTOR('',#16512,1.);
#16512 = DIRECTION('',(0.,0.,1.));
#16513 = ORIENTED_EDGE('',*,*,#1749,.F.);
#16514 = PLANE('',#16515);
#16515 = AXIS2_PLACEMENT_3D('',#16516,#16517,#16518);
#16516 = CARTESIAN_POINT('',(-5.671248785629,11.900030410743,0.));
#16517 = DIRECTION('',(0.996304462043,-8.589190249035E-02,0.));
#16518 = DIRECTION('',(-8.589190249035E-02,-0.996304462043,0.));
#16519 = ADVANCED_FACE('',(#16520),#16531,.F.);
#16520 = FACE_BOUND('',#16521,.F.);
#16521 = EDGE_LOOP('',(#16522,#16528,#16529,#16530));
#16522 = ORIENTED_EDGE('',*,*,#16523,.T.);
#16523 = EDGE_CURVE('',#3190,#7922,#16524,.T.);
#16524 = LINE('',#16525,#16526);
#16525 = CARTESIAN_POINT('',(-9.6628915001,-9.42754092313,0.));
#16526 = VECTOR('',#16527,1.);
#16527 = DIRECTION('',(0.,0.,1.));
#16528 = ORIENTED_EDGE('',*,*,#7929,.T.);
#16529 = ORIENTED_EDGE('',*,*,#16489,.F.);
#16530 = ORIENTED_EDGE('',*,*,#3197,.F.);
#16531 = PLANE('',#16532);
#16532 = AXIS2_PLACEMENT_3D('',#16533,#16534,#16535);
#16533 = CARTESIAN_POINT('',(-9.6628915001,-9.42754092313,0.));
#16534 = DIRECTION('',(0.707106781187,0.707106781187,-0.));
#16535 = DIRECTION('',(0.707106781187,-0.707106781187,0.));
#16536 = ADVANCED_FACE('',(#16537),#16548,.F.);
#16537 = FACE_BOUND('',#16538,.F.);
#16538 = EDGE_LOOP('',(#16539,#16540,#16541,#16547));
#16539 = ORIENTED_EDGE('',*,*,#16508,.T.);
#16540 = ORIENTED_EDGE('',*,*,#6489,.T.);
#16541 = ORIENTED_EDGE('',*,*,#16542,.F.);
#16542 = EDGE_CURVE('',#1758,#6490,#16543,.T.);
#16543 = LINE('',#16544,#16545);
#16544 = CARTESIAN_POINT('',(-5.697639214646,11.534136759333,0.));
#16545 = VECTOR('',#16546,1.);
#16546 = DIRECTION('',(0.,0.,1.));
#16547 = ORIENTED_EDGE('',*,*,#1757,.F.);
#16548 = PLANE('',#16549);
#16549 = AXIS2_PLACEMENT_3D('',#16550,#16551,#16552);
#16550 = CARTESIAN_POINT('',(-5.687100918268,11.716153351057,0.));
#16551 = DIRECTION('',(0.998328144702,-5.780065307349E-02,0.));
#16552 = DIRECTION('',(-5.780065307349E-02,-0.998328144702,0.));
#16553 = ADVANCED_FACE('',(#16554),#16565,.F.);
#16554 = FACE_BOUND('',#16555,.F.);
#16555 = EDGE_LOOP('',(#16556,#16562,#16563,#16564));
#16556 = ORIENTED_EDGE('',*,*,#16557,.T.);
#16557 = EDGE_CURVE('',#3182,#7914,#16558,.T.);
#16558 = LINE('',#16559,#16560);
#16559 = CARTESIAN_POINT('',(-9.89236853483,-9.186459860637,0.));
#16560 = VECTOR('',#16561,1.);
#16561 = DIRECTION('',(0.,0.,1.));
#16562 = ORIENTED_EDGE('',*,*,#7921,.T.);
#16563 = ORIENTED_EDGE('',*,*,#16523,.F.);
#16564 = ORIENTED_EDGE('',*,*,#3189,.F.);
#16565 = PLANE('',#16566);
#16566 = AXIS2_PLACEMENT_3D('',#16567,#16568,#16569);
#16567 = CARTESIAN_POINT('',(-9.89236853483,-9.186459860637,0.));
#16568 = DIRECTION('',(0.724323926877,0.689459824032,-0.));
#16569 = DIRECTION('',(0.689459824032,-0.724323926877,0.));
#16570 = ADVANCED_FACE('',(#16571),#16582,.F.);
#16571 = FACE_BOUND('',#16572,.F.);
#16572 = EDGE_LOOP('',(#16573,#16574,#16575,#16581));
#16573 = ORIENTED_EDGE('',*,*,#16542,.T.);
#16574 = ORIENTED_EDGE('',*,*,#6497,.T.);
#16575 = ORIENTED_EDGE('',*,*,#16576,.F.);
#16576 = EDGE_CURVE('',#1766,#6498,#16577,.T.);
#16577 = LINE('',#16578,#16579);
#16578 = CARTESIAN_POINT('',(-5.702780774814,11.354126545409,0.));
#16579 = VECTOR('',#16580,1.);
#16580 = DIRECTION('',(0.,0.,1.));
#16581 = ORIENTED_EDGE('',*,*,#1765,.F.);
#16582 = PLANE('',#16583);
#16583 = AXIS2_PLACEMENT_3D('',#16584,#16585,#16586);
#16584 = CARTESIAN_POINT('',(-5.697639214646,11.534136759333,0.));
#16585 = DIRECTION('',(0.99959233829,-2.855095851751E-02,0.));
#16586 = DIRECTION('',(-2.855095851751E-02,-0.99959233829,0.));
#16587 = ADVANCED_FACE('',(#16588),#16599,.F.);
#16588 = FACE_BOUND('',#16589,.F.);
#16589 = EDGE_LOOP('',(#16590,#16596,#16597,#16598));
#16590 = ORIENTED_EDGE('',*,*,#16591,.T.);
#16591 = EDGE_CURVE('',#3174,#7906,#16592,.T.);
#16592 = LINE('',#16593,#16594);
#16593 = CARTESIAN_POINT('',(-9.84502721462,-9.003449541249,0.));
#16594 = VECTOR('',#16595,1.);
#16595 = DIRECTION('',(0.,0.,1.));
#16596 = ORIENTED_EDGE('',*,*,#7913,.T.);
#16597 = ORIENTED_EDGE('',*,*,#16557,.F.);
#16598 = ORIENTED_EDGE('',*,*,#3181,.F.);
#16599 = PLANE('',#16600);
#16600 = AXIS2_PLACEMENT_3D('',#16601,#16602,#16603);
#16601 = CARTESIAN_POINT('',(-9.84502721462,-9.003449541249,0.));
#16602 = DIRECTION('',(0.96813272065,-0.250437687273,0.));
#16603 = DIRECTION('',(-0.250437687273,-0.96813272065,0.));
#16604 = ADVANCED_FACE('',(#16605),#16616,.F.);
#16605 = FACE_BOUND('',#16606,.F.);
#16606 = EDGE_LOOP('',(#16607,#16608,#16609,#16615));
#16607 = ORIENTED_EDGE('',*,*,#16576,.T.);
#16608 = ORIENTED_EDGE('',*,*,#6505,.T.);
#16609 = ORIENTED_EDGE('',*,*,#16610,.F.);
#16610 = EDGE_CURVE('',#1774,#6506,#16611,.T.);
#16611 = LINE('',#16612,#16613);
#16612 = CARTESIAN_POINT('',(-5.702419628077,11.176281174872,0.));
#16613 = VECTOR('',#16614,1.);
#16614 = DIRECTION('',(0.,0.,1.));
#16615 = ORIENTED_EDGE('',*,*,#1773,.F.);
#16616 = PLANE('',#16617);
#16617 = AXIS2_PLACEMENT_3D('',#16618,#16619,#16620);
#16618 = CARTESIAN_POINT('',(-5.702780774814,11.354126545409,0.));
#16619 = DIRECTION('',(0.999997938179,2.030674124855E-03,-0.));
#16620 = DIRECTION('',(2.030674124855E-03,-0.999997938179,0.));
#16621 = ADVANCED_FACE('',(#16622),#16633,.F.);
#16622 = FACE_BOUND('',#16623,.F.);
#16623 = EDGE_LOOP('',(#16624,#16630,#16631,#16632));
#16624 = ORIENTED_EDGE('',*,*,#16625,.T.);
#16625 = EDGE_CURVE('',#3166,#7898,#16626,.T.);
#16626 = LINE('',#16627,#16628);
#16627 = CARTESIAN_POINT('',(-9.793495159654,-8.823901581666,0.));
#16628 = VECTOR('',#16629,1.);
#16629 = DIRECTION('',(0.,0.,1.));
#16630 = ORIENTED_EDGE('',*,*,#7905,.T.);
#16631 = ORIENTED_EDGE('',*,*,#16591,.F.);
#16632 = ORIENTED_EDGE('',*,*,#3173,.F.);
#16633 = PLANE('',#16634);
#16634 = AXIS2_PLACEMENT_3D('',#16635,#16636,#16637);
#16635 = CARTESIAN_POINT('',(-9.793495159654,-8.823901581666,0.));
#16636 = DIRECTION('',(0.961194282843,-0.275872344808,0.));
#16637 = DIRECTION('',(-0.275872344808,-0.961194282843,0.));
#16638 = ADVANCED_FACE('',(#16639),#16650,.F.);
#16639 = FACE_BOUND('',#16640,.F.);
#16640 = EDGE_LOOP('',(#16641,#16642,#16643,#16649));
#16641 = ORIENTED_EDGE('',*,*,#16610,.T.);
#16642 = ORIENTED_EDGE('',*,*,#6513,.T.);
#16643 = ORIENTED_EDGE('',*,*,#16644,.F.);
#16644 = EDGE_CURVE('',#1782,#6514,#16645,.T.);
#16645 = LINE('',#16646,#16647);
#16646 = CARTESIAN_POINT('',(-5.696418777643,11.000776042271,0.));
#16647 = VECTOR('',#16648,1.);
#16648 = DIRECTION('',(0.,0.,1.));
#16649 = ORIENTED_EDGE('',*,*,#1781,.F.);
#16650 = PLANE('',#16651);
#16651 = AXIS2_PLACEMENT_3D('',#16652,#16653,#16654);
#16652 = CARTESIAN_POINT('',(-5.702419628077,11.176281174872,0.));
#16653 = DIRECTION('',(0.999415969707,3.417191091091E-02,-0.));
#16654 = DIRECTION('',(3.417191091091E-02,-0.999415969707,0.));
#16655 = ADVANCED_FACE('',(#16656),#16667,.F.);
#16656 = FACE_BOUND('',#16657,.F.);
#16657 = EDGE_LOOP('',(#16658,#16664,#16665,#16666));
#16658 = ORIENTED_EDGE('',*,*,#16659,.T.);
#16659 = EDGE_CURVE('',#3158,#7890,#16660,.T.);
#16660 = LINE('',#16661,#16662);
#16661 = CARTESIAN_POINT('',(-9.737773916212,-8.647954981196,0.));
#16662 = VECTOR('',#16663,1.);
#16663 = DIRECTION('',(0.,0.,1.));
#16664 = ORIENTED_EDGE('',*,*,#7897,.T.);
#16665 = ORIENTED_EDGE('',*,*,#16625,.F.);
#16666 = ORIENTED_EDGE('',*,*,#3165,.F.);
#16667 = PLANE('',#16668);
#16668 = AXIS2_PLACEMENT_3D('',#16669,#16670,#16671);
#16669 = CARTESIAN_POINT('',(-9.737773916212,-8.647954981196,0.));
#16670 = DIRECTION('',(0.953334708688,-0.301915440496,0.));
#16671 = DIRECTION('',(-0.301915440496,-0.953334708688,0.));
#16672 = ADVANCED_FACE('',(#16673),#16684,.F.);
#16673 = FACE_BOUND('',#16674,.F.);
#16674 = EDGE_LOOP('',(#16675,#16676,#16677,#16683));
#16675 = ORIENTED_EDGE('',*,*,#16644,.T.);
#16676 = ORIENTED_EDGE('',*,*,#6521,.T.);
#16677 = ORIENTED_EDGE('',*,*,#16678,.F.);
#16678 = EDGE_CURVE('',#1790,#6522,#16679,.T.);
#16679 = LINE('',#16680,#16681);
#16680 = CARTESIAN_POINT('',(-5.684598248388,10.82781005805,0.));
#16681 = VECTOR('',#16682,1.);
#16682 = DIRECTION('',(0.,0.,1.));
#16683 = ORIENTED_EDGE('',*,*,#1789,.F.);
#16684 = PLANE('',#16685);
#16685 = AXIS2_PLACEMENT_3D('',#16686,#16687,#16688);
#16686 = CARTESIAN_POINT('',(-5.696418777643,11.000776042271,0.));
#16687 = DIRECTION('',(0.99767295678,6.818116536716E-02,-0.));
#16688 = DIRECTION('',(6.818116536716E-02,-0.99767295678,0.));
#16689 = ADVANCED_FACE('',(#16690),#16701,.F.);
#16690 = FACE_BOUND('',#16691,.F.);
#16691 = EDGE_LOOP('',(#16692,#16698,#16699,#16700));
#16692 = ORIENTED_EDGE('',*,*,#16693,.T.);
#16693 = EDGE_CURVE('',#3150,#7882,#16694,.T.);
#16694 = LINE('',#16695,#16696);
#16695 = CARTESIAN_POINT('',(-9.677855298475,-8.475760746095,0.));
#16696 = VECTOR('',#16697,1.);
#16697 = DIRECTION('',(0.,0.,1.));
#16698 = ORIENTED_EDGE('',*,*,#7889,.T.);
#16699 = ORIENTED_EDGE('',*,*,#16659,.F.);
#16700 = ORIENTED_EDGE('',*,*,#3157,.F.);
#16701 = PLANE('',#16702);
#16702 = AXIS2_PLACEMENT_3D('',#16703,#16704,#16705);
#16703 = CARTESIAN_POINT('',(-9.677855298475,-8.475760746095,0.));
#16704 = DIRECTION('',(0.944454291931,-0.328642800701,0.));
#16705 = DIRECTION('',(-0.328642800701,-0.944454291931,0.));
#16706 = ADVANCED_FACE('',(#16707),#16718,.F.);
#16707 = FACE_BOUND('',#16708,.F.);
#16708 = EDGE_LOOP('',(#16709,#16710,#16711,#16717));
#16709 = ORIENTED_EDGE('',*,*,#16678,.T.);
#16710 = ORIENTED_EDGE('',*,*,#6529,.T.);
#16711 = ORIENTED_EDGE('',*,*,#16712,.F.);
#16712 = EDGE_CURVE('',#1798,#6530,#16713,.T.);
#16713 = LINE('',#16714,#16715);
#16714 = CARTESIAN_POINT('',(-5.66671614958,10.657616104149,0.));
#16715 = VECTOR('',#16716,1.);
#16716 = DIRECTION('',(0.,0.,1.));
#16717 = ORIENTED_EDGE('',*,*,#1797,.F.);
#16718 = PLANE('',#16719);
#16719 = AXIS2_PLACEMENT_3D('',#16720,#16721,#16722);
#16720 = CARTESIAN_POINT('',(-5.684598248388,10.82781005805,0.));
#16721 = DIRECTION('',(0.994525543535,0.10449374745,-0.));
#16722 = DIRECTION('',(0.10449374745,-0.994525543535,0.));
#16723 = ADVANCED_FACE('',(#16724),#16735,.F.);
#16724 = FACE_BOUND('',#16725,.F.);
#16725 = EDGE_LOOP('',(#16726,#16732,#16733,#16734));
#16726 = ORIENTED_EDGE('',*,*,#16727,.T.);
#16727 = EDGE_CURVE('',#3142,#7874,#16728,.T.);
#16728 = LINE('',#16729,#16730);
#16729 = CARTESIAN_POINT('',(-9.613718554154,-8.307485403915,0.));
#16730 = VECTOR('',#16731,1.);
#16731 = DIRECTION('',(0.,0.,1.));
#16732 = ORIENTED_EDGE('',*,*,#7881,.T.);
#16733 = ORIENTED_EDGE('',*,*,#16693,.F.);
#16734 = ORIENTED_EDGE('',*,*,#3149,.F.);
#16735 = PLANE('',#16736);
#16736 = AXIS2_PLACEMENT_3D('',#16737,#16738,#16739);
#16737 = CARTESIAN_POINT('',(-9.613718554154,-8.307485403915,0.));
#16738 = DIRECTION('',(0.934428881004,-0.356149780775,0.));
#16739 = DIRECTION('',(-0.356149780775,-0.934428881004,0.));
#16740 = ADVANCED_FACE('',(#16741),#16752,.F.);
#16741 = FACE_BOUND('',#16742,.F.);
#16742 = EDGE_LOOP('',(#16743,#16744,#16745,#16751));
#16743 = ORIENTED_EDGE('',*,*,#16712,.T.);
#16744 = ORIENTED_EDGE('',*,*,#6537,.T.);
#16745 = ORIENTED_EDGE('',*,*,#16746,.F.);
#16746 = EDGE_CURVE('',#1806,#6538,#16747,.T.);
#16747 = LINE('',#16748,#16749);
#16748 = CARTESIAN_POINT('',(-5.642436491213,10.490478826,0.));
#16749 = VECTOR('',#16750,1.);
#16750 = DIRECTION('',(0.,0.,1.));
#16751 = ORIENTED_EDGE('',*,*,#1805,.F.);
#16752 = PLANE('',#16753);
#16753 = AXIS2_PLACEMENT_3D('',#16754,#16755,#16756);
#16754 = CARTESIAN_POINT('',(-5.66671614958,10.657616104149,0.));
#16755 = DIRECTION('',(0.989612751958,0.143758829861,-0.));
#16756 = DIRECTION('',(0.143758829861,-0.989612751958,0.));
#16757 = ADVANCED_FACE('',(#16758),#16769,.F.);
#16758 = FACE_BOUND('',#16759,.F.);
#16759 = EDGE_LOOP('',(#16760,#16766,#16767,#16768));
#16760 = ORIENTED_EDGE('',*,*,#16761,.T.);
#16761 = EDGE_CURVE('',#3134,#7866,#16762,.T.);
#16762 = LINE('',#16763,#16764);
#16763 = CARTESIAN_POINT('',(-9.545326421249,-8.143315910997,0.));
#16764 = VECTOR('',#16765,1.);
#16765 = DIRECTION('',(0.,0.,1.));
#16766 = ORIENTED_EDGE('',*,*,#7873,.T.);
#16767 = ORIENTED_EDGE('',*,*,#16727,.F.);
#16768 = ORIENTED_EDGE('',*,*,#3141,.F.);
#16769 = PLANE('',#16770);
#16770 = AXIS2_PLACEMENT_3D('',#16771,#16772,#16773);
#16771 = CARTESIAN_POINT('',(-9.545326421249,-8.143315910997,0.));
#16772 = DIRECTION('',(0.923100522293,-0.384558741602,0.));
#16773 = DIRECTION('',(-0.384558741602,-0.923100522293,0.));
#16774 = ADVANCED_FACE('',(#16775),#16786,.F.);
#16775 = FACE_BOUND('',#16776,.F.);
#16776 = EDGE_LOOP('',(#16777,#16778,#16779,#16785));
#16777 = ORIENTED_EDGE('',*,*,#16746,.T.);
#16778 = ORIENTED_EDGE('',*,*,#6545,.T.);
#16779 = ORIENTED_EDGE('',*,*,#16780,.F.);
#16780 = EDGE_CURVE('',#1814,#6546,#16781,.T.);
#16781 = LINE('',#16782,#16783);
#16782 = CARTESIAN_POINT('',(-5.611268890001,10.326767993003,0.));
#16783 = VECTOR('',#16784,1.);
#16784 = DIRECTION('',(0.,0.,1.));
#16785 = ORIENTED_EDGE('',*,*,#1813,.F.);
#16786 = PLANE('',#16787);
#16787 = AXIS2_PLACEMENT_3D('',#16788,#16789,#16790);
#16788 = CARTESIAN_POINT('',(-5.642436491213,10.490478826,0.));
#16789 = DIRECTION('',(0.98235556384,0.187022849386,-0.));
#16790 = DIRECTION('',(0.187022849386,-0.98235556384,0.));
#16791 = ADVANCED_FACE('',(#16792),#16803,.F.);
#16792 = FACE_BOUND('',#16793,.F.);
#16793 = EDGE_LOOP('',(#16794,#16800,#16801,#16802));
#16794 = ORIENTED_EDGE('',*,*,#16795,.T.);
#16795 = EDGE_CURVE('',#3126,#7858,#16796,.T.);
#16796 = LINE('',#16797,#16798);
#16797 = CARTESIAN_POINT('',(-9.472619451814,-7.983466737178,0.));
#16798 = VECTOR('',#16799,1.);
#16799 = DIRECTION('',(0.,0.,1.));
#16800 = ORIENTED_EDGE('',*,*,#7865,.T.);
#16801 = ORIENTED_EDGE('',*,*,#16761,.F.);
#16802 = ORIENTED_EDGE('',*,*,#3133,.F.);
#16803 = PLANE('',#16804);
#16804 = AXIS2_PLACEMENT_3D('',#16805,#16806,#16807);
#16805 = CARTESIAN_POINT('',(-9.472619451814,-7.983466737178,0.));
#16806 = DIRECTION('',(0.910262934719,-0.414030662725,0.));
#16807 = DIRECTION('',(-0.414030662725,-0.910262934719,0.));
#16808 = ADVANCED_FACE('',(#16809),#16820,.F.);
#16809 = FACE_BOUND('',#16810,.F.);
#16810 = EDGE_LOOP('',(#16811,#16812,#16813,#16819));
#16811 = ORIENTED_EDGE('',*,*,#16780,.T.);
#16812 = ORIENTED_EDGE('',*,*,#6553,.T.);
#16813 = ORIENTED_EDGE('',*,*,#16814,.F.);
#16814 = EDGE_CURVE('',#1822,#6554,#16815,.T.);
#16815 = LINE('',#16816,#16817);
#16816 = CARTESIAN_POINT('',(-5.572437761676,10.167010911707,0.));
#16817 = VECTOR('',#16818,1.);
#16818 = DIRECTION('',(0.,0.,1.));
#16819 = ORIENTED_EDGE('',*,*,#1821,.F.);
#16820 = PLANE('',#16821);
#16821 = AXIS2_PLACEMENT_3D('',#16822,#16823,#16824);
#16822 = CARTESIAN_POINT('',(-5.611268890001,10.326767993003,0.));
#16823 = DIRECTION('',(0.971707682117,0.236186749235,-0.));
#16824 = DIRECTION('',(0.236186749235,-0.971707682117,0.));
#16825 = ADVANCED_FACE('',(#16826),#16837,.F.);
#16826 = FACE_BOUND('',#16827,.F.);
#16827 = EDGE_LOOP('',(#16828,#16834,#16835,#16836));
#16828 = ORIENTED_EDGE('',*,*,#16829,.T.);
#16829 = EDGE_CURVE('',#3118,#7850,#16830,.T.);
#16830 = LINE('',#16831,#16832);
#16831 = CARTESIAN_POINT('',(-9.395507490247,-7.828190525243,0.));
#16832 = VECTOR('',#16833,1.);
#16833 = DIRECTION('',(0.,0.,1.));
#16834 = ORIENTED_EDGE('',*,*,#7857,.T.);
#16835 = ORIENTED_EDGE('',*,*,#16795,.F.);
#16836 = ORIENTED_EDGE('',*,*,#3125,.F.);
#16837 = PLANE('',#16838);
#16838 = AXIS2_PLACEMENT_3D('',#16839,#16840,#16841);
#16839 = CARTESIAN_POINT('',(-9.395507490247,-7.828190525243,0.));
#16840 = DIRECTION('',(0.895637822523,-0.444784094664,0.));
#16841 = DIRECTION('',(-0.444784094664,-0.895637822523,0.));
#16842 = ADVANCED_FACE('',(#16843),#16854,.F.);
#16843 = FACE_BOUND('',#16844,.F.);
#16844 = EDGE_LOOP('',(#16845,#16846,#16847,#16853));
#16845 = ORIENTED_EDGE('',*,*,#16814,.T.);
#16846 = ORIENTED_EDGE('',*,*,#6561,.T.);
#16847 = ORIENTED_EDGE('',*,*,#16848,.F.);
#16848 = EDGE_CURVE('',#1830,#6562,#16849,.T.);
#16849 = LINE('',#16850,#16851);
#16850 = CARTESIAN_POINT('',(-5.524515791443,10.01209538879,0.));
#16851 = VECTOR('',#16852,1.);
#16852 = DIRECTION('',(0.,0.,1.));
#16853 = ORIENTED_EDGE('',*,*,#1829,.F.);
#16854 = PLANE('',#16855);
#16855 = AXIS2_PLACEMENT_3D('',#16856,#16857,#16858);
#16856 = CARTESIAN_POINT('',(-5.572437761676,10.167010911707,0.));
#16857 = DIRECTION('',(0.955334777046,0.295525741292,-0.));
#16858 = DIRECTION('',(0.295525741292,-0.955334777046,0.));
#16859 = ADVANCED_FACE('',(#16860),#16871,.F.);
#16860 = FACE_BOUND('',#16861,.F.);
#16861 = EDGE_LOOP('',(#16862,#16868,#16869,#16870));
#16862 = ORIENTED_EDGE('',*,*,#16863,.T.);
#16863 = EDGE_CURVE('',#3110,#7842,#16864,.T.);
#16864 = LINE('',#16865,#16866);
#16865 = CARTESIAN_POINT('',(-9.313856178713,-7.677794997626,0.));
#16866 = VECTOR('',#16867,1.);
#16867 = DIRECTION('',(0.,0.,1.));
#16868 = ORIENTED_EDGE('',*,*,#7849,.T.);
#16869 = ORIENTED_EDGE('',*,*,#16829,.F.);
#16870 = ORIENTED_EDGE('',*,*,#3117,.F.);
#16871 = PLANE('',#16872);
#16872 = AXIS2_PLACEMENT_3D('',#16873,#16874,#16875);
#16873 = CARTESIAN_POINT('',(-9.313856178713,-7.677794997626,0.));
#16874 = DIRECTION('',(0.878833768297,-0.477128083119,0.));
#16875 = DIRECTION('',(-0.477128083119,-0.878833768297,0.));
#16876 = ADVANCED_FACE('',(#16877),#16888,.F.);
#16877 = FACE_BOUND('',#16878,.F.);
#16878 = EDGE_LOOP('',(#16879,#16880,#16881,#16887));
#16879 = ORIENTED_EDGE('',*,*,#16848,.T.);
#16880 = ORIENTED_EDGE('',*,*,#6569,.T.);
#16881 = ORIENTED_EDGE('',*,*,#16882,.F.);
#16882 = EDGE_CURVE('',#1838,#6570,#16883,.T.);
#16883 = LINE('',#16884,#16885);
#16884 = CARTESIAN_POINT('',(-5.463236387278,9.864481226436,0.));
#16885 = VECTOR('',#16886,1.);
#16886 = DIRECTION('',(0.,0.,1.));
#16887 = ORIENTED_EDGE('',*,*,#1837,.F.);
#16888 = PLANE('',#16889);
#16889 = AXIS2_PLACEMENT_3D('',#16890,#16891,#16892);
#16890 = CARTESIAN_POINT('',(-5.524515791443,10.01209538879,0.));
#16891 = DIRECTION('',(0.923579254706,0.383407564188,-0.));
#16892 = DIRECTION('',(0.383407564188,-0.923579254706,0.));
#16893 = ADVANCED_FACE('',(#16894),#16905,.F.);
#16894 = FACE_BOUND('',#16895,.F.);
#16895 = EDGE_LOOP('',(#16896,#16902,#16903,#16904));
#16896 = ORIENTED_EDGE('',*,*,#16897,.T.);
#16897 = EDGE_CURVE('',#3102,#7834,#16898,.T.);
#16898 = LINE('',#16899,#16900);
#16899 = CARTESIAN_POINT('',(-9.227464032013,-7.532671710225,0.));
#16900 = VECTOR('',#16901,1.);
#16901 = DIRECTION('',(0.,0.,1.));
#16902 = ORIENTED_EDGE('',*,*,#7841,.T.);
#16903 = ORIENTED_EDGE('',*,*,#16863,.F.);
#16904 = ORIENTED_EDGE('',*,*,#3109,.F.);
#16905 = PLANE('',#16906);
#16906 = AXIS2_PLACEMENT_3D('',#16907,#16908,#16909);
#16907 = CARTESIAN_POINT('',(-9.227464032013,-7.532671710225,0.));
#16908 = DIRECTION('',(0.859268844202,-0.511524245158,0.));
#16909 = DIRECTION('',(-0.511524245158,-0.859268844202,0.));
#16910 = ADVANCED_FACE('',(#16911),#16922,.F.);
#16911 = FACE_BOUND('',#16912,.F.);
#16912 = EDGE_LOOP('',(#16913,#16914,#16915,#16921));
#16913 = ORIENTED_EDGE('',*,*,#16882,.T.);
#16914 = ORIENTED_EDGE('',*,*,#6577,.T.);
#16915 = ORIENTED_EDGE('',*,*,#16916,.F.);
#16916 = EDGE_CURVE('',#1846,#6578,#16917,.T.);
#16917 = LINE('',#16918,#16919);
#16918 = CARTESIAN_POINT('',(-4.905444908454,8.857326642398,0.));
#16919 = VECTOR('',#16920,1.);
#16920 = DIRECTION('',(0.,0.,1.));
#16921 = ORIENTED_EDGE('',*,*,#1845,.F.);
#16922 = PLANE('',#16923);
#16923 = AXIS2_PLACEMENT_3D('',#16924,#16925,#16926);
#16924 = CARTESIAN_POINT('',(-5.463236387278,9.864481226436,0.));
#16925 = DIRECTION('',(0.874797693076,0.48448838602,-0.));
#16926 = DIRECTION('',(0.48448838602,-0.874797693076,0.));
#16927 = ADVANCED_FACE('',(#16928),#16939,.F.);
#16928 = FACE_BOUND('',#16929,.F.);
#16929 = EDGE_LOOP('',(#16930,#16936,#16937,#16938));
#16930 = ORIENTED_EDGE('',*,*,#16931,.T.);
#16931 = EDGE_CURVE('',#3094,#7826,#16932,.T.);
#16932 = LINE('',#16933,#16934);
#16933 = CARTESIAN_POINT('',(-9.136019499689,-7.393349946979,0.));
#16934 = VECTOR('',#16935,1.);
#16935 = DIRECTION('',(0.,0.,1.));
#16936 = ORIENTED_EDGE('',*,*,#7833,.T.);
#16937 = ORIENTED_EDGE('',*,*,#16897,.F.);
#16938 = ORIENTED_EDGE('',*,*,#3101,.F.);
#16939 = PLANE('',#16940);
#16940 = AXIS2_PLACEMENT_3D('',#16941,#16942,#16943);
#16941 = CARTESIAN_POINT('',(-9.136019499689,-7.393349946979,0.));
#16942 = DIRECTION('',(0.836007653147,-0.548717781633,0.));
#16943 = DIRECTION('',(-0.548717781633,-0.836007653147,0.));
#16944 = ADVANCED_FACE('',(#16945),#16956,.F.);
#16945 = FACE_BOUND('',#16946,.F.);
#16946 = EDGE_LOOP('',(#16947,#16948,#16949,#16955));
#16947 = ORIENTED_EDGE('',*,*,#16916,.T.);
#16948 = ORIENTED_EDGE('',*,*,#6585,.T.);
#16949 = ORIENTED_EDGE('',*,*,#16950,.F.);
#16950 = EDGE_CURVE('',#1854,#6586,#16951,.T.);
#16951 = LINE('',#16952,#16953);
#16952 = CARTESIAN_POINT('',(-5.26986372534,8.645470566507,0.));
#16953 = VECTOR('',#16954,1.);
#16954 = DIRECTION('',(0.,0.,1.));
#16955 = ORIENTED_EDGE('',*,*,#1853,.F.);
#16956 = PLANE('',#16957);
#16957 = AXIS2_PLACEMENT_3D('',#16958,#16959,#16960);
#16958 = CARTESIAN_POINT('',(-4.905444908454,8.857326642398,0.));
#16959 = DIRECTION('',(0.502593278054,-0.864522988043,0.));
#16960 = DIRECTION('',(-0.864522988043,-0.502593278054,0.));
#16961 = ADVANCED_FACE('',(#16962),#16973,.F.);
#16962 = FACE_BOUND('',#16963,.F.);
#16963 = EDGE_LOOP('',(#16964,#16970,#16971,#16972));
#16964 = ORIENTED_EDGE('',*,*,#16965,.T.);
#16965 = EDGE_CURVE('',#3086,#7818,#16966,.T.);
#16966 = LINE('',#16967,#16968);
#16967 = CARTESIAN_POINT('',(-9.039007826791,-7.260613678866,0.));
#16968 = VECTOR('',#16969,1.);
#16969 = DIRECTION('',(0.,0.,1.));
#16970 = ORIENTED_EDGE('',*,*,#7825,.T.);
#16971 = ORIENTED_EDGE('',*,*,#16931,.F.);
#16972 = ORIENTED_EDGE('',*,*,#3093,.F.);
#16973 = PLANE('',#16974);
#16974 = AXIS2_PLACEMENT_3D('',#16975,#16976,#16977);
#16975 = CARTESIAN_POINT('',(-9.039007826791,-7.260613678866,0.));
#16976 = DIRECTION('',(0.807356083216,-0.590064534517,0.));
#16977 = DIRECTION('',(-0.590064534517,-0.807356083216,0.));
#16978 = ADVANCED_FACE('',(#16979),#16990,.F.);
#16979 = FACE_BOUND('',#16980,.F.);
#16980 = EDGE_LOOP('',(#16981,#16982,#16983,#16989));
#16981 = ORIENTED_EDGE('',*,*,#16950,.T.);
#16982 = ORIENTED_EDGE('',*,*,#6593,.T.);
#16983 = ORIENTED_EDGE('',*,*,#16984,.F.);
#16984 = EDGE_CURVE('',#1862,#6594,#16985,.T.);
#16985 = LINE('',#16986,#16987);
#16986 = CARTESIAN_POINT('',(-5.625148609323,8.418629824563,0.));
#16987 = VECTOR('',#16988,1.);
#16988 = DIRECTION('',(0.,0.,1.));
#16989 = ORIENTED_EDGE('',*,*,#1861,.F.);
#16990 = PLANE('',#16991);
#16991 = AXIS2_PLACEMENT_3D('',#16992,#16993,#16994);
#16992 = CARTESIAN_POINT('',(-5.26986372534,8.645470566507,0.));
#16993 = DIRECTION('',(0.538141904171,-0.84285425251,0.));
#16994 = DIRECTION('',(-0.84285425251,-0.538141904171,0.));
#16995 = ADVANCED_FACE('',(#16996),#17007,.F.);
#16996 = FACE_BOUND('',#16997,.F.);
#16997 = EDGE_LOOP('',(#16998,#17004,#17005,#17006));
#16998 = ORIENTED_EDGE('',*,*,#16999,.T.);
#16999 = EDGE_CURVE('',#3078,#7810,#17000,.T.);
#17000 = LINE('',#17001,#17002);
#17001 = CARTESIAN_POINT('',(-8.935450095299,-7.135829342029,0.));
#17002 = VECTOR('',#17003,1.);
#17003 = DIRECTION('',(0.,0.,1.));
#17004 = ORIENTED_EDGE('',*,*,#7817,.T.);
#17005 = ORIENTED_EDGE('',*,*,#16965,.F.);
#17006 = ORIENTED_EDGE('',*,*,#3085,.F.);
#17007 = PLANE('',#17008);
#17008 = AXIS2_PLACEMENT_3D('',#17009,#17010,#17011);
#17009 = CARTESIAN_POINT('',(-8.935450095299,-7.135829342029,0.));
#17010 = DIRECTION('',(0.769521442179,-0.638620975248,0.));
#17011 = DIRECTION('',(-0.638620975248,-0.769521442179,0.));
#17012 = ADVANCED_FACE('',(#17013),#17024,.F.);
#17013 = FACE_BOUND('',#17014,.F.);
#17014 = EDGE_LOOP('',(#17015,#17016,#17017,#17023));
#17015 = ORIENTED_EDGE('',*,*,#16984,.T.);
#17016 = ORIENTED_EDGE('',*,*,#6601,.T.);
#17017 = ORIENTED_EDGE('',*,*,#17018,.F.);
#17018 = EDGE_CURVE('',#1870,#6602,#17019,.T.);
#17019 = LINE('',#17020,#17021);
#17020 = CARTESIAN_POINT('',(-5.970683766815,8.177197585768,0.));
#17021 = VECTOR('',#17022,1.);
#17022 = DIRECTION('',(0.,0.,1.));
#17023 = ORIENTED_EDGE('',*,*,#1869,.F.);
#17024 = PLANE('',#17025);
#17025 = AXIS2_PLACEMENT_3D('',#17026,#17027,#17028);
#17026 = CARTESIAN_POINT('',(-5.625148609323,8.418629824563,0.));
#17027 = DIRECTION('',(0.572757801797,-0.819724649185,0.));
#17028 = DIRECTION('',(-0.819724649185,-0.572757801797,0.));
#17029 = ADVANCED_FACE('',(#17030),#17041,.F.);
#17030 = FACE_BOUND('',#17031,.F.);
#17031 = EDGE_LOOP('',(#17032,#17038,#17039,#17040));
#17032 = ORIENTED_EDGE('',*,*,#17033,.T.);
#17033 = EDGE_CURVE('',#3070,#7802,#17034,.T.);
#17034 = LINE('',#17035,#17036);
#17035 = CARTESIAN_POINT('',(-8.822345813711,-7.022902251441,0.));
#17036 = VECTOR('',#17037,1.);
#17037 = DIRECTION('',(0.,0.,1.));
#17038 = ORIENTED_EDGE('',*,*,#7809,.T.);
#17039 = ORIENTED_EDGE('',*,*,#16999,.F.);
#17040 = ORIENTED_EDGE('',*,*,#3077,.F.);
#17041 = PLANE('',#17042);
#17042 = AXIS2_PLACEMENT_3D('',#17043,#17044,#17045);
#17043 = CARTESIAN_POINT('',(-8.822345813711,-7.022902251441,0.));
#17044 = DIRECTION('',(0.706552247417,-0.707660880416,0.));
#17045 = DIRECTION('',(-0.707660880416,-0.706552247417,0.));
#17046 = ADVANCED_FACE('',(#17047),#17058,.F.);
#17047 = FACE_BOUND('',#17048,.F.);
#17048 = EDGE_LOOP('',(#17049,#17050,#17051,#17057));
#17049 = ORIENTED_EDGE('',*,*,#17018,.T.);
#17050 = ORIENTED_EDGE('',*,*,#6609,.T.);
#17051 = ORIENTED_EDGE('',*,*,#17052,.F.);
#17052 = EDGE_CURVE('',#1878,#6610,#17053,.T.);
#17053 = LINE('',#17054,#17055);
#17054 = CARTESIAN_POINT('',(-6.305870302833,7.921592309873,0.));
#17055 = VECTOR('',#17056,1.);
#17056 = DIRECTION('',(0.,0.,1.));
#17057 = ORIENTED_EDGE('',*,*,#1877,.F.);
#17058 = PLANE('',#17059);
#17059 = AXIS2_PLACEMENT_3D('',#17060,#17061,#17062);
#17060 = CARTESIAN_POINT('',(-5.970683766815,8.177197585768,0.));
#17061 = DIRECTION('',(0.606380973309,-0.795174267195,0.));
#17062 = DIRECTION('',(-0.795174267195,-0.606380973309,0.));
#17063 = ADVANCED_FACE('',(#17064),#17075,.F.);
#17064 = FACE_BOUND('',#17065,.F.);
#17065 = EDGE_LOOP('',(#17066,#17072,#17073,#17074));
#17066 = ORIENTED_EDGE('',*,*,#17067,.T.);
#17067 = EDGE_CURVE('',#3062,#7794,#17068,.T.);
#17068 = LINE('',#17069,#17070);
#17069 = CARTESIAN_POINT('',(-7.921592309873,-6.305870302833,0.));
#17070 = VECTOR('',#17071,1.);
#17071 = DIRECTION('',(0.,0.,1.));
#17072 = ORIENTED_EDGE('',*,*,#7801,.T.);
#17073 = ORIENTED_EDGE('',*,*,#17033,.F.);
#17074 = ORIENTED_EDGE('',*,*,#3069,.F.);
#17075 = PLANE('',#17076);
#17076 = AXIS2_PLACEMENT_3D('',#17077,#17078,#17079);
#17077 = CARTESIAN_POINT('',(-7.921592309873,-6.305870302833,0.));
#17078 = DIRECTION('',(0.622802005218,-0.782379487395,0.));
#17079 = DIRECTION('',(-0.782379487395,-0.622802005218,0.));
#17080 = ADVANCED_FACE('',(#17081),#17092,.F.);
#17081 = FACE_BOUND('',#17082,.F.);
#17082 = EDGE_LOOP('',(#17083,#17084,#17085,#17091));
#17083 = ORIENTED_EDGE('',*,*,#17052,.T.);
#17084 = ORIENTED_EDGE('',*,*,#6617,.T.);
#17085 = ORIENTED_EDGE('',*,*,#17086,.F.);
#17086 = EDGE_CURVE('',#1886,#6618,#17087,.T.);
#17087 = LINE('',#17088,#17089);
#17088 = CARTESIAN_POINT('',(-7.022902251441,8.822345813711,0.));
#17089 = VECTOR('',#17090,1.);
#17090 = DIRECTION('',(0.,0.,1.));
#17091 = ORIENTED_EDGE('',*,*,#1885,.F.);
#17092 = PLANE('',#17093);
#17093 = AXIS2_PLACEMENT_3D('',#17094,#17095,#17096);
#17094 = CARTESIAN_POINT('',(-6.305870302833,7.921592309873,0.));
#17095 = DIRECTION('',(-0.782379487395,-0.622802005218,0.));
#17096 = DIRECTION('',(-0.622802005218,0.782379487395,0.));
#17097 = ADVANCED_FACE('',(#17098),#17109,.F.);
#17098 = FACE_BOUND('',#17099,.F.);
#17099 = EDGE_LOOP('',(#17100,#17106,#17107,#17108));
#17100 = ORIENTED_EDGE('',*,*,#17101,.T.);
#17101 = EDGE_CURVE('',#3054,#7786,#17102,.T.);
#17102 = LINE('',#17103,#17104);
#17103 = CARTESIAN_POINT('',(-8.177197585768,-5.970683766815,0.));
#17104 = VECTOR('',#17105,1.);
#17105 = DIRECTION('',(0.,0.,1.));
#17106 = ORIENTED_EDGE('',*,*,#7793,.T.);
#17107 = ORIENTED_EDGE('',*,*,#17067,.F.);
#17108 = ORIENTED_EDGE('',*,*,#3061,.F.);
#17109 = PLANE('',#17110);
#17110 = AXIS2_PLACEMENT_3D('',#17111,#17112,#17113);
#17111 = CARTESIAN_POINT('',(-8.177197585768,-5.970683766815,0.));
#17112 = DIRECTION('',(0.795174267195,0.606380973309,-0.));
#17113 = DIRECTION('',(0.606380973309,-0.795174267195,0.));
#17114 = ADVANCED_FACE('',(#17115),#17126,.F.);
#17115 = FACE_BOUND('',#17116,.F.);
#17116 = EDGE_LOOP('',(#17117,#17118,#17119,#17125));
#17117 = ORIENTED_EDGE('',*,*,#17086,.T.);
#17118 = ORIENTED_EDGE('',*,*,#6625,.T.);
#17119 = ORIENTED_EDGE('',*,*,#17120,.F.);
#17120 = EDGE_CURVE('',#1894,#6626,#17121,.T.);
#17121 = LINE('',#17122,#17123);
#17122 = CARTESIAN_POINT('',(-7.135829342029,8.935450095299,0.));
#17123 = VECTOR('',#17124,1.);
#17124 = DIRECTION('',(0.,0.,1.));
#17125 = ORIENTED_EDGE('',*,*,#1893,.F.);
#17126 = PLANE('',#17127);
#17127 = AXIS2_PLACEMENT_3D('',#17128,#17129,#17130);
#17128 = CARTESIAN_POINT('',(-7.022902251441,8.822345813711,0.));
#17129 = DIRECTION('',(-0.707660880416,-0.706552247417,0.));
#17130 = DIRECTION('',(-0.706552247417,0.707660880416,0.));
#17131 = ADVANCED_FACE('',(#17132),#17143,.F.);
#17132 = FACE_BOUND('',#17133,.F.);
#17133 = EDGE_LOOP('',(#17134,#17140,#17141,#17142));
#17134 = ORIENTED_EDGE('',*,*,#17135,.T.);
#17135 = EDGE_CURVE('',#3046,#7778,#17136,.T.);
#17136 = LINE('',#17137,#17138);
#17137 = CARTESIAN_POINT('',(-8.418629824563,-5.625148609323,0.));
#17138 = VECTOR('',#17139,1.);
#17139 = DIRECTION('',(0.,0.,1.));
#17140 = ORIENTED_EDGE('',*,*,#7785,.T.);
#17141 = ORIENTED_EDGE('',*,*,#17101,.F.);
#17142 = ORIENTED_EDGE('',*,*,#3053,.F.);
#17143 = PLANE('',#17144);
#17144 = AXIS2_PLACEMENT_3D('',#17145,#17146,#17147);
#17145 = CARTESIAN_POINT('',(-8.418629824563,-5.625148609323,0.));
#17146 = DIRECTION('',(0.819724649185,0.572757801797,-0.));
#17147 = DIRECTION('',(0.572757801797,-0.819724649185,0.));
#17148 = ADVANCED_FACE('',(#17149),#17160,.F.);
#17149 = FACE_BOUND('',#17150,.F.);
#17150 = EDGE_LOOP('',(#17151,#17152,#17153,#17159));
#17151 = ORIENTED_EDGE('',*,*,#17120,.T.);
#17152 = ORIENTED_EDGE('',*,*,#6633,.T.);
#17153 = ORIENTED_EDGE('',*,*,#17154,.F.);
#17154 = EDGE_CURVE('',#1902,#6634,#17155,.T.);
#17155 = LINE('',#17156,#17157);
#17156 = CARTESIAN_POINT('',(-7.260613678866,9.039007826791,0.));
#17157 = VECTOR('',#17158,1.);
#17158 = DIRECTION('',(0.,0.,1.));
#17159 = ORIENTED_EDGE('',*,*,#1901,.F.);
#17160 = PLANE('',#17161);
#17161 = AXIS2_PLACEMENT_3D('',#17162,#17163,#17164);
#17162 = CARTESIAN_POINT('',(-7.135829342029,8.935450095299,0.));
#17163 = DIRECTION('',(-0.638620975248,-0.769521442179,0.));
#17164 = DIRECTION('',(-0.769521442179,0.638620975248,0.));
#17165 = ADVANCED_FACE('',(#17166),#17177,.F.);
#17166 = FACE_BOUND('',#17167,.F.);
#17167 = EDGE_LOOP('',(#17168,#17174,#17175,#17176));
#17168 = ORIENTED_EDGE('',*,*,#17169,.T.);
#17169 = EDGE_CURVE('',#3038,#7770,#17170,.T.);
#17170 = LINE('',#17171,#17172);
#17171 = CARTESIAN_POINT('',(-8.645470566507,-5.26986372534,0.));
#17172 = VECTOR('',#17173,1.);
#17173 = DIRECTION('',(0.,0.,1.));
#17174 = ORIENTED_EDGE('',*,*,#7777,.T.);
#17175 = ORIENTED_EDGE('',*,*,#17135,.F.);
#17176 = ORIENTED_EDGE('',*,*,#3045,.F.);
#17177 = PLANE('',#17178);
#17178 = AXIS2_PLACEMENT_3D('',#17179,#17180,#17181);
#17179 = CARTESIAN_POINT('',(-8.645470566507,-5.26986372534,0.));
#17180 = DIRECTION('',(0.84285425251,0.538141904171,-0.));
#17181 = DIRECTION('',(0.538141904171,-0.84285425251,0.));
#17182 = ADVANCED_FACE('',(#17183),#17194,.F.);
#17183 = FACE_BOUND('',#17184,.F.);
#17184 = EDGE_LOOP('',(#17185,#17186,#17187,#17193));
#17185 = ORIENTED_EDGE('',*,*,#17154,.T.);
#17186 = ORIENTED_EDGE('',*,*,#6641,.T.);
#17187 = ORIENTED_EDGE('',*,*,#17188,.F.);
#17188 = EDGE_CURVE('',#1910,#6642,#17189,.T.);
#17189 = LINE('',#17190,#17191);
#17190 = CARTESIAN_POINT('',(-7.393349946979,9.136019499689,0.));
#17191 = VECTOR('',#17192,1.);
#17192 = DIRECTION('',(0.,0.,1.));
#17193 = ORIENTED_EDGE('',*,*,#1909,.F.);
#17194 = PLANE('',#17195);
#17195 = AXIS2_PLACEMENT_3D('',#17196,#17197,#17198);
#17196 = CARTESIAN_POINT('',(-7.260613678866,9.039007826791,0.));
#17197 = DIRECTION('',(-0.590064534517,-0.807356083216,0.));
#17198 = DIRECTION('',(-0.807356083216,0.590064534517,0.));
#17199 = ADVANCED_FACE('',(#17200),#17211,.F.);
#17200 = FACE_BOUND('',#17201,.F.);
#17201 = EDGE_LOOP('',(#17202,#17208,#17209,#17210));
#17202 = ORIENTED_EDGE('',*,*,#17203,.T.);
#17203 = EDGE_CURVE('',#3030,#7762,#17204,.T.);
#17204 = LINE('',#17205,#17206);
#17205 = CARTESIAN_POINT('',(-8.857326642398,-4.905444908454,0.));
#17206 = VECTOR('',#17207,1.);
#17207 = DIRECTION('',(0.,0.,1.));
#17208 = ORIENTED_EDGE('',*,*,#7769,.T.);
#17209 = ORIENTED_EDGE('',*,*,#17169,.F.);
#17210 = ORIENTED_EDGE('',*,*,#3037,.F.);
#17211 = PLANE('',#17212);
#17212 = AXIS2_PLACEMENT_3D('',#17213,#17214,#17215);
#17213 = CARTESIAN_POINT('',(-8.857326642398,-4.905444908454,0.));
#17214 = DIRECTION('',(0.864522988043,0.502593278054,-0.));
#17215 = DIRECTION('',(0.502593278054,-0.864522988043,0.));
#17216 = ADVANCED_FACE('',(#17217),#17228,.F.);
#17217 = FACE_BOUND('',#17218,.F.);
#17218 = EDGE_LOOP('',(#17219,#17220,#17221,#17227));
#17219 = ORIENTED_EDGE('',*,*,#17188,.T.);
#17220 = ORIENTED_EDGE('',*,*,#6649,.T.);
#17221 = ORIENTED_EDGE('',*,*,#17222,.F.);
#17222 = EDGE_CURVE('',#1918,#6650,#17223,.T.);
#17223 = LINE('',#17224,#17225);
#17224 = CARTESIAN_POINT('',(-7.532671710225,9.227464032013,0.));
#17225 = VECTOR('',#17226,1.);
#17226 = DIRECTION('',(0.,0.,1.));
#17227 = ORIENTED_EDGE('',*,*,#1917,.F.);
#17228 = PLANE('',#17229);
#17229 = AXIS2_PLACEMENT_3D('',#17230,#17231,#17232);
#17230 = CARTESIAN_POINT('',(-7.393349946979,9.136019499689,0.));
#17231 = DIRECTION('',(-0.548717781633,-0.836007653147,0.));
#17232 = DIRECTION('',(-0.836007653147,0.548717781633,0.));
#17233 = ADVANCED_FACE('',(#17234),#17245,.F.);
#17234 = FACE_BOUND('',#17235,.F.);
#17235 = EDGE_LOOP('',(#17236,#17242,#17243,#17244));
#17236 = ORIENTED_EDGE('',*,*,#17237,.T.);
#17237 = EDGE_CURVE('',#3022,#7754,#17238,.T.);
#17238 = LINE('',#17239,#17240);
#17239 = CARTESIAN_POINT('',(-9.864481226436,-5.463236387278,0.));
#17240 = VECTOR('',#17241,1.);
#17241 = DIRECTION('',(0.,0.,1.));
#17242 = ORIENTED_EDGE('',*,*,#7761,.T.);
#17243 = ORIENTED_EDGE('',*,*,#17203,.F.);
#17244 = ORIENTED_EDGE('',*,*,#3029,.F.);
#17245 = PLANE('',#17246);
#17246 = AXIS2_PLACEMENT_3D('',#17247,#17248,#17249);
#17247 = CARTESIAN_POINT('',(-9.864481226436,-5.463236387278,0.));
#17248 = DIRECTION('',(-0.48448838602,0.874797693076,0.));
#17249 = DIRECTION('',(0.874797693076,0.48448838602,0.));
#17250 = ADVANCED_FACE('',(#17251),#17262,.F.);
#17251 = FACE_BOUND('',#17252,.F.);
#17252 = EDGE_LOOP('',(#17253,#17254,#17255,#17261));
#17253 = ORIENTED_EDGE('',*,*,#17222,.T.);
#17254 = ORIENTED_EDGE('',*,*,#6657,.T.);
#17255 = ORIENTED_EDGE('',*,*,#17256,.F.);
#17256 = EDGE_CURVE('',#1926,#6658,#17257,.T.);
#17257 = LINE('',#17258,#17259);
#17258 = CARTESIAN_POINT('',(-7.677794997626,9.313856178713,0.));
#17259 = VECTOR('',#17260,1.);
#17260 = DIRECTION('',(0.,0.,1.));
#17261 = ORIENTED_EDGE('',*,*,#1925,.F.);
#17262 = PLANE('',#17263);
#17263 = AXIS2_PLACEMENT_3D('',#17264,#17265,#17266);
#17264 = CARTESIAN_POINT('',(-7.532671710225,9.227464032013,0.));
#17265 = DIRECTION('',(-0.511524245158,-0.859268844202,0.));
#17266 = DIRECTION('',(-0.859268844202,0.511524245158,0.));
#17267 = ADVANCED_FACE('',(#17268),#17279,.F.);
#17268 = FACE_BOUND('',#17269,.F.);
#17269 = EDGE_LOOP('',(#17270,#17276,#17277,#17278));
#17270 = ORIENTED_EDGE('',*,*,#17271,.T.);
#17271 = EDGE_CURVE('',#3014,#7746,#17272,.T.);
#17272 = LINE('',#17273,#17274);
#17273 = CARTESIAN_POINT('',(-10.01209538879,-5.524515791443,0.));
#17274 = VECTOR('',#17275,1.);
#17275 = DIRECTION('',(0.,0.,1.));
#17276 = ORIENTED_EDGE('',*,*,#7753,.T.);
#17277 = ORIENTED_EDGE('',*,*,#17237,.F.);
#17278 = ORIENTED_EDGE('',*,*,#3021,.F.);
#17279 = PLANE('',#17280);
#17280 = AXIS2_PLACEMENT_3D('',#17281,#17282,#17283);
#17281 = CARTESIAN_POINT('',(-10.01209538879,-5.524515791443,0.));
#17282 = DIRECTION('',(-0.383407564188,0.923579254706,0.));
#17283 = DIRECTION('',(0.923579254706,0.383407564188,0.));
#17284 = ADVANCED_FACE('',(#17285),#17296,.F.);
#17285 = FACE_BOUND('',#17286,.F.);
#17286 = EDGE_LOOP('',(#17287,#17288,#17289,#17295));
#17287 = ORIENTED_EDGE('',*,*,#17256,.T.);
#17288 = ORIENTED_EDGE('',*,*,#6665,.T.);
#17289 = ORIENTED_EDGE('',*,*,#17290,.F.);
#17290 = EDGE_CURVE('',#1934,#6666,#17291,.T.);
#17291 = LINE('',#17292,#17293);
#17292 = CARTESIAN_POINT('',(-7.828190525243,9.395507490247,0.));
#17293 = VECTOR('',#17294,1.);
#17294 = DIRECTION('',(0.,0.,1.));
#17295 = ORIENTED_EDGE('',*,*,#1933,.F.);
#17296 = PLANE('',#17297);
#17297 = AXIS2_PLACEMENT_3D('',#17298,#17299,#17300);
#17298 = CARTESIAN_POINT('',(-7.677794997626,9.313856178713,0.));
#17299 = DIRECTION('',(-0.477128083119,-0.878833768297,0.));
#17300 = DIRECTION('',(-0.878833768297,0.477128083119,0.));
#17301 = ADVANCED_FACE('',(#17302),#17313,.F.);
#17302 = FACE_BOUND('',#17303,.F.);
#17303 = EDGE_LOOP('',(#17304,#17310,#17311,#17312));
#17304 = ORIENTED_EDGE('',*,*,#17305,.T.);
#17305 = EDGE_CURVE('',#3006,#7738,#17306,.T.);
#17306 = LINE('',#17307,#17308);
#17307 = CARTESIAN_POINT('',(-10.1670109117,-5.572437761676,0.));
#17308 = VECTOR('',#17309,1.);
#17309 = DIRECTION('',(0.,0.,1.));
#17310 = ORIENTED_EDGE('',*,*,#7745,.T.);
#17311 = ORIENTED_EDGE('',*,*,#17271,.F.);
#17312 = ORIENTED_EDGE('',*,*,#3013,.F.);
#17313 = PLANE('',#17314);
#17314 = AXIS2_PLACEMENT_3D('',#17315,#17316,#17317);
#17315 = CARTESIAN_POINT('',(-10.1670109117,-5.572437761676,0.));
#17316 = DIRECTION('',(-0.295525741292,0.955334777046,0.));
#17317 = DIRECTION('',(0.955334777046,0.295525741292,0.));
#17318 = ADVANCED_FACE('',(#17319),#17330,.F.);
#17319 = FACE_BOUND('',#17320,.F.);
#17320 = EDGE_LOOP('',(#17321,#17322,#17323,#17329));
#17321 = ORIENTED_EDGE('',*,*,#17290,.T.);
#17322 = ORIENTED_EDGE('',*,*,#6673,.T.);
#17323 = ORIENTED_EDGE('',*,*,#17324,.F.);
#17324 = EDGE_CURVE('',#1942,#6674,#17325,.T.);
#17325 = LINE('',#17326,#17327);
#17326 = CARTESIAN_POINT('',(-7.983466737178,9.472619451814,0.));
#17327 = VECTOR('',#17328,1.);
#17328 = DIRECTION('',(0.,0.,1.));
#17329 = ORIENTED_EDGE('',*,*,#1941,.F.);
#17330 = PLANE('',#17331);
#17331 = AXIS2_PLACEMENT_3D('',#17332,#17333,#17334);
#17332 = CARTESIAN_POINT('',(-7.828190525243,9.395507490247,0.));
#17333 = DIRECTION('',(-0.444784094664,-0.895637822523,0.));
#17334 = DIRECTION('',(-0.895637822523,0.444784094664,0.));
#17335 = ADVANCED_FACE('',(#17336),#17347,.F.);
#17336 = FACE_BOUND('',#17337,.F.);
#17337 = EDGE_LOOP('',(#17338,#17344,#17345,#17346));
#17338 = ORIENTED_EDGE('',*,*,#17339,.T.);
#17339 = EDGE_CURVE('',#2998,#7730,#17340,.T.);
#17340 = LINE('',#17341,#17342);
#17341 = CARTESIAN_POINT('',(-10.326767993,-5.611268890001,0.));
#17342 = VECTOR('',#17343,1.);
#17343 = DIRECTION('',(0.,0.,1.));
#17344 = ORIENTED_EDGE('',*,*,#7737,.T.);
#17345 = ORIENTED_EDGE('',*,*,#17305,.F.);
#17346 = ORIENTED_EDGE('',*,*,#3005,.F.);
#17347 = PLANE('',#17348);
#17348 = AXIS2_PLACEMENT_3D('',#17349,#17350,#17351);
#17349 = CARTESIAN_POINT('',(-10.326767993,-5.611268890001,0.));
#17350 = DIRECTION('',(-0.236186749235,0.971707682117,0.));
#17351 = DIRECTION('',(0.971707682117,0.236186749235,0.));
#17352 = ADVANCED_FACE('',(#17353),#17364,.F.);
#17353 = FACE_BOUND('',#17354,.F.);
#17354 = EDGE_LOOP('',(#17355,#17356,#17357,#17363));
#17355 = ORIENTED_EDGE('',*,*,#17324,.T.);
#17356 = ORIENTED_EDGE('',*,*,#6681,.T.);
#17357 = ORIENTED_EDGE('',*,*,#17358,.F.);
#17358 = EDGE_CURVE('',#1950,#6682,#17359,.T.);
#17359 = LINE('',#17360,#17361);
#17360 = CARTESIAN_POINT('',(-8.143315910997,9.545326421249,0.));
#17361 = VECTOR('',#17362,1.);
#17362 = DIRECTION('',(0.,0.,1.));
#17363 = ORIENTED_EDGE('',*,*,#1949,.F.);
#17364 = PLANE('',#17365);
#17365 = AXIS2_PLACEMENT_3D('',#17366,#17367,#17368);
#17366 = CARTESIAN_POINT('',(-7.983466737178,9.472619451814,0.));
#17367 = DIRECTION('',(-0.414030662725,-0.910262934719,0.));
#17368 = DIRECTION('',(-0.910262934719,0.414030662725,0.));
#17369 = ADVANCED_FACE('',(#17370),#17381,.F.);
#17370 = FACE_BOUND('',#17371,.F.);
#17371 = EDGE_LOOP('',(#17372,#17378,#17379,#17380));
#17372 = ORIENTED_EDGE('',*,*,#17373,.T.);
#17373 = EDGE_CURVE('',#2990,#7722,#17374,.T.);
#17374 = LINE('',#17375,#17376);
#17375 = CARTESIAN_POINT('',(-10.490478826,-5.642436491213,0.));
#17376 = VECTOR('',#17377,1.);
#17377 = DIRECTION('',(0.,0.,1.));
#17378 = ORIENTED_EDGE('',*,*,#7729,.T.);
#17379 = ORIENTED_EDGE('',*,*,#17339,.F.);
#17380 = ORIENTED_EDGE('',*,*,#2997,.F.);
#17381 = PLANE('',#17382);
#17382 = AXIS2_PLACEMENT_3D('',#17383,#17384,#17385);
#17383 = CARTESIAN_POINT('',(-10.490478826,-5.642436491213,0.));
#17384 = DIRECTION('',(-0.187022849386,0.98235556384,0.));
#17385 = DIRECTION('',(0.98235556384,0.187022849386,0.));
#17386 = ADVANCED_FACE('',(#17387),#17398,.F.);
#17387 = FACE_BOUND('',#17388,.F.);
#17388 = EDGE_LOOP('',(#17389,#17390,#17391,#17397));
#17389 = ORIENTED_EDGE('',*,*,#17358,.T.);
#17390 = ORIENTED_EDGE('',*,*,#6689,.T.);
#17391 = ORIENTED_EDGE('',*,*,#17392,.F.);
#17392 = EDGE_CURVE('',#1958,#6690,#17393,.T.);
#17393 = LINE('',#17394,#17395);
#17394 = CARTESIAN_POINT('',(-8.307485403915,9.613718554154,0.));
#17395 = VECTOR('',#17396,1.);
#17396 = DIRECTION('',(0.,0.,1.));
#17397 = ORIENTED_EDGE('',*,*,#1957,.F.);
#17398 = PLANE('',#17399);
#17399 = AXIS2_PLACEMENT_3D('',#17400,#17401,#17402);
#17400 = CARTESIAN_POINT('',(-8.143315910997,9.545326421249,0.));
#17401 = DIRECTION('',(-0.384558741602,-0.923100522293,0.));
#17402 = DIRECTION('',(-0.923100522293,0.384558741602,0.));
#17403 = ADVANCED_FACE('',(#17404),#17415,.F.);
#17404 = FACE_BOUND('',#17405,.F.);
#17405 = EDGE_LOOP('',(#17406,#17412,#17413,#17414));
#17406 = ORIENTED_EDGE('',*,*,#17407,.T.);
#17407 = EDGE_CURVE('',#2982,#7714,#17408,.T.);
#17408 = LINE('',#17409,#17410);
#17409 = CARTESIAN_POINT('',(-10.65761610414,-5.66671614958,0.));
#17410 = VECTOR('',#17411,1.);
#17411 = DIRECTION('',(0.,0.,1.));
#17412 = ORIENTED_EDGE('',*,*,#7721,.T.);
#17413 = ORIENTED_EDGE('',*,*,#17373,.F.);
#17414 = ORIENTED_EDGE('',*,*,#2989,.F.);
#17415 = PLANE('',#17416);
#17416 = AXIS2_PLACEMENT_3D('',#17417,#17418,#17419);
#17417 = CARTESIAN_POINT('',(-10.65761610414,-5.66671614958,0.));
#17418 = DIRECTION('',(-0.143758829861,0.989612751958,0.));
#17419 = DIRECTION('',(0.989612751958,0.143758829861,0.));
#17420 = ADVANCED_FACE('',(#17421),#17432,.F.);
#17421 = FACE_BOUND('',#17422,.F.);
#17422 = EDGE_LOOP('',(#17423,#17424,#17425,#17431));
#17423 = ORIENTED_EDGE('',*,*,#17392,.T.);
#17424 = ORIENTED_EDGE('',*,*,#6697,.T.);
#17425 = ORIENTED_EDGE('',*,*,#17426,.F.);
#17426 = EDGE_CURVE('',#1966,#6698,#17427,.T.);
#17427 = LINE('',#17428,#17429);
#17428 = CARTESIAN_POINT('',(-8.475760746095,9.677855298475,0.));
#17429 = VECTOR('',#17430,1.);
#17430 = DIRECTION('',(0.,0.,1.));
#17431 = ORIENTED_EDGE('',*,*,#1965,.F.);
#17432 = PLANE('',#17433);
#17433 = AXIS2_PLACEMENT_3D('',#17434,#17435,#17436);
#17434 = CARTESIAN_POINT('',(-8.307485403915,9.613718554154,0.));
#17435 = DIRECTION('',(-0.356149780775,-0.934428881004,0.));
#17436 = DIRECTION('',(-0.934428881004,0.356149780775,0.));
#17437 = ADVANCED_FACE('',(#17438),#17449,.F.);
#17438 = FACE_BOUND('',#17439,.F.);
#17439 = EDGE_LOOP('',(#17440,#17446,#17447,#17448));
#17440 = ORIENTED_EDGE('',*,*,#17441,.T.);
#17441 = EDGE_CURVE('',#2974,#7706,#17442,.T.);
#17442 = LINE('',#17443,#17444);
#17443 = CARTESIAN_POINT('',(-10.82781005805,-5.684598248388,0.));
#17444 = VECTOR('',#17445,1.);
#17445 = DIRECTION('',(0.,0.,1.));
#17446 = ORIENTED_EDGE('',*,*,#7713,.T.);
#17447 = ORIENTED_EDGE('',*,*,#17407,.F.);
#17448 = ORIENTED_EDGE('',*,*,#2981,.F.);
#17449 = PLANE('',#17450);
#17450 = AXIS2_PLACEMENT_3D('',#17451,#17452,#17453);
#17451 = CARTESIAN_POINT('',(-10.82781005805,-5.684598248388,0.));
#17452 = DIRECTION('',(-0.10449374745,0.994525543535,0.));
#17453 = DIRECTION('',(0.994525543535,0.10449374745,0.));
#17454 = ADVANCED_FACE('',(#17455),#17466,.F.);
#17455 = FACE_BOUND('',#17456,.F.);
#17456 = EDGE_LOOP('',(#17457,#17458,#17459,#17465));
#17457 = ORIENTED_EDGE('',*,*,#17426,.T.);
#17458 = ORIENTED_EDGE('',*,*,#6705,.T.);
#17459 = ORIENTED_EDGE('',*,*,#17460,.F.);
#17460 = EDGE_CURVE('',#1974,#6706,#17461,.T.);
#17461 = LINE('',#17462,#17463);
#17462 = CARTESIAN_POINT('',(-8.647954981196,9.737773916212,0.));
#17463 = VECTOR('',#17464,1.);
#17464 = DIRECTION('',(0.,0.,1.));
#17465 = ORIENTED_EDGE('',*,*,#1973,.F.);
#17466 = PLANE('',#17467);
#17467 = AXIS2_PLACEMENT_3D('',#17468,#17469,#17470);
#17468 = CARTESIAN_POINT('',(-8.475760746095,9.677855298475,0.));
#17469 = DIRECTION('',(-0.328642800701,-0.944454291931,0.));
#17470 = DIRECTION('',(-0.944454291931,0.328642800701,0.));
#17471 = ADVANCED_FACE('',(#17472),#17483,.F.);
#17472 = FACE_BOUND('',#17473,.F.);
#17473 = EDGE_LOOP('',(#17474,#17480,#17481,#17482));
#17474 = ORIENTED_EDGE('',*,*,#17475,.T.);
#17475 = EDGE_CURVE('',#2966,#7698,#17476,.T.);
#17476 = LINE('',#17477,#17478);
#17477 = CARTESIAN_POINT('',(-11.00077604227,-5.696418777643,0.));
#17478 = VECTOR('',#17479,1.);
#17479 = DIRECTION('',(0.,0.,1.));
#17480 = ORIENTED_EDGE('',*,*,#7705,.T.);
#17481 = ORIENTED_EDGE('',*,*,#17441,.F.);
#17482 = ORIENTED_EDGE('',*,*,#2973,.F.);
#17483 = PLANE('',#17484);
#17484 = AXIS2_PLACEMENT_3D('',#17485,#17486,#17487);
#17485 = CARTESIAN_POINT('',(-11.00077604227,-5.696418777643,0.));
#17486 = DIRECTION('',(-6.818116536716E-02,0.99767295678,0.));
#17487 = DIRECTION('',(0.99767295678,6.818116536716E-02,0.));
#17488 = ADVANCED_FACE('',(#17489),#17500,.F.);
#17489 = FACE_BOUND('',#17490,.F.);
#17490 = EDGE_LOOP('',(#17491,#17492,#17493,#17499));
#17491 = ORIENTED_EDGE('',*,*,#17460,.T.);
#17492 = ORIENTED_EDGE('',*,*,#6713,.T.);
#17493 = ORIENTED_EDGE('',*,*,#17494,.F.);
#17494 = EDGE_CURVE('',#1982,#6714,#17495,.T.);
#17495 = LINE('',#17496,#17497);
#17496 = CARTESIAN_POINT('',(-8.823901581666,9.793495159654,0.));
#17497 = VECTOR('',#17498,1.);
#17498 = DIRECTION('',(0.,0.,1.));
#17499 = ORIENTED_EDGE('',*,*,#1981,.F.);
#17500 = PLANE('',#17501);
#17501 = AXIS2_PLACEMENT_3D('',#17502,#17503,#17504);
#17502 = CARTESIAN_POINT('',(-8.647954981196,9.737773916212,0.));
#17503 = DIRECTION('',(-0.301915440496,-0.953334708688,0.));
#17504 = DIRECTION('',(-0.953334708688,0.301915440496,0.));
#17505 = ADVANCED_FACE('',(#17506),#17517,.F.);
#17506 = FACE_BOUND('',#17507,.F.);
#17507 = EDGE_LOOP('',(#17508,#17514,#17515,#17516));
#17508 = ORIENTED_EDGE('',*,*,#17509,.T.);
#17509 = EDGE_CURVE('',#2958,#7690,#17510,.T.);
#17510 = LINE('',#17511,#17512);
#17511 = CARTESIAN_POINT('',(-11.17628117487,-5.702419628077,0.));
#17512 = VECTOR('',#17513,1.);
#17513 = DIRECTION('',(0.,0.,1.));
#17514 = ORIENTED_EDGE('',*,*,#7697,.T.);
#17515 = ORIENTED_EDGE('',*,*,#17475,.F.);
#17516 = ORIENTED_EDGE('',*,*,#2965,.F.);
#17517 = PLANE('',#17518);
#17518 = AXIS2_PLACEMENT_3D('',#17519,#17520,#17521);
#17519 = CARTESIAN_POINT('',(-11.17628117487,-5.702419628077,0.));
#17520 = DIRECTION('',(-3.417191091091E-02,0.999415969707,0.));
#17521 = DIRECTION('',(0.999415969707,3.417191091091E-02,0.));
#17522 = ADVANCED_FACE('',(#17523),#17534,.F.);
#17523 = FACE_BOUND('',#17524,.F.);
#17524 = EDGE_LOOP('',(#17525,#17526,#17527,#17533));
#17525 = ORIENTED_EDGE('',*,*,#17494,.T.);
#17526 = ORIENTED_EDGE('',*,*,#6721,.T.);
#17527 = ORIENTED_EDGE('',*,*,#17528,.F.);
#17528 = EDGE_CURVE('',#1990,#6722,#17529,.T.);
#17529 = LINE('',#17530,#17531);
#17530 = CARTESIAN_POINT('',(-9.003449541249,9.84502721462,0.));
#17531 = VECTOR('',#17532,1.);
#17532 = DIRECTION('',(0.,0.,1.));
#17533 = ORIENTED_EDGE('',*,*,#1989,.F.);
#17534 = PLANE('',#17535);
#17535 = AXIS2_PLACEMENT_3D('',#17536,#17537,#17538);
#17536 = CARTESIAN_POINT('',(-8.823901581666,9.793495159654,0.));
#17537 = DIRECTION('',(-0.275872344808,-0.961194282843,0.));
#17538 = DIRECTION('',(-0.961194282843,0.275872344808,0.));
#17539 = ADVANCED_FACE('',(#17540),#17551,.F.);
#17540 = FACE_BOUND('',#17541,.F.);
#17541 = EDGE_LOOP('',(#17542,#17548,#17549,#17550));
#17542 = ORIENTED_EDGE('',*,*,#17543,.T.);
#17543 = EDGE_CURVE('',#2950,#7682,#17544,.T.);
#17544 = LINE('',#17545,#17546);
#17545 = CARTESIAN_POINT('',(-11.3541265454,-5.702780774814,0.));
#17546 = VECTOR('',#17547,1.);
#17547 = DIRECTION('',(0.,0.,1.));
#17548 = ORIENTED_EDGE('',*,*,#7689,.T.);
#17549 = ORIENTED_EDGE('',*,*,#17509,.F.);
#17550 = ORIENTED_EDGE('',*,*,#2957,.F.);
#17551 = PLANE('',#17552);
#17552 = AXIS2_PLACEMENT_3D('',#17553,#17554,#17555);
#17553 = CARTESIAN_POINT('',(-11.3541265454,-5.702780774814,0.));
#17554 = DIRECTION('',(-2.030674124855E-03,0.999997938179,0.));
#17555 = DIRECTION('',(0.999997938179,2.030674124855E-03,0.));
#17556 = ADVANCED_FACE('',(#17557),#17568,.F.);
#17557 = FACE_BOUND('',#17558,.F.);
#17558 = EDGE_LOOP('',(#17559,#17560,#17561,#17567));
#17559 = ORIENTED_EDGE('',*,*,#17528,.T.);
#17560 = ORIENTED_EDGE('',*,*,#6729,.T.);
#17561 = ORIENTED_EDGE('',*,*,#17562,.F.);
#17562 = EDGE_CURVE('',#1998,#6730,#17563,.T.);
#17563 = LINE('',#17564,#17565);
#17564 = CARTESIAN_POINT('',(-9.186459860637,9.89236853483,0.));
#17565 = VECTOR('',#17566,1.);
#17566 = DIRECTION('',(0.,0.,1.));
#17567 = ORIENTED_EDGE('',*,*,#1997,.F.);
#17568 = PLANE('',#17569);
#17569 = AXIS2_PLACEMENT_3D('',#17570,#17571,#17572);
#17570 = CARTESIAN_POINT('',(-9.003449541249,9.84502721462,0.));
#17571 = DIRECTION('',(-0.250437687273,-0.96813272065,0.));
#17572 = DIRECTION('',(-0.96813272065,0.250437687273,0.));
#17573 = ADVANCED_FACE('',(#17574),#17585,.F.);
#17574 = FACE_BOUND('',#17575,.F.);
#17575 = EDGE_LOOP('',(#17576,#17582,#17583,#17584));
#17576 = ORIENTED_EDGE('',*,*,#17577,.T.);
#17577 = EDGE_CURVE('',#2942,#7674,#17578,.T.);
#17578 = LINE('',#17579,#17580);
#17579 = CARTESIAN_POINT('',(-11.53413675933,-5.697639214646,0.));
#17580 = VECTOR('',#17581,1.);
#17581 = DIRECTION('',(0.,0.,1.));
#17582 = ORIENTED_EDGE('',*,*,#7681,.T.);
#17583 = ORIENTED_EDGE('',*,*,#17543,.F.);
#17584 = ORIENTED_EDGE('',*,*,#2949,.F.);
#17585 = PLANE('',#17586);
#17586 = AXIS2_PLACEMENT_3D('',#17587,#17588,#17589);
#17587 = CARTESIAN_POINT('',(-11.53413675933,-5.697639214646,0.));
#17588 = DIRECTION('',(2.855095851751E-02,0.99959233829,-0.));
#17589 = DIRECTION('',(0.99959233829,-2.855095851751E-02,0.));
#17590 = ADVANCED_FACE('',(#17591),#17602,.F.);
#17591 = FACE_BOUND('',#17592,.F.);
#17592 = EDGE_LOOP('',(#17593,#17594,#17595,#17601));
#17593 = ORIENTED_EDGE('',*,*,#17562,.T.);
#17594 = ORIENTED_EDGE('',*,*,#6737,.T.);
#17595 = ORIENTED_EDGE('',*,*,#17596,.F.);
#17596 = EDGE_CURVE('',#2006,#6738,#17597,.T.);
#17597 = LINE('',#17598,#17599);
#17598 = CARTESIAN_POINT('',(-9.42754092313,9.6628915001,0.));
#17599 = VECTOR('',#17600,1.);
#17600 = DIRECTION('',(0.,0.,1.));
#17601 = ORIENTED_EDGE('',*,*,#2005,.F.);
#17602 = PLANE('',#17603);
#17603 = AXIS2_PLACEMENT_3D('',#17604,#17605,#17606);
#17604 = CARTESIAN_POINT('',(-9.186459860637,9.89236853483,0.));
#17605 = DIRECTION('',(0.689459824032,-0.724323926877,0.));
#17606 = DIRECTION('',(-0.724323926877,-0.689459824032,0.));
#17607 = ADVANCED_FACE('',(#17608),#17619,.F.);
#17608 = FACE_BOUND('',#17609,.F.);
#17609 = EDGE_LOOP('',(#17610,#17616,#17617,#17618));
#17610 = ORIENTED_EDGE('',*,*,#17611,.T.);
#17611 = EDGE_CURVE('',#2934,#7666,#17612,.T.);
#17612 = LINE('',#17613,#17614);
#17613 = CARTESIAN_POINT('',(-11.71615335105,-5.687100918268,0.));
#17614 = VECTOR('',#17615,1.);
#17615 = DIRECTION('',(0.,0.,1.));
#17616 = ORIENTED_EDGE('',*,*,#7673,.T.);
#17617 = ORIENTED_EDGE('',*,*,#17577,.F.);
#17618 = ORIENTED_EDGE('',*,*,#2941,.F.);
#17619 = PLANE('',#17620);
#17620 = AXIS2_PLACEMENT_3D('',#17621,#17622,#17623);
#17621 = CARTESIAN_POINT('',(-11.71615335105,-5.687100918268,0.));
#17622 = DIRECTION('',(5.780065307348E-02,0.998328144702,-0.));
#17623 = DIRECTION('',(0.998328144702,-5.780065307348E-02,0.));
#17624 = ADVANCED_FACE('',(#17625),#17636,.F.);
#17625 = FACE_BOUND('',#17626,.F.);
#17626 = EDGE_LOOP('',(#17627,#17628,#17629,#17635));
#17627 = ORIENTED_EDGE('',*,*,#17596,.T.);
#17628 = ORIENTED_EDGE('',*,*,#6745,.T.);
#17629 = ORIENTED_EDGE('',*,*,#17630,.F.);
#17630 = EDGE_CURVE('',#2014,#6746,#17631,.T.);
#17631 = LINE('',#17632,#17633);
#17632 = CARTESIAN_POINT('',(-9.6628915001,9.42754092313,0.));
#17633 = VECTOR('',#17634,1.);
#17634 = DIRECTION('',(0.,0.,1.));
#17635 = ORIENTED_EDGE('',*,*,#2013,.F.);
#17636 = PLANE('',#17637);
#17637 = AXIS2_PLACEMENT_3D('',#17638,#17639,#17640);
#17638 = CARTESIAN_POINT('',(-9.42754092313,9.6628915001,0.));
#17639 = DIRECTION('',(0.707106781187,-0.707106781187,0.));
#17640 = DIRECTION('',(-0.707106781187,-0.707106781187,0.));
#17641 = ADVANCED_FACE('',(#17642),#17653,.F.);
#17642 = FACE_BOUND('',#17643,.F.);
#17643 = EDGE_LOOP('',(#17644,#17650,#17651,#17652));
#17644 = ORIENTED_EDGE('',*,*,#17645,.T.);
#17645 = EDGE_CURVE('',#2926,#7658,#17646,.T.);
#17646 = LINE('',#17647,#17648);
#17647 = CARTESIAN_POINT('',(-11.90003041074,-5.671248785629,0.));
#17648 = VECTOR('',#17649,1.);
#17649 = DIRECTION('',(0.,0.,1.));
#17650 = ORIENTED_EDGE('',*,*,#7665,.T.);
#17651 = ORIENTED_EDGE('',*,*,#17611,.F.);
#17652 = ORIENTED_EDGE('',*,*,#2933,.F.);
#17653 = PLANE('',#17654);
#17654 = AXIS2_PLACEMENT_3D('',#17655,#17656,#17657);
#17655 = CARTESIAN_POINT('',(-11.90003041074,-5.671248785629,0.));
#17656 = DIRECTION('',(8.589190249035E-02,0.996304462043,-0.));
#17657 = DIRECTION('',(0.996304462043,-8.589190249035E-02,0.));
#17658 = ADVANCED_FACE('',(#17659),#17670,.F.);
#17659 = FACE_BOUND('',#17660,.F.);
#17660 = EDGE_LOOP('',(#17661,#17662,#17663,#17669));
#17661 = ORIENTED_EDGE('',*,*,#17630,.T.);
#17662 = ORIENTED_EDGE('',*,*,#6753,.T.);
#17663 = ORIENTED_EDGE('',*,*,#17664,.F.);
#17664 = EDGE_CURVE('',#2022,#6754,#17665,.T.);
#17665 = LINE('',#17666,#17667);
#17666 = CARTESIAN_POINT('',(-9.89236853483,9.186459860637,0.));
#17667 = VECTOR('',#17668,1.);
#17668 = DIRECTION('',(0.,0.,1.));
#17669 = ORIENTED_EDGE('',*,*,#2021,.F.);
#17670 = PLANE('',#17671);
#17671 = AXIS2_PLACEMENT_3D('',#17672,#17673,#17674);
#17672 = CARTESIAN_POINT('',(-9.6628915001,9.42754092313,0.));
#17673 = DIRECTION('',(0.724323926877,-0.689459824032,0.));
#17674 = DIRECTION('',(-0.689459824032,-0.724323926877,0.));
#17675 = ADVANCED_FACE('',(#17676),#17687,.F.);
#17676 = FACE_BOUND('',#17677,.F.);
#17677 = EDGE_LOOP('',(#17678,#17684,#17685,#17686));
#17678 = ORIENTED_EDGE('',*,*,#17679,.T.);
#17679 = EDGE_CURVE('',#2918,#7650,#17680,.T.);
#17680 = LINE('',#17681,#17682);
#17681 = CARTESIAN_POINT('',(-12.08563155937,-5.650148167032,0.));
#17682 = VECTOR('',#17683,1.);
#17683 = DIRECTION('',(0.,0.,1.));
#17684 = ORIENTED_EDGE('',*,*,#7657,.T.);
#17685 = ORIENTED_EDGE('',*,*,#17645,.F.);
#17686 = ORIENTED_EDGE('',*,*,#2925,.F.);
#17687 = PLANE('',#17688);
#17688 = AXIS2_PLACEMENT_3D('',#17689,#17690,#17691);
#17689 = CARTESIAN_POINT('',(-12.08563155937,-5.650148167032,0.));
#17690 = DIRECTION('',(0.112960314374,0.993599500491,-0.));
#17691 = DIRECTION('',(0.993599500491,-0.112960314374,0.));
#17692 = ADVANCED_FACE('',(#17693),#17704,.F.);
#17693 = FACE_BOUND('',#17694,.F.);
#17694 = EDGE_LOOP('',(#17695,#17696,#17697,#17703));
#17695 = ORIENTED_EDGE('',*,*,#17664,.T.);
#17696 = ORIENTED_EDGE('',*,*,#6761,.T.);
#17697 = ORIENTED_EDGE('',*,*,#17698,.F.);
#17698 = EDGE_CURVE('',#2030,#6762,#17699,.T.);
#17699 = LINE('',#17700,#17701);
#17700 = CARTESIAN_POINT('',(-9.84502721462,9.003449541249,0.));
#17701 = VECTOR('',#17702,1.);
#17702 = DIRECTION('',(0.,0.,1.));
#17703 = ORIENTED_EDGE('',*,*,#2029,.F.);
#17704 = PLANE('',#17705);
#17705 = AXIS2_PLACEMENT_3D('',#17706,#17707,#17708);
#17706 = CARTESIAN_POINT('',(-9.89236853483,9.186459860637,0.));
#17707 = DIRECTION('',(0.96813272065,0.250437687273,-0.));
#17708 = DIRECTION('',(0.250437687273,-0.96813272065,0.));
#17709 = ADVANCED_FACE('',(#17710),#17721,.F.);
#17710 = FACE_BOUND('',#17711,.F.);
#17711 = EDGE_LOOP('',(#17712,#17718,#17719,#17720));
#17712 = ORIENTED_EDGE('',*,*,#17713,.T.);
#17713 = EDGE_CURVE('',#2910,#7642,#17714,.T.);
#17714 = LINE('',#17715,#17716);
#17715 = CARTESIAN_POINT('',(-12.2728277866,-5.623850826635,0.));
#17716 = VECTOR('',#17717,1.);
#17717 = DIRECTION('',(0.,0.,1.));
#17718 = ORIENTED_EDGE('',*,*,#7649,.T.);
#17719 = ORIENTED_EDGE('',*,*,#17679,.F.);
#17720 = ORIENTED_EDGE('',*,*,#2917,.F.);
#17721 = PLANE('',#17722);
#17722 = AXIS2_PLACEMENT_3D('',#17723,#17724,#17725);
#17723 = CARTESIAN_POINT('',(-12.2728277866,-5.623850826635,0.));
#17724 = DIRECTION('',(0.139114099083,0.990276359122,-0.));
#17725 = DIRECTION('',(0.990276359122,-0.139114099083,0.));
#17726 = ADVANCED_FACE('',(#17727),#17738,.F.);
#17727 = FACE_BOUND('',#17728,.F.);
#17728 = EDGE_LOOP('',(#17729,#17730,#17731,#17737));
#17729 = ORIENTED_EDGE('',*,*,#17698,.T.);
#17730 = ORIENTED_EDGE('',*,*,#6769,.T.);
#17731 = ORIENTED_EDGE('',*,*,#17732,.F.);
#17732 = EDGE_CURVE('',#2038,#6770,#17733,.T.);
#17733 = LINE('',#17734,#17735);
#17734 = CARTESIAN_POINT('',(-9.793495159654,8.823901581666,0.));
#17735 = VECTOR('',#17736,1.);
#17736 = DIRECTION('',(0.,0.,1.));
#17737 = ORIENTED_EDGE('',*,*,#2037,.F.);
#17738 = PLANE('',#17739);
#17739 = AXIS2_PLACEMENT_3D('',#17740,#17741,#17742);
#17740 = CARTESIAN_POINT('',(-9.84502721462,9.003449541249,0.));
#17741 = DIRECTION('',(0.961194282843,0.275872344808,-0.));
#17742 = DIRECTION('',(0.275872344808,-0.961194282843,0.));
#17743 = ADVANCED_FACE('',(#17744),#17755,.F.);
#17744 = FACE_BOUND('',#17745,.F.);
#17745 = EDGE_LOOP('',(#17746,#17752,#17753,#17754));
#17746 = ORIENTED_EDGE('',*,*,#17747,.T.);
#17747 = EDGE_CURVE('',#2902,#7634,#17748,.T.);
#17748 = LINE('',#17749,#17750);
#17749 = CARTESIAN_POINT('',(-12.40774058662,-5.319583962594,0.));
#17750 = VECTOR('',#17751,1.);
#17751 = DIRECTION('',(0.,0.,1.));
#17752 = ORIENTED_EDGE('',*,*,#7641,.T.);
#17753 = ORIENTED_EDGE('',*,*,#17713,.F.);
#17754 = ORIENTED_EDGE('',*,*,#2909,.F.);
#17755 = PLANE('',#17756);
#17756 = AXIS2_PLACEMENT_3D('',#17757,#17758,#17759);
#17757 = CARTESIAN_POINT('',(-12.40774058662,-5.319583962594,0.));
#17758 = DIRECTION('',(0.914164586393,0.405343199011,-0.));
#17759 = DIRECTION('',(0.405343199011,-0.914164586393,0.));
#17760 = ADVANCED_FACE('',(#17761),#17772,.F.);
#17761 = FACE_BOUND('',#17762,.F.);
#17762 = EDGE_LOOP('',(#17763,#17764,#17765,#17771));
#17763 = ORIENTED_EDGE('',*,*,#17732,.T.);
#17764 = ORIENTED_EDGE('',*,*,#6777,.T.);
#17765 = ORIENTED_EDGE('',*,*,#17766,.F.);
#17766 = EDGE_CURVE('',#2046,#6778,#17767,.T.);
#17767 = LINE('',#17768,#17769);
#17768 = CARTESIAN_POINT('',(-9.737773916212,8.647954981196,0.));
#17769 = VECTOR('',#17770,1.);
#17770 = DIRECTION('',(0.,0.,1.));
#17771 = ORIENTED_EDGE('',*,*,#2045,.F.);
#17772 = PLANE('',#17773);
#17773 = AXIS2_PLACEMENT_3D('',#17774,#17775,#17776);
#17774 = CARTESIAN_POINT('',(-9.793495159654,8.823901581666,0.));
#17775 = DIRECTION('',(0.953334708688,0.301915440496,-0.));
#17776 = DIRECTION('',(0.301915440496,-0.953334708688,0.));
#17777 = ADVANCED_FACE('',(#17778),#17789,.F.);
#17778 = FACE_BOUND('',#17779,.F.);
#17779 = EDGE_LOOP('',(#17780,#17786,#17787,#17788));
#17780 = ORIENTED_EDGE('',*,*,#17781,.T.);
#17781 = EDGE_CURVE('',#2894,#7626,#17782,.T.);
#17782 = LINE('',#17783,#17784);
#17783 = CARTESIAN_POINT('',(-12.53511140104,-5.012083614962,0.));
#17784 = VECTOR('',#17785,1.);
#17785 = DIRECTION('',(0.,0.,1.));
#17786 = ORIENTED_EDGE('',*,*,#7633,.T.);
#17787 = ORIENTED_EDGE('',*,*,#17747,.F.);
#17788 = ORIENTED_EDGE('',*,*,#2901,.F.);
#17789 = PLANE('',#17790);
#17790 = AXIS2_PLACEMENT_3D('',#17791,#17792,#17793);
#17791 = CARTESIAN_POINT('',(-12.53511140104,-5.012083614962,0.));
#17792 = DIRECTION('',(0.923879532511,0.382683432365,-0.));
#17793 = DIRECTION('',(0.382683432365,-0.923879532511,0.));
#17794 = ADVANCED_FACE('',(#17795),#17806,.F.);
#17795 = FACE_BOUND('',#17796,.F.);
#17796 = EDGE_LOOP('',(#17797,#17798,#17799,#17805));
#17797 = ORIENTED_EDGE('',*,*,#17766,.T.);
#17798 = ORIENTED_EDGE('',*,*,#6785,.T.);
#17799 = ORIENTED_EDGE('',*,*,#17800,.F.);
#17800 = EDGE_CURVE('',#2054,#6786,#17801,.T.);
#17801 = LINE('',#17802,#17803);
#17802 = CARTESIAN_POINT('',(-9.677855298475,8.475760746095,0.));
#17803 = VECTOR('',#17804,1.);
#17804 = DIRECTION('',(0.,0.,1.));
#17805 = ORIENTED_EDGE('',*,*,#2053,.F.);
#17806 = PLANE('',#17807);
#17807 = AXIS2_PLACEMENT_3D('',#17808,#17809,#17810);
#17808 = CARTESIAN_POINT('',(-9.737773916212,8.647954981196,0.));
#17809 = DIRECTION('',(0.944454291931,0.328642800701,-0.));
#17810 = DIRECTION('',(0.328642800701,-0.944454291931,0.));
#17811 = ADVANCED_FACE('',(#17812),#17823,.F.);
#17812 = FACE_BOUND('',#17813,.F.);
#17813 = EDGE_LOOP('',(#17814,#17820,#17821,#17822));
#17814 = ORIENTED_EDGE('',*,*,#17815,.T.);
#17815 = EDGE_CURVE('',#2886,#7618,#17816,.T.);
#17816 = LINE('',#17817,#17818);
#17817 = CARTESIAN_POINT('',(-12.65486280814,-4.70153669635,0.));
#17818 = VECTOR('',#17819,1.);
#17819 = DIRECTION('',(0.,0.,1.));
#17820 = ORIENTED_EDGE('',*,*,#7625,.T.);
#17821 = ORIENTED_EDGE('',*,*,#17781,.F.);
#17822 = ORIENTED_EDGE('',*,*,#2893,.F.);
#17823 = PLANE('',#17824);
#17824 = AXIS2_PLACEMENT_3D('',#17825,#17826,#17827);
#17825 = CARTESIAN_POINT('',(-12.65486280814,-4.70153669635,0.));
#17826 = DIRECTION('',(0.933032902888,0.359791053431,-0.));
#17827 = DIRECTION('',(0.359791053431,-0.933032902888,0.));
#17828 = ADVANCED_FACE('',(#17829),#17840,.F.);
#17829 = FACE_BOUND('',#17830,.F.);
#17830 = EDGE_LOOP('',(#17831,#17832,#17833,#17839));
#17831 = ORIENTED_EDGE('',*,*,#17800,.T.);
#17832 = ORIENTED_EDGE('',*,*,#6793,.T.);
#17833 = ORIENTED_EDGE('',*,*,#17834,.F.);
#17834 = EDGE_CURVE('',#2062,#6794,#17835,.T.);
#17835 = LINE('',#17836,#17837);
#17836 = CARTESIAN_POINT('',(-9.613718554154,8.307485403915,0.));
#17837 = VECTOR('',#17838,1.);
#17838 = DIRECTION('',(0.,0.,1.));
#17839 = ORIENTED_EDGE('',*,*,#2061,.F.);
#17840 = PLANE('',#17841);
#17841 = AXIS2_PLACEMENT_3D('',#17842,#17843,#17844);
#17842 = CARTESIAN_POINT('',(-9.677855298475,8.475760746095,0.));
#17843 = DIRECTION('',(0.934428881004,0.356149780775,-0.));
#17844 = DIRECTION('',(0.356149780775,-0.934428881004,0.));
#17845 = ADVANCED_FACE('',(#17846),#17857,.F.);
#17846 = FACE_BOUND('',#17847,.F.);
#17847 = EDGE_LOOP('',(#17848,#17854,#17855,#17856));
#17848 = ORIENTED_EDGE('',*,*,#17849,.T.);
#17849 = EDGE_CURVE('',#2878,#7610,#17850,.T.);
#17850 = LINE('',#17851,#17852);
#17851 = CARTESIAN_POINT('',(-12.54109011417,-4.55057394694,0.));
#17852 = VECTOR('',#17853,1.);
#17853 = DIRECTION('',(0.,0.,1.));
#17854 = ORIENTED_EDGE('',*,*,#7617,.T.);
#17855 = ORIENTED_EDGE('',*,*,#17815,.F.);
#17856 = ORIENTED_EDGE('',*,*,#2885,.F.);
#17857 = PLANE('',#17858);
#17858 = AXIS2_PLACEMENT_3D('',#17859,#17860,#17861);
#17859 = CARTESIAN_POINT('',(-12.54109011417,-4.55057394694,0.));
#17860 = DIRECTION('',(0.798599651604,-0.601862605964,0.));
#17861 = DIRECTION('',(-0.601862605964,-0.798599651604,0.));
#17862 = ADVANCED_FACE('',(#17863),#17874,.F.);
#17863 = FACE_BOUND('',#17864,.F.);
#17864 = EDGE_LOOP('',(#17865,#17866,#17867,#17873));
#17865 = ORIENTED_EDGE('',*,*,#17834,.T.);
#17866 = ORIENTED_EDGE('',*,*,#6801,.T.);
#17867 = ORIENTED_EDGE('',*,*,#17868,.F.);
#17868 = EDGE_CURVE('',#2070,#6802,#17869,.T.);
#17869 = LINE('',#17870,#17871);
#17870 = CARTESIAN_POINT('',(-9.545326421249,8.143315910997,0.));
#17871 = VECTOR('',#17872,1.);
#17872 = DIRECTION('',(0.,0.,1.));
#17873 = ORIENTED_EDGE('',*,*,#2069,.F.);
#17874 = PLANE('',#17875);
#17875 = AXIS2_PLACEMENT_3D('',#17876,#17877,#17878);
#17876 = CARTESIAN_POINT('',(-9.613718554154,8.307485403915,0.));
#17877 = DIRECTION('',(0.923100522293,0.384558741602,-0.));
#17878 = DIRECTION('',(0.384558741602,-0.923100522293,0.));
#17879 = ADVANCED_FACE('',(#17880),#17891,.F.);
#17880 = FACE_BOUND('',#17881,.F.);
#17881 = EDGE_LOOP('',(#17882,#17888,#17889,#17890));
#17882 = ORIENTED_EDGE('',*,*,#17883,.T.);
#17883 = EDGE_CURVE('',#2870,#7602,#17884,.T.);
#17884 = LINE('',#17885,#17886);
#17885 = CARTESIAN_POINT('',(-12.42477067387,-4.404413725648,0.));
#17886 = VECTOR('',#17887,1.);
#17887 = DIRECTION('',(0.,0.,1.));
#17888 = ORIENTED_EDGE('',*,*,#7609,.T.);
#17889 = ORIENTED_EDGE('',*,*,#17849,.F.);
#17890 = ORIENTED_EDGE('',*,*,#2877,.F.);
#17891 = PLANE('',#17892);
#17892 = AXIS2_PLACEMENT_3D('',#17893,#17894,#17895);
#17893 = CARTESIAN_POINT('',(-12.42477067387,-4.404413725648,0.));
#17894 = DIRECTION('',(0.78245594888,-0.622705940282,0.));
#17895 = DIRECTION('',(-0.622705940282,-0.78245594888,0.));
#17896 = ADVANCED_FACE('',(#17897),#17908,.F.);
#17897 = FACE_BOUND('',#17898,.F.);
#17898 = EDGE_LOOP('',(#17899,#17900,#17901,#17907));
#17899 = ORIENTED_EDGE('',*,*,#17868,.T.);
#17900 = ORIENTED_EDGE('',*,*,#6809,.T.);
#17901 = ORIENTED_EDGE('',*,*,#17902,.F.);
#17902 = EDGE_CURVE('',#2078,#6810,#17903,.T.);
#17903 = LINE('',#17904,#17905);
#17904 = CARTESIAN_POINT('',(-9.472619451814,7.983466737178,0.));
#17905 = VECTOR('',#17906,1.);
#17906 = DIRECTION('',(0.,0.,1.));
#17907 = ORIENTED_EDGE('',*,*,#2077,.F.);
#17908 = PLANE('',#17909);
#17909 = AXIS2_PLACEMENT_3D('',#17910,#17911,#17912);
#17910 = CARTESIAN_POINT('',(-9.545326421249,8.143315910997,0.));
#17911 = DIRECTION('',(0.910262934719,0.414030662725,-0.));
#17912 = DIRECTION('',(0.414030662725,-0.910262934719,0.));
#17913 = ADVANCED_FACE('',(#17914),#17925,.F.);
#17914 = FACE_BOUND('',#17915,.F.);
#17915 = EDGE_LOOP('',(#17916,#17922,#17923,#17924));
#17916 = ORIENTED_EDGE('',*,*,#17917,.T.);
#17917 = EDGE_CURVE('',#2862,#7594,#17918,.T.);
#17918 = LINE('',#17919,#17920);
#17919 = CARTESIAN_POINT('',(-12.30595910855,-4.263183859355,0.));
#17920 = VECTOR('',#17921,1.);
#17921 = DIRECTION('',(0.,0.,1.));
#17922 = ORIENTED_EDGE('',*,*,#7601,.T.);
#17923 = ORIENTED_EDGE('',*,*,#17883,.F.);
#17924 = ORIENTED_EDGE('',*,*,#2869,.F.);
#17925 = PLANE('',#17926);
#17926 = AXIS2_PLACEMENT_3D('',#17927,#17928,#17929);
#17927 = CARTESIAN_POINT('',(-12.30595910855,-4.263183859355,0.));
#17928 = DIRECTION('',(0.765228387937,-0.643758894537,0.));
#17929 = DIRECTION('',(-0.643758894537,-0.765228387937,0.));
#17930 = ADVANCED_FACE('',(#17931),#17942,.F.);
#17931 = FACE_BOUND('',#17932,.F.);
#17932 = EDGE_LOOP('',(#17933,#17934,#17935,#17941));
#17933 = ORIENTED_EDGE('',*,*,#17902,.T.);
#17934 = ORIENTED_EDGE('',*,*,#6817,.T.);
#17935 = ORIENTED_EDGE('',*,*,#17936,.F.);
#17936 = EDGE_CURVE('',#2086,#6818,#17937,.T.);
#17937 = LINE('',#17938,#17939);
#17938 = CARTESIAN_POINT('',(-9.395507490247,7.828190525243,0.));
#17939 = VECTOR('',#17940,1.);
#17940 = DIRECTION('',(0.,0.,1.));
#17941 = ORIENTED_EDGE('',*,*,#2085,.F.);
#17942 = PLANE('',#17943);
#17943 = AXIS2_PLACEMENT_3D('',#17944,#17945,#17946);
#17944 = CARTESIAN_POINT('',(-9.472619451814,7.983466737178,0.));
#17945 = DIRECTION('',(0.895637822523,0.444784094664,-0.));
#17946 = DIRECTION('',(0.444784094664,-0.895637822523,0.));
#17947 = ADVANCED_FACE('',(#17948),#17959,.F.);
#17948 = FACE_BOUND('',#17949,.F.);
#17949 = EDGE_LOOP('',(#17950,#17956,#17957,#17958));
#17950 = ORIENTED_EDGE('',*,*,#17951,.T.);
#17951 = EDGE_CURVE('',#2854,#7586,#17952,.T.);
#17952 = LINE('',#17953,#17954);
#17953 = CARTESIAN_POINT('',(-12.18470564308,-4.127026992226,0.));
#17954 = VECTOR('',#17955,1.);
#17955 = DIRECTION('',(0.,0.,1.));
#17956 = ORIENTED_EDGE('',*,*,#7593,.T.);
#17957 = ORIENTED_EDGE('',*,*,#17917,.F.);
#17958 = ORIENTED_EDGE('',*,*,#2861,.F.);
#17959 = PLANE('',#17960);
#17960 = AXIS2_PLACEMENT_3D('',#17961,#17962,#17963);
#17961 = CARTESIAN_POINT('',(-12.18470564308,-4.127026992226,0.));
#17962 = DIRECTION('',(0.746795834713,-0.665053367223,0.));
#17963 = DIRECTION('',(-0.665053367223,-0.746795834713,0.));
#17964 = ADVANCED_FACE('',(#17965),#17976,.F.);
#17965 = FACE_BOUND('',#17966,.F.);
#17966 = EDGE_LOOP('',(#17967,#17968,#17969,#17975));
#17967 = ORIENTED_EDGE('',*,*,#17936,.T.);
#17968 = ORIENTED_EDGE('',*,*,#6825,.T.);
#17969 = ORIENTED_EDGE('',*,*,#17970,.F.);
#17970 = EDGE_CURVE('',#2094,#6826,#17971,.T.);
#17971 = LINE('',#17972,#17973);
#17972 = CARTESIAN_POINT('',(-9.313856178713,7.677794997626,0.));
#17973 = VECTOR('',#17974,1.);
#17974 = DIRECTION('',(0.,0.,1.));
#17975 = ORIENTED_EDGE('',*,*,#2093,.F.);
#17976 = PLANE('',#17977);
#17977 = AXIS2_PLACEMENT_3D('',#17978,#17979,#17980);
#17978 = CARTESIAN_POINT('',(-9.395507490247,7.828190525243,0.));
#17979 = DIRECTION('',(0.878833768297,0.477128083119,-0.));
#17980 = DIRECTION('',(0.477128083119,-0.878833768297,0.));
#17981 = ADVANCED_FACE('',(#17982),#17993,.F.);
#17982 = FACE_BOUND('',#17983,.F.);
#17983 = EDGE_LOOP('',(#17984,#17990,#17991,#17992));
#17984 = ORIENTED_EDGE('',*,*,#17985,.T.);
#17985 = EDGE_CURVE('',#2846,#7578,#17986,.T.);
#17986 = LINE('',#17987,#17988);
#17987 = CARTESIAN_POINT('',(-12.0610548322,-3.996104917217,0.));
#17988 = VECTOR('',#17989,1.);
#17989 = DIRECTION('',(0.,0.,1.));
#17990 = ORIENTED_EDGE('',*,*,#7585,.T.);
#17991 = ORIENTED_EDGE('',*,*,#17951,.F.);
#17992 = ORIENTED_EDGE('',*,*,#2853,.F.);
#17993 = PLANE('',#17994);
#17994 = AXIS2_PLACEMENT_3D('',#17995,#17996,#17997);
#17995 = CARTESIAN_POINT('',(-12.0610548322,-3.996104917217,0.));
#17996 = DIRECTION('',(0.727007097204,-0.68662994445,0.));
#17997 = DIRECTION('',(-0.68662994445,-0.727007097204,0.));
#17998 = ADVANCED_FACE('',(#17999),#18010,.F.);
#17999 = FACE_BOUND('',#18000,.F.);
#18000 = EDGE_LOOP('',(#18001,#18002,#18003,#18009));
#18001 = ORIENTED_EDGE('',*,*,#17970,.T.);
#18002 = ORIENTED_EDGE('',*,*,#6833,.T.);
#18003 = ORIENTED_EDGE('',*,*,#18004,.F.);
#18004 = EDGE_CURVE('',#2102,#6834,#18005,.T.);
#18005 = LINE('',#18006,#18007);
#18006 = CARTESIAN_POINT('',(-9.227464032013,7.532671710225,0.));
#18007 = VECTOR('',#18008,1.);
#18008 = DIRECTION('',(0.,0.,1.));
#18009 = ORIENTED_EDGE('',*,*,#2101,.F.);
#18010 = PLANE('',#18011);
#18011 = AXIS2_PLACEMENT_3D('',#18012,#18013,#18014);
#18012 = CARTESIAN_POINT('',(-9.313856178713,7.677794997626,0.));
#18013 = DIRECTION('',(0.859268844202,0.511524245158,-0.));
#18014 = DIRECTION('',(0.511524245158,-0.859268844202,0.));
#18015 = ADVANCED_FACE('',(#18016),#18027,.F.);
#18016 = FACE_BOUND('',#18017,.F.);
#18017 = EDGE_LOOP('',(#18018,#18024,#18025,#18026));
#18018 = ORIENTED_EDGE('',*,*,#18019,.T.);
#18019 = EDGE_CURVE('',#2838,#7570,#18020,.T.);
#18020 = LINE('',#18021,#18022);
#18021 = CARTESIAN_POINT('',(-11.93504379538,-3.870604619015,0.));
#18022 = VECTOR('',#18023,1.);
#18023 = DIRECTION('',(0.,0.,1.));
#18024 = ORIENTED_EDGE('',*,*,#7577,.T.);
#18025 = ORIENTED_EDGE('',*,*,#17985,.F.);
#18026 = ORIENTED_EDGE('',*,*,#2845,.F.);
#18027 = PLANE('',#18028);
#18028 = AXIS2_PLACEMENT_3D('',#18029,#18030,#18031);
#18029 = CARTESIAN_POINT('',(-11.93504379538,-3.870604619015,0.));
#18030 = DIRECTION('',(0.705669419815,-0.708541226703,0.));
#18031 = DIRECTION('',(-0.708541226703,-0.705669419815,0.));
#18032 = ADVANCED_FACE('',(#18033),#18044,.F.);
#18033 = FACE_BOUND('',#18034,.F.);
#18034 = EDGE_LOOP('',(#18035,#18036,#18037,#18043));
#18035 = ORIENTED_EDGE('',*,*,#18004,.T.);
#18036 = ORIENTED_EDGE('',*,*,#6841,.T.);
#18037 = ORIENTED_EDGE('',*,*,#18038,.F.);
#18038 = EDGE_CURVE('',#2110,#6842,#18039,.T.);
#18039 = LINE('',#18040,#18041);
#18040 = CARTESIAN_POINT('',(-9.136019499689,7.393349946979,0.));
#18041 = VECTOR('',#18042,1.);
#18042 = DIRECTION('',(0.,0.,1.));
#18043 = ORIENTED_EDGE('',*,*,#2109,.F.);
#18044 = PLANE('',#18045);
#18045 = AXIS2_PLACEMENT_3D('',#18046,#18047,#18048);
#18046 = CARTESIAN_POINT('',(-9.227464032013,7.532671710225,0.));
#18047 = DIRECTION('',(0.836007653147,0.548717781633,-0.));
#18048 = DIRECTION('',(0.548717781633,-0.836007653147,0.));
#18049 = ADVANCED_FACE('',(#18050),#18061,.F.);
#18050 = FACE_BOUND('',#18051,.F.);
#18051 = EDGE_LOOP('',(#18052,#18058,#18059,#18060));
#18052 = ORIENTED_EDGE('',*,*,#18053,.T.);
#18053 = EDGE_CURVE('',#2830,#7562,#18054,.T.);
#18054 = LINE('',#18055,#18056);
#18055 = CARTESIAN_POINT('',(-11.80669968395,-3.750746991655,0.));
#18056 = VECTOR('',#18057,1.);
#18057 = DIRECTION('',(0.,0.,1.));
#18058 = ORIENTED_EDGE('',*,*,#7569,.T.);
#18059 = ORIENTED_EDGE('',*,*,#18019,.F.);
#18060 = ORIENTED_EDGE('',*,*,#2837,.F.);
#18061 = PLANE('',#18062);
#18062 = AXIS2_PLACEMENT_3D('',#18063,#18064,#18065);
#18063 = CARTESIAN_POINT('',(-11.80669968395,-3.750746991655,0.));
#18064 = DIRECTION('',(0.682530619474,-0.730856999337,0.));
#18065 = DIRECTION('',(-0.730856999337,-0.682530619474,0.));
#18066 = ADVANCED_FACE('',(#18067),#18078,.F.);
#18067 = FACE_BOUND('',#18068,.F.);
#18068 = EDGE_LOOP('',(#18069,#18070,#18071,#18077));
#18069 = ORIENTED_EDGE('',*,*,#18038,.T.);
#18070 = ORIENTED_EDGE('',*,*,#6849,.T.);
#18071 = ORIENTED_EDGE('',*,*,#18072,.F.);
#18072 = EDGE_CURVE('',#2118,#6850,#18073,.T.);
#18073 = LINE('',#18074,#18075);
#18074 = CARTESIAN_POINT('',(-9.039007826791,7.260613678866,0.));
#18075 = VECTOR('',#18076,1.);
#18076 = DIRECTION('',(0.,0.,1.));
#18077 = ORIENTED_EDGE('',*,*,#2117,.F.);
#18078 = PLANE('',#18079);
#18079 = AXIS2_PLACEMENT_3D('',#18080,#18081,#18082);
#18080 = CARTESIAN_POINT('',(-9.136019499689,7.393349946979,0.));
#18081 = DIRECTION('',(0.807356083216,0.590064534517,-0.));
#18082 = DIRECTION('',(0.590064534517,-0.807356083216,0.));
#18083 = ADVANCED_FACE('',(#18084),#18095,.F.);
#18084 = FACE_BOUND('',#18085,.F.);
#18085 = EDGE_LOOP('',(#18086,#18092,#18093,#18094));
#18086 = ORIENTED_EDGE('',*,*,#18087,.T.);
#18087 = EDGE_CURVE('',#2822,#7554,#18088,.T.);
#18088 = LINE('',#18089,#18090);
#18089 = CARTESIAN_POINT('',(-11.6760358872,-3.636799947691,0.));
#18090 = VECTOR('',#18091,1.);
#18091 = DIRECTION('',(0.,0.,1.));
#18092 = ORIENTED_EDGE('',*,*,#7561,.T.);
#18093 = ORIENTED_EDGE('',*,*,#18053,.F.);
#18094 = ORIENTED_EDGE('',*,*,#2829,.F.);
#18095 = PLANE('',#18096);
#18096 = AXIS2_PLACEMENT_3D('',#18097,#18098,#18099);
#18097 = CARTESIAN_POINT('',(-11.6760358872,-3.636799947691,0.));
#18098 = DIRECTION('',(0.657249948765,-0.753672677526,0.));
#18099 = DIRECTION('',(-0.753672677526,-0.657249948765,0.));
#18100 = ADVANCED_FACE('',(#18101),#18112,.F.);
#18101 = FACE_BOUND('',#18102,.F.);
#18102 = EDGE_LOOP('',(#18103,#18104,#18105,#18111));
#18103 = ORIENTED_EDGE('',*,*,#18072,.T.);
#18104 = ORIENTED_EDGE('',*,*,#6857,.T.);
#18105 = ORIENTED_EDGE('',*,*,#18106,.F.);
#18106 = EDGE_CURVE('',#2126,#6858,#18107,.T.);
#18107 = LINE('',#18108,#18109);
#18108 = CARTESIAN_POINT('',(-8.935450095299,7.135829342029,0.));
#18109 = VECTOR('',#18110,1.);
#18110 = DIRECTION('',(0.,0.,1.));
#18111 = ORIENTED_EDGE('',*,*,#2125,.F.);
#18112 = PLANE('',#18113);
#18113 = AXIS2_PLACEMENT_3D('',#18114,#18115,#18116);
#18114 = CARTESIAN_POINT('',(-9.039007826791,7.260613678866,0.));
#18115 = DIRECTION('',(0.769521442179,0.638620975248,-0.));
#18116 = DIRECTION('',(0.638620975248,-0.769521442179,0.));
#18117 = ADVANCED_FACE('',(#18118),#18129,.F.);
#18118 = FACE_BOUND('',#18119,.F.);
#18119 = EDGE_LOOP('',(#18120,#18126,#18127,#18128));
#18120 = ORIENTED_EDGE('',*,*,#18121,.T.);
#18121 = EDGE_CURVE('',#2814,#7546,#18122,.T.);
#18122 = LINE('',#18123,#18124);
#18123 = CARTESIAN_POINT('',(-11.54304603495,-3.529099202099,0.));
#18124 = VECTOR('',#18125,1.);
#18125 = DIRECTION('',(0.,0.,1.));
#18126 = ORIENTED_EDGE('',*,*,#7553,.T.);
#18127 = ORIENTED_EDGE('',*,*,#18087,.F.);
#18128 = ORIENTED_EDGE('',*,*,#2821,.F.);
#18129 = PLANE('',#18130);
#18130 = AXIS2_PLACEMENT_3D('',#18131,#18132,#18133);
#18131 = CARTESIAN_POINT('',(-11.54304603495,-3.529099202099,0.));
#18132 = DIRECTION('',(0.629347518484,-0.77712399331,0.));
#18133 = DIRECTION('',(-0.77712399331,-0.629347518484,0.));
#18134 = ADVANCED_FACE('',(#18135),#18146,.F.);
#18135 = FACE_BOUND('',#18136,.F.);
#18136 = EDGE_LOOP('',(#18137,#18138,#18139,#18145));
#18137 = ORIENTED_EDGE('',*,*,#18106,.T.);
#18138 = ORIENTED_EDGE('',*,*,#6865,.T.);
#18139 = ORIENTED_EDGE('',*,*,#18140,.F.);
#18140 = EDGE_CURVE('',#2134,#6866,#18141,.T.);
#18141 = LINE('',#18142,#18143);
#18142 = CARTESIAN_POINT('',(-8.822345813711,7.022902251441,0.));
#18143 = VECTOR('',#18144,1.);
#18144 = DIRECTION('',(0.,0.,1.));
#18145 = ORIENTED_EDGE('',*,*,#2133,.F.);
#18146 = PLANE('',#18147);
#18147 = AXIS2_PLACEMENT_3D('',#18148,#18149,#18150);
#18148 = CARTESIAN_POINT('',(-8.935450095299,7.135829342029,0.));
#18149 = DIRECTION('',(0.706552247417,0.707660880416,-0.));
#18150 = DIRECTION('',(0.707660880416,-0.706552247417,0.));
#18151 = ADVANCED_FACE('',(#18152),#18163,.F.);
#18152 = FACE_BOUND('',#18153,.F.);
#18153 = EDGE_LOOP('',(#18154,#18160,#18161,#18162));
#18154 = ORIENTED_EDGE('',*,*,#18155,.T.);
#18155 = EDGE_CURVE('',#2806,#7538,#18156,.T.);
#18156 = LINE('',#18157,#18158);
#18157 = CARTESIAN_POINT('',(-11.40769382111,-3.428083610407,0.));
#18158 = VECTOR('',#18159,1.);
#18159 = DIRECTION('',(0.,0.,1.));
#18160 = ORIENTED_EDGE('',*,*,#7545,.T.);
#18161 = ORIENTED_EDGE('',*,*,#18121,.F.);
#18162 = ORIENTED_EDGE('',*,*,#2813,.F.);
#18163 = PLANE('',#18164);
#18164 = AXIS2_PLACEMENT_3D('',#18165,#18166,#18167);
#18165 = CARTESIAN_POINT('',(-11.40769382111,-3.428083610407,0.));
#18166 = DIRECTION('',(0.598109044208,-0.801414731108,0.));
#18167 = DIRECTION('',(-0.801414731108,-0.598109044208,0.));
#18168 = ADVANCED_FACE('',(#18169),#18180,.F.);
#18169 = FACE_BOUND('',#18170,.F.);
#18170 = EDGE_LOOP('',(#18171,#18172,#18173,#18179));
#18171 = ORIENTED_EDGE('',*,*,#18140,.T.);
#18172 = ORIENTED_EDGE('',*,*,#6873,.T.);
#18173 = ORIENTED_EDGE('',*,*,#18174,.F.);
#18174 = EDGE_CURVE('',#2142,#6874,#18175,.T.);
#18175 = LINE('',#18176,#18177);
#18176 = CARTESIAN_POINT('',(-7.921592309873,6.305870302833,0.));
#18177 = VECTOR('',#18178,1.);
#18178 = DIRECTION('',(0.,0.,1.));
#18179 = ORIENTED_EDGE('',*,*,#2141,.F.);
#18180 = PLANE('',#18181);
#18181 = AXIS2_PLACEMENT_3D('',#18182,#18183,#18184);
#18182 = CARTESIAN_POINT('',(-8.822345813711,7.022902251441,0.));
#18183 = DIRECTION('',(0.622802005218,0.782379487395,-0.));
#18184 = DIRECTION('',(0.782379487395,-0.622802005218,0.));
#18185 = ADVANCED_FACE('',(#18186),#18197,.F.);
#18186 = FACE_BOUND('',#18187,.F.);
#18187 = EDGE_LOOP('',(#18188,#18194,#18195,#18196));
#18188 = ORIENTED_EDGE('',*,*,#18189,.T.);
#18189 = EDGE_CURVE('',#2798,#7530,#18190,.T.);
#18190 = LINE('',#18191,#18192);
#18191 = CARTESIAN_POINT('',(-11.26989395877,-3.334361392412,0.));
#18192 = VECTOR('',#18193,1.);
#18193 = DIRECTION('',(0.,0.,1.));
#18194 = ORIENTED_EDGE('',*,*,#7537,.T.);
#18195 = ORIENTED_EDGE('',*,*,#18155,.F.);
#18196 = ORIENTED_EDGE('',*,*,#2805,.F.);
#18197 = PLANE('',#18198);
#18198 = AXIS2_PLACEMENT_3D('',#18199,#18200,#18201);
#18199 = CARTESIAN_POINT('',(-11.26989395877,-3.334361392412,0.));
#18200 = DIRECTION('',(0.56238515569,-0.826875405765,0.));
#18201 = DIRECTION('',(-0.826875405765,-0.56238515569,0.));
#18202 = ADVANCED_FACE('',(#18203),#18214,.F.);
#18203 = FACE_BOUND('',#18204,.F.);
#18204 = EDGE_LOOP('',(#18205,#18206,#18207,#18213));
#18205 = ORIENTED_EDGE('',*,*,#18174,.T.);
#18206 = ORIENTED_EDGE('',*,*,#6881,.T.);
#18207 = ORIENTED_EDGE('',*,*,#18208,.F.);
#18208 = EDGE_CURVE('',#2150,#6882,#18209,.T.);
#18209 = LINE('',#18210,#18211);
#18210 = CARTESIAN_POINT('',(-8.177197585768,5.970683766815,0.));
#18211 = VECTOR('',#18212,1.);
#18212 = DIRECTION('',(0.,0.,1.));
#18213 = ORIENTED_EDGE('',*,*,#2149,.F.);
#18214 = PLANE('',#18215);
#18215 = AXIS2_PLACEMENT_3D('',#18216,#18217,#18218);
#18216 = CARTESIAN_POINT('',(-7.921592309873,6.305870302833,0.));
#18217 = DIRECTION('',(0.795174267195,-0.606380973309,0.));
#18218 = DIRECTION('',(-0.606380973309,-0.795174267195,0.));
#18219 = ADVANCED_FACE('',(#18220),#18231,.F.);
#18220 = FACE_BOUND('',#18221,.F.);
#18221 = EDGE_LOOP('',(#18222,#18228,#18229,#18230));
#18222 = ORIENTED_EDGE('',*,*,#18223,.T.);
#18223 = EDGE_CURVE('',#2790,#7522,#18224,.T.);
#18224 = LINE('',#18225,#18226);
#18225 = CARTESIAN_POINT('',(-11.12947088908,-3.248853831045,0.));
#18226 = VECTOR('',#18227,1.);
#18227 = DIRECTION('',(0.,0.,1.));
#18228 = ORIENTED_EDGE('',*,*,#7529,.T.);
#18229 = ORIENTED_EDGE('',*,*,#18189,.F.);
#18230 = ORIENTED_EDGE('',*,*,#2797,.F.);
#18231 = PLANE('',#18232);
#18232 = AXIS2_PLACEMENT_3D('',#18233,#18234,#18235);
#18233 = CARTESIAN_POINT('',(-11.12947088908,-3.248853831045,0.));
#18234 = DIRECTION('',(0.520091839346,-0.854110343367,0.));
#18235 = DIRECTION('',(-0.854110343367,-0.520091839346,0.));
#18236 = ADVANCED_FACE('',(#18237),#18248,.F.);
#18237 = FACE_BOUND('',#18238,.F.);
#18238 = EDGE_LOOP('',(#18239,#18240,#18241,#18247));
#18239 = ORIENTED_EDGE('',*,*,#18208,.T.);
#18240 = ORIENTED_EDGE('',*,*,#6889,.T.);
#18241 = ORIENTED_EDGE('',*,*,#18242,.F.);
#18242 = EDGE_CURVE('',#2158,#6890,#18243,.T.);
#18243 = LINE('',#18244,#18245);
#18244 = CARTESIAN_POINT('',(-8.418629824563,5.625148609323,0.));
#18245 = VECTOR('',#18246,1.);
#18246 = DIRECTION('',(0.,0.,1.));
#18247 = ORIENTED_EDGE('',*,*,#2157,.F.);
#18248 = PLANE('',#18249);
#18249 = AXIS2_PLACEMENT_3D('',#18250,#18251,#18252);
#18250 = CARTESIAN_POINT('',(-8.177197585768,5.970683766815,0.));
#18251 = DIRECTION('',(0.819724649185,-0.572757801797,0.));
#18252 = DIRECTION('',(-0.572757801797,-0.819724649185,0.));
#18253 = ADVANCED_FACE('',(#18254),#18265,.F.);
#18254 = FACE_BOUND('',#18255,.F.);
#18255 = EDGE_LOOP('',(#18256,#18262,#18263,#18264));
#18256 = ORIENTED_EDGE('',*,*,#18257,.T.);
#18257 = EDGE_CURVE('',#2782,#7514,#18258,.T.);
#18258 = LINE('',#18259,#18260);
#18259 = CARTESIAN_POINT('',(-10.9860431222,-3.173197964398,0.));
#18260 = VECTOR('',#18261,1.);
#18261 = DIRECTION('',(0.,0.,1.));
#18262 = ORIENTED_EDGE('',*,*,#7521,.T.);
#18263 = ORIENTED_EDGE('',*,*,#18223,.F.);
#18264 = ORIENTED_EDGE('',*,*,#2789,.F.);
#18265 = PLANE('',#18266);
#18266 = AXIS2_PLACEMENT_3D('',#18267,#18268,#18269);
#18267 = CARTESIAN_POINT('',(-10.9860431222,-3.173197964398,0.));
#18268 = DIRECTION('',(0.46655544347,-0.884491954835,0.));
#18269 = DIRECTION('',(-0.884491954835,-0.46655544347,0.));
#18270 = ADVANCED_FACE('',(#18271),#18282,.F.);
#18271 = FACE_BOUND('',#18272,.F.);
#18272 = EDGE_LOOP('',(#18273,#18274,#18275,#18281));
#18273 = ORIENTED_EDGE('',*,*,#18242,.T.);
#18274 = ORIENTED_EDGE('',*,*,#6897,.T.);
#18275 = ORIENTED_EDGE('',*,*,#18276,.F.);
#18276 = EDGE_CURVE('',#2166,#6898,#18277,.T.);
#18277 = LINE('',#18278,#18279);
#18278 = CARTESIAN_POINT('',(-8.645470566507,5.26986372534,0.));
#18279 = VECTOR('',#18280,1.);
#18280 = DIRECTION('',(0.,0.,1.));
#18281 = ORIENTED_EDGE('',*,*,#2165,.F.);
#18282 = PLANE('',#18283);
#18283 = AXIS2_PLACEMENT_3D('',#18284,#18285,#18286);
#18284 = CARTESIAN_POINT('',(-8.418629824563,5.625148609323,0.));
#18285 = DIRECTION('',(0.84285425251,-0.538141904171,0.));
#18286 = DIRECTION('',(-0.538141904171,-0.84285425251,0.));
#18287 = ADVANCED_FACE('',(#18288),#18299,.F.);
#18288 = FACE_BOUND('',#18289,.F.);
#18289 = EDGE_LOOP('',(#18290,#18296,#18297,#18298));
#18290 = ORIENTED_EDGE('',*,*,#18291,.T.);
#18291 = EDGE_CURVE('',#2774,#7506,#18292,.T.);
#18292 = LINE('',#18293,#18294);
#18293 = CARTESIAN_POINT('',(-10.83833306477,-3.112150071431,0.));
#18294 = VECTOR('',#18295,1.);
#18295 = DIRECTION('',(0.,0.,1.));
#18296 = ORIENTED_EDGE('',*,*,#7513,.T.);
#18297 = ORIENTED_EDGE('',*,*,#18257,.F.);
#18298 = ORIENTED_EDGE('',*,*,#2781,.F.);
#18299 = PLANE('',#18300);
#18300 = AXIS2_PLACEMENT_3D('',#18301,#18302,#18303);
#18301 = CARTESIAN_POINT('',(-10.83833306477,-3.112150071431,0.));
#18302 = DIRECTION('',(0.38195906537,-0.924179242562,0.));
#18303 = DIRECTION('',(-0.924179242562,-0.38195906537,0.));
#18304 = ADVANCED_FACE('',(#18305),#18316,.F.);
#18305 = FACE_BOUND('',#18306,.F.);
#18306 = EDGE_LOOP('',(#18307,#18308,#18309,#18315));
#18307 = ORIENTED_EDGE('',*,*,#18276,.T.);
#18308 = ORIENTED_EDGE('',*,*,#6905,.T.);
#18309 = ORIENTED_EDGE('',*,*,#18310,.F.);
#18310 = EDGE_CURVE('',#2174,#6906,#18311,.T.);
#18311 = LINE('',#18312,#18313);
#18312 = CARTESIAN_POINT('',(-8.857326642398,4.905444908454,0.));
#18313 = VECTOR('',#18314,1.);
#18314 = DIRECTION('',(0.,0.,1.));
#18315 = ORIENTED_EDGE('',*,*,#2173,.F.);
#18316 = PLANE('',#18317);
#18317 = AXIS2_PLACEMENT_3D('',#18318,#18319,#18320);
#18318 = CARTESIAN_POINT('',(-8.645470566507,5.26986372534,0.));
#18319 = DIRECTION('',(0.864522988043,-0.502593278054,0.));
#18320 = DIRECTION('',(-0.502593278054,-0.864522988043,0.));
#18321 = ADVANCED_FACE('',(#18322),#18333,.F.);
#18322 = FACE_BOUND('',#18323,.F.);
#18323 = EDGE_LOOP('',(#18324,#18330,#18331,#18332));
#18324 = ORIENTED_EDGE('',*,*,#18325,.T.);
#18325 = EDGE_CURVE('',#2766,#7498,#18326,.T.);
#18326 = LINE('',#18327,#18328);
#18327 = CARTESIAN_POINT('',(-9.731749091528,-2.794402372519,0.));
#18328 = VECTOR('',#18329,1.);
#18329 = DIRECTION('',(0.,0.,1.));
#18330 = ORIENTED_EDGE('',*,*,#7505,.T.);
#18331 = ORIENTED_EDGE('',*,*,#18291,.F.);
#18332 = ORIENTED_EDGE('',*,*,#2773,.F.);
#18333 = PLANE('',#18334);
#18334 = AXIS2_PLACEMENT_3D('',#18335,#18336,#18337);
#18335 = CARTESIAN_POINT('',(-9.731749091528,-2.794402372519,0.));
#18336 = DIRECTION('',(0.27599035778,-0.961160404102,0.));
#18337 = DIRECTION('',(-0.961160404102,-0.27599035778,0.));
#18338 = ADVANCED_FACE('',(#18339),#18350,.F.);
#18339 = FACE_BOUND('',#18340,.F.);
#18340 = EDGE_LOOP('',(#18341,#18342,#18343,#18349));
#18341 = ORIENTED_EDGE('',*,*,#18310,.T.);
#18342 = ORIENTED_EDGE('',*,*,#6913,.T.);
#18343 = ORIENTED_EDGE('',*,*,#18344,.F.);
#18344 = EDGE_CURVE('',#2182,#6914,#18345,.T.);
#18345 = LINE('',#18346,#18347);
#18346 = CARTESIAN_POINT('',(-9.864481226436,5.463236387278,0.));
#18347 = VECTOR('',#18348,1.);
#18348 = DIRECTION('',(0.,0.,1.));
#18349 = ORIENTED_EDGE('',*,*,#2181,.F.);
#18350 = PLANE('',#18351);
#18351 = AXIS2_PLACEMENT_3D('',#18352,#18353,#18354);
#18352 = CARTESIAN_POINT('',(-8.857326642398,4.905444908454,0.));
#18353 = DIRECTION('',(-0.48448838602,-0.874797693076,0.));
#18354 = DIRECTION('',(-0.874797693076,0.48448838602,0.));
#18355 = ADVANCED_FACE('',(#18356),#18367,.F.);
#18356 = FACE_BOUND('',#18357,.F.);
#18357 = EDGE_LOOP('',(#18358,#18364,#18365,#18366));
#18358 = ORIENTED_EDGE('',*,*,#18359,.T.);
#18359 = EDGE_CURVE('',#2758,#7490,#18360,.T.);
#18360 = LINE('',#18361,#18362);
#18361 = CARTESIAN_POINT('',(-9.839627240243,-2.386914488009,0.));
#18362 = VECTOR('',#18363,1.);
#18363 = DIRECTION('',(0.,0.,1.));
#18364 = ORIENTED_EDGE('',*,*,#7497,.T.);
#18365 = ORIENTED_EDGE('',*,*,#18325,.F.);
#18366 = ORIENTED_EDGE('',*,*,#2765,.F.);
#18367 = PLANE('',#18368);
#18368 = AXIS2_PLACEMENT_3D('',#18369,#18370,#18371);
#18369 = CARTESIAN_POINT('',(-9.839627240243,-2.386914488009,0.));
#18370 = DIRECTION('',(0.966697182428,0.255922952246,-0.));
#18371 = DIRECTION('',(0.255922952246,-0.966697182428,0.));
#18372 = ADVANCED_FACE('',(#18373),#18384,.F.);
#18373 = FACE_BOUND('',#18374,.F.);
#18374 = EDGE_LOOP('',(#18375,#18376,#18377,#18383));
#18375 = ORIENTED_EDGE('',*,*,#18344,.T.);
#18376 = ORIENTED_EDGE('',*,*,#6921,.T.);
#18377 = ORIENTED_EDGE('',*,*,#18378,.F.);
#18378 = EDGE_CURVE('',#2190,#6922,#18379,.T.);
#18379 = LINE('',#18380,#18381);
#18380 = CARTESIAN_POINT('',(-10.01209538879,5.524515791444,0.));
#18381 = VECTOR('',#18382,1.);
#18382 = DIRECTION('',(0.,0.,1.));
#18383 = ORIENTED_EDGE('',*,*,#2189,.F.);
#18384 = PLANE('',#18385);
#18385 = AXIS2_PLACEMENT_3D('',#18386,#18387,#18388);
#18386 = CARTESIAN_POINT('',(-9.864481226436,5.463236387278,0.));
#18387 = DIRECTION('',(-0.383407564188,-0.923579254706,0.));
#18388 = DIRECTION('',(-0.923579254706,0.383407564188,0.));
#18389 = ADVANCED_FACE('',(#18390),#18401,.F.);
#18390 = FACE_BOUND('',#18391,.F.);
#18391 = EDGE_LOOP('',(#18392,#18398,#18399,#18400));
#18392 = ORIENTED_EDGE('',*,*,#18393,.T.);
#18393 = EDGE_CURVE('',#2750,#7482,#18394,.T.);
#18394 = LINE('',#18395,#18396);
#18395 = CARTESIAN_POINT('',(-9.930450964083,-1.975289510413,0.));
#18396 = VECTOR('',#18397,1.);
#18397 = DIRECTION('',(0.,0.,1.));
#18398 = ORIENTED_EDGE('',*,*,#7489,.T.);
#18399 = ORIENTED_EDGE('',*,*,#18359,.F.);
#18400 = ORIENTED_EDGE('',*,*,#2757,.F.);
#18401 = PLANE('',#18402);
#18402 = AXIS2_PLACEMENT_3D('',#18403,#18404,#18405);
#18403 = CARTESIAN_POINT('',(-9.930450964083,-1.975289510413,0.));
#18404 = DIRECTION('',(0.976511747182,0.215464167822,-0.));
#18405 = DIRECTION('',(0.215464167822,-0.976511747182,0.));
#18406 = ADVANCED_FACE('',(#18407),#18418,.F.);
#18407 = FACE_BOUND('',#18408,.F.);
#18408 = EDGE_LOOP('',(#18409,#18410,#18411,#18417));
#18409 = ORIENTED_EDGE('',*,*,#18378,.T.);
#18410 = ORIENTED_EDGE('',*,*,#6929,.T.);
#18411 = ORIENTED_EDGE('',*,*,#18412,.F.);
#18412 = EDGE_CURVE('',#2198,#6930,#18413,.T.);
#18413 = LINE('',#18414,#18415);
#18414 = CARTESIAN_POINT('',(-10.1670109117,5.572437761676,0.));
#18415 = VECTOR('',#18416,1.);
#18416 = DIRECTION('',(0.,0.,1.));
#18417 = ORIENTED_EDGE('',*,*,#2197,.F.);
#18418 = PLANE('',#18419);
#18419 = AXIS2_PLACEMENT_3D('',#18420,#18421,#18422);
#18420 = CARTESIAN_POINT('',(-10.01209538879,5.524515791444,0.));
#18421 = DIRECTION('',(-0.295525741292,-0.955334777046,0.));
#18422 = DIRECTION('',(-0.955334777046,0.295525741292,0.));
#18423 = ADVANCED_FACE('',(#18424),#18435,.F.);
#18424 = FACE_BOUND('',#18425,.F.);
#18425 = EDGE_LOOP('',(#18426,#18432,#18433,#18434));
#18426 = ORIENTED_EDGE('',*,*,#18427,.T.);
#18427 = EDGE_CURVE('',#2742,#7474,#18428,.T.);
#18428 = LINE('',#18429,#18430);
#18429 = CARTESIAN_POINT('',(-10.00406284383,-1.560240884163,0.));
#18430 = VECTOR('',#18431,1.);
#18431 = DIRECTION('',(0.,0.,1.));
#18432 = ORIENTED_EDGE('',*,*,#7481,.T.);
#18433 = ORIENTED_EDGE('',*,*,#18393,.F.);
#18434 = ORIENTED_EDGE('',*,*,#2749,.F.);
#18435 = PLANE('',#18436);
#18436 = AXIS2_PLACEMENT_3D('',#18437,#18438,#18439);
#18437 = CARTESIAN_POINT('',(-10.00406284383,-1.560240884163,0.));
#18438 = DIRECTION('',(0.984633783772,0.174631932517,-0.));
#18439 = DIRECTION('',(0.174631932517,-0.984633783772,0.));
#18440 = ADVANCED_FACE('',(#18441),#18452,.F.);
#18441 = FACE_BOUND('',#18442,.F.);
#18442 = EDGE_LOOP('',(#18443,#18444,#18445,#18451));
#18443 = ORIENTED_EDGE('',*,*,#18412,.T.);
#18444 = ORIENTED_EDGE('',*,*,#6937,.T.);
#18445 = ORIENTED_EDGE('',*,*,#18446,.F.);
#18446 = EDGE_CURVE('',#2206,#6938,#18447,.T.);
#18447 = LINE('',#18448,#18449);
#18448 = CARTESIAN_POINT('',(-10.326767993,5.611268890001,0.));
#18449 = VECTOR('',#18450,1.);
#18450 = DIRECTION('',(0.,0.,1.));
#18451 = ORIENTED_EDGE('',*,*,#2205,.F.);
#18452 = PLANE('',#18453);
#18453 = AXIS2_PLACEMENT_3D('',#18454,#18455,#18456);
#18454 = CARTESIAN_POINT('',(-10.1670109117,5.572437761676,0.));
#18455 = DIRECTION('',(-0.236186749235,-0.971707682117,0.));
#18456 = DIRECTION('',(-0.971707682117,0.236186749235,0.));
#18457 = ADVANCED_FACE('',(#18458),#18469,.F.);
#18458 = FACE_BOUND('',#18459,.F.);
#18459 = EDGE_LOOP('',(#18460,#18466,#18467,#18468));
#18460 = ORIENTED_EDGE('',*,*,#18461,.T.);
#18461 = EDGE_CURVE('',#2734,#7466,#18462,.T.);
#18462 = LINE('',#18463,#18464);
#18463 = CARTESIAN_POINT('',(-10.06033529252,-1.14248798769,0.));
#18464 = VECTOR('',#18465,1.);
#18465 = DIRECTION('',(0.,0.,1.));
#18466 = ORIENTED_EDGE('',*,*,#7473,.T.);
#18467 = ORIENTED_EDGE('',*,*,#18427,.F.);
#18468 = ORIENTED_EDGE('',*,*,#2741,.F.);
#18469 = PLANE('',#18470);
#18470 = AXIS2_PLACEMENT_3D('',#18471,#18472,#18473);
#18471 = CARTESIAN_POINT('',(-10.06033529252,-1.14248798769,0.));
#18472 = DIRECTION('',(0.991049214768,0.133497018349,-0.));
#18473 = DIRECTION('',(0.133497018349,-0.991049214768,0.));
#18474 = ADVANCED_FACE('',(#18475),#18486,.F.);
#18475 = FACE_BOUND('',#18476,.F.);
#18476 = EDGE_LOOP('',(#18477,#18478,#18479,#18485));
#18477 = ORIENTED_EDGE('',*,*,#18446,.T.);
#18478 = ORIENTED_EDGE('',*,*,#6945,.T.);
#18479 = ORIENTED_EDGE('',*,*,#18480,.F.);
#18480 = EDGE_CURVE('',#2214,#6946,#18481,.T.);
#18481 = LINE('',#18482,#18483);
#18482 = CARTESIAN_POINT('',(-10.490478826,5.642436491213,0.));
#18483 = VECTOR('',#18484,1.);
#18484 = DIRECTION('',(0.,0.,1.));
#18485 = ORIENTED_EDGE('',*,*,#2213,.F.);
#18486 = PLANE('',#18487);
#18487 = AXIS2_PLACEMENT_3D('',#18488,#18489,#18490);
#18488 = CARTESIAN_POINT('',(-10.326767993,5.611268890001,0.));
#18489 = DIRECTION('',(-0.187022849386,-0.98235556384,0.));
#18490 = DIRECTION('',(-0.98235556384,0.187022849386,0.));
#18491 = ADVANCED_FACE('',(#18492),#18503,.F.);
#18492 = FACE_BOUND('',#18493,.F.);
#18493 = EDGE_LOOP('',(#18494,#18500,#18501,#18502));
#18494 = ORIENTED_EDGE('',*,*,#18495,.T.);
#18495 = EDGE_CURVE('',#2726,#7458,#18496,.T.);
#18496 = LINE('',#18497,#18498);
#18497 = CARTESIAN_POINT('',(-11.20428235645,-1.272398745244,0.));
#18498 = VECTOR('',#18499,1.);
#18499 = DIRECTION('',(0.,0.,1.));
#18500 = ORIENTED_EDGE('',*,*,#7465,.T.);
#18501 = ORIENTED_EDGE('',*,*,#18461,.F.);
#18502 = ORIENTED_EDGE('',*,*,#2733,.F.);
#18503 = PLANE('',#18504);
#18504 = AXIS2_PLACEMENT_3D('',#18505,#18506,#18507);
#18505 = CARTESIAN_POINT('',(-11.20428235645,-1.272398745244,0.));
#18506 = DIRECTION('',(-0.112838319772,0.993613362224,0.));
#18507 = DIRECTION('',(0.993613362224,0.112838319772,0.));
#18508 = ADVANCED_FACE('',(#18509),#18520,.F.);
#18509 = FACE_BOUND('',#18510,.F.);
#18510 = EDGE_LOOP('',(#18511,#18512,#18513,#18519));
#18511 = ORIENTED_EDGE('',*,*,#18480,.T.);
#18512 = ORIENTED_EDGE('',*,*,#6953,.T.);
#18513 = ORIENTED_EDGE('',*,*,#18514,.F.);
#18514 = EDGE_CURVE('',#2222,#6954,#18515,.T.);
#18515 = LINE('',#18516,#18517);
#18516 = CARTESIAN_POINT('',(-10.65761610414,5.66671614958,0.));
#18517 = VECTOR('',#18518,1.);
#18518 = DIRECTION('',(0.,0.,1.));
#18519 = ORIENTED_EDGE('',*,*,#2221,.F.);
#18520 = PLANE('',#18521);
#18521 = AXIS2_PLACEMENT_3D('',#18522,#18523,#18524);
#18522 = CARTESIAN_POINT('',(-10.490478826,5.642436491213,0.));
#18523 = DIRECTION('',(-0.143758829861,-0.989612751958,0.));
#18524 = DIRECTION('',(-0.989612751958,0.143758829861,0.));
#18525 = ADVANCED_FACE('',(#18526),#18537,.F.);
#18526 = FACE_BOUND('',#18527,.F.);
#18527 = EDGE_LOOP('',(#18528,#18534,#18535,#18536));
#18528 = ORIENTED_EDGE('',*,*,#18529,.T.);
#18529 = EDGE_CURVE('',#2718,#7450,#18530,.T.);
#18530 = LINE('',#18531,#18532);
#18531 = CARTESIAN_POINT('',(-11.36411067247,-1.272524038201,0.));
#18532 = VECTOR('',#18533,1.);
#18533 = DIRECTION('',(0.,0.,1.));
#18534 = ORIENTED_EDGE('',*,*,#7457,.T.);
#18535 = ORIENTED_EDGE('',*,*,#18495,.F.);
#18536 = ORIENTED_EDGE('',*,*,#2725,.F.);
#18537 = PLANE('',#18538);
#18538 = AXIS2_PLACEMENT_3D('',#18539,#18540,#18541);
#18539 = CARTESIAN_POINT('',(-11.36411067247,-1.272524038201,0.));
#18540 = DIRECTION('',(-7.839219114672E-04,0.999999692733,0.));
#18541 = DIRECTION('',(0.999999692733,7.839219114672E-04,0.));
#18542 = ADVANCED_FACE('',(#18543),#18554,.F.);
#18543 = FACE_BOUND('',#18544,.F.);
#18544 = EDGE_LOOP('',(#18545,#18546,#18547,#18553));
#18545 = ORIENTED_EDGE('',*,*,#18514,.T.);
#18546 = ORIENTED_EDGE('',*,*,#6961,.T.);
#18547 = ORIENTED_EDGE('',*,*,#18548,.F.);
#18548 = EDGE_CURVE('',#2230,#6962,#18549,.T.);
#18549 = LINE('',#18550,#18551);
#18550 = CARTESIAN_POINT('',(-10.82781005805,5.684598248388,0.));
#18551 = VECTOR('',#18552,1.);
#18552 = DIRECTION('',(0.,0.,1.));
#18553 = ORIENTED_EDGE('',*,*,#2229,.F.);
#18554 = PLANE('',#18555);
#18555 = AXIS2_PLACEMENT_3D('',#18556,#18557,#18558);
#18556 = CARTESIAN_POINT('',(-10.65761610414,5.66671614958,0.));
#18557 = DIRECTION('',(-0.10449374745,-0.994525543535,0.));
#18558 = DIRECTION('',(-0.994525543535,0.10449374745,0.));
#18559 = ADVANCED_FACE('',(#18560),#18571,.F.);
#18560 = FACE_BOUND('',#18561,.F.);
#18561 = EDGE_LOOP('',(#18562,#18568,#18569,#18570));
#18562 = ORIENTED_EDGE('',*,*,#18563,.T.);
#18563 = EDGE_CURVE('',#2710,#7442,#18564,.T.);
#18564 = LINE('',#18565,#18566);
#18565 = CARTESIAN_POINT('',(-11.52557289742,-1.25751456162,0.));
#18566 = VECTOR('',#18567,1.);
#18567 = DIRECTION('',(0.,0.,1.));
#18568 = ORIENTED_EDGE('',*,*,#7449,.T.);
#18569 = ORIENTED_EDGE('',*,*,#18529,.F.);
#18570 = ORIENTED_EDGE('',*,*,#2717,.F.);
#18571 = PLANE('',#18572);
#18572 = AXIS2_PLACEMENT_3D('',#18573,#18574,#18575);
#18573 = CARTESIAN_POINT('',(-11.52557289742,-1.25751456162,0.));
#18574 = DIRECTION('',(9.256060782806E-02,0.995707052239,-0.));
#18575 = DIRECTION('',(0.995707052239,-9.256060782806E-02,0.));
#18576 = ADVANCED_FACE('',(#18577),#18588,.F.);
#18577 = FACE_BOUND('',#18578,.F.);
#18578 = EDGE_LOOP('',(#18579,#18580,#18581,#18587));
#18579 = ORIENTED_EDGE('',*,*,#18548,.T.);
#18580 = ORIENTED_EDGE('',*,*,#6969,.T.);
#18581 = ORIENTED_EDGE('',*,*,#18582,.F.);
#18582 = EDGE_CURVE('',#2238,#6970,#18583,.T.);
#18583 = LINE('',#18584,#18585);
#18584 = CARTESIAN_POINT('',(-11.00077604227,5.696418777643,0.));
#18585 = VECTOR('',#18586,1.);
#18586 = DIRECTION('',(0.,0.,1.));
#18587 = ORIENTED_EDGE('',*,*,#2237,.F.);
#18588 = PLANE('',#18589);
#18589 = AXIS2_PLACEMENT_3D('',#18590,#18591,#18592);
#18590 = CARTESIAN_POINT('',(-10.82781005805,5.684598248388,0.));
#18591 = DIRECTION('',(-6.818116536716E-02,-0.99767295678,0.));
#18592 = DIRECTION('',(-0.99767295678,6.818116536716E-02,0.));
#18593 = ADVANCED_FACE('',(#18594),#18605,.F.);
#18594 = FACE_BOUND('',#18595,.F.);
#18595 = EDGE_LOOP('',(#18596,#18602,#18603,#18604));
#18596 = ORIENTED_EDGE('',*,*,#18597,.T.);
#18597 = EDGE_CURVE('',#2702,#7434,#18598,.T.);
#18598 = LINE('',#18599,#18600);
#18599 = CARTESIAN_POINT('',(-11.68802922447,-1.232253458089,0.));
#18600 = VECTOR('',#18601,1.);
#18601 = DIRECTION('',(0.,0.,1.));
#18602 = ORIENTED_EDGE('',*,*,#7441,.T.);
#18603 = ORIENTED_EDGE('',*,*,#18563,.F.);
#18604 = ORIENTED_EDGE('',*,*,#2709,.F.);
#18605 = PLANE('',#18606);
#18606 = AXIS2_PLACEMENT_3D('',#18607,#18608,#18609);
#18607 = CARTESIAN_POINT('',(-11.68802922447,-1.232253458089,0.));
#18608 = DIRECTION('',(0.15364832758,0.988125594969,-0.));
#18609 = DIRECTION('',(0.988125594969,-0.15364832758,0.));
#18610 = ADVANCED_FACE('',(#18611),#18622,.F.);
#18611 = FACE_BOUND('',#18612,.F.);
#18612 = EDGE_LOOP('',(#18613,#18614,#18615,#18621));
#18613 = ORIENTED_EDGE('',*,*,#18582,.T.);
#18614 = ORIENTED_EDGE('',*,*,#6977,.T.);
#18615 = ORIENTED_EDGE('',*,*,#18616,.F.);
#18616 = EDGE_CURVE('',#2246,#6978,#18617,.T.);
#18617 = LINE('',#18618,#18619);
#18618 = CARTESIAN_POINT('',(-11.17628117487,5.702419628077,0.));
#18619 = VECTOR('',#18620,1.);
#18620 = DIRECTION('',(0.,0.,1.));
#18621 = ORIENTED_EDGE('',*,*,#2245,.F.);
#18622 = PLANE('',#18623);
#18623 = AXIS2_PLACEMENT_3D('',#18624,#18625,#18626);
#18624 = CARTESIAN_POINT('',(-11.00077604227,5.696418777643,0.));
#18625 = DIRECTION('',(-3.417191091091E-02,-0.999415969707,0.));
#18626 = DIRECTION('',(-0.999415969707,3.417191091091E-02,0.));
#18627 = ADVANCED_FACE('',(#18628),#18639,.F.);
#18628 = FACE_BOUND('',#18629,.F.);
#18629 = EDGE_LOOP('',(#18630,#18636,#18637,#18638));
#18630 = ORIENTED_EDGE('',*,*,#18631,.T.);
#18631 = EDGE_CURVE('',#2694,#7426,#18632,.T.);
#18632 = LINE('',#18633,#18634);
#18633 = CARTESIAN_POINT('',(-11.85120563694,-1.19839914344,0.));
#18634 = VECTOR('',#18635,1.);
#18635 = DIRECTION('',(0.,0.,1.));
#18636 = ORIENTED_EDGE('',*,*,#7433,.T.);
#18637 = ORIENTED_EDGE('',*,*,#18597,.F.);
#18638 = ORIENTED_EDGE('',*,*,#2701,.F.);
#18639 = PLANE('',#18640);
#18640 = AXIS2_PLACEMENT_3D('',#18641,#18642,#18643);
#18641 = CARTESIAN_POINT('',(-11.85120563694,-1.19839914344,0.));
#18642 = DIRECTION('',(0.203144616314,0.979148745014,-0.));
#18643 = DIRECTION('',(0.979148745014,-0.203144616314,0.));
#18644 = ADVANCED_FACE('',(#18645),#18656,.F.);
#18645 = FACE_BOUND('',#18646,.F.);
#18646 = EDGE_LOOP('',(#18647,#18648,#18649,#18655));
#18647 = ORIENTED_EDGE('',*,*,#18616,.T.);
#18648 = ORIENTED_EDGE('',*,*,#6985,.T.);
#18649 = ORIENTED_EDGE('',*,*,#18650,.F.);
#18650 = EDGE_CURVE('',#2254,#6986,#18651,.T.);
#18651 = LINE('',#18652,#18653);
#18652 = CARTESIAN_POINT('',(-11.3541265454,5.702780774814,0.));
#18653 = VECTOR('',#18654,1.);
#18654 = DIRECTION('',(0.,0.,1.));
#18655 = ORIENTED_EDGE('',*,*,#2253,.F.);
#18656 = PLANE('',#18657);
#18657 = AXIS2_PLACEMENT_3D('',#18658,#18659,#18660);
#18658 = CARTESIAN_POINT('',(-11.17628117487,5.702419628077,0.));
#18659 = DIRECTION('',(-2.03067412486E-03,-0.999997938179,0.));
#18660 = DIRECTION('',(-0.999997938179,2.03067412486E-03,0.));
#18661 = ADVANCED_FACE('',(#18662),#18673,.F.);
#18662 = FACE_BOUND('',#18663,.F.);
#18663 = EDGE_LOOP('',(#18664,#18670,#18671,#18672));
#18664 = ORIENTED_EDGE('',*,*,#18665,.T.);
#18665 = EDGE_CURVE('',#2686,#7418,#18666,.T.);
#18666 = LINE('',#18667,#18668);
#18667 = CARTESIAN_POINT('',(-12.01491177034,-1.156869955583,0.));
#18668 = VECTOR('',#18669,1.);
#18669 = DIRECTION('',(0.,0.,1.));
#18670 = ORIENTED_EDGE('',*,*,#7425,.T.);
#18671 = ORIENTED_EDGE('',*,*,#18631,.F.);
#18672 = ORIENTED_EDGE('',*,*,#2693,.F.);
#18673 = PLANE('',#18674);
#18674 = AXIS2_PLACEMENT_3D('',#18675,#18676,#18677);
#18675 = CARTESIAN_POINT('',(-12.01491177034,-1.156869955583,0.));
#18676 = DIRECTION('',(0.245892564105,0.96929708909,-0.));
#18677 = DIRECTION('',(0.96929708909,-0.245892564105,0.));
#18678 = ADVANCED_FACE('',(#18679),#18690,.F.);
#18679 = FACE_BOUND('',#18680,.F.);
#18680 = EDGE_LOOP('',(#18681,#18682,#18683,#18689));
#18681 = ORIENTED_EDGE('',*,*,#18650,.T.);
#18682 = ORIENTED_EDGE('',*,*,#6993,.T.);
#18683 = ORIENTED_EDGE('',*,*,#18684,.F.);
#18684 = EDGE_CURVE('',#2262,#6994,#18685,.T.);
#18685 = LINE('',#18686,#18687);
#18686 = CARTESIAN_POINT('',(-11.53413675933,5.697639214646,0.));
#18687 = VECTOR('',#18688,1.);
#18688 = DIRECTION('',(0.,0.,1.));
#18689 = ORIENTED_EDGE('',*,*,#2261,.F.);
#18690 = PLANE('',#18691);
#18691 = AXIS2_PLACEMENT_3D('',#18692,#18693,#18694);
#18692 = CARTESIAN_POINT('',(-11.3541265454,5.702780774814,0.));
#18693 = DIRECTION('',(2.855095851752E-02,-0.99959233829,0.));
#18694 = DIRECTION('',(-0.99959233829,-2.855095851752E-02,0.));
#18695 = ADVANCED_FACE('',(#18696),#18707,.F.);
#18696 = FACE_BOUND('',#18697,.F.);
#18697 = EDGE_LOOP('',(#18698,#18704,#18705,#18706));
#18698 = ORIENTED_EDGE('',*,*,#18699,.T.);
#18699 = EDGE_CURVE('',#2678,#7410,#18700,.T.);
#18700 = LINE('',#18701,#18702);
#18701 = CARTESIAN_POINT('',(-12.17899366386,-1.108260454223,0.));
#18702 = VECTOR('',#18703,1.);
#18703 = DIRECTION('',(0.,0.,1.));
#18704 = ORIENTED_EDGE('',*,*,#7417,.T.);
#18705 = ORIENTED_EDGE('',*,*,#18665,.F.);
#18706 = ORIENTED_EDGE('',*,*,#2685,.F.);
#18707 = PLANE('',#18708);
#18708 = AXIS2_PLACEMENT_3D('',#18709,#18710,#18711);
#18709 = CARTESIAN_POINT('',(-12.17899366386,-1.108260454223,0.));
#18710 = DIRECTION('',(0.284048814031,0.958809820167,-0.));
#18711 = DIRECTION('',(0.958809820167,-0.284048814031,0.));
#18712 = ADVANCED_FACE('',(#18713),#18724,.F.);
#18713 = FACE_BOUND('',#18714,.F.);
#18714 = EDGE_LOOP('',(#18715,#18716,#18717,#18723));
#18715 = ORIENTED_EDGE('',*,*,#18684,.T.);
#18716 = ORIENTED_EDGE('',*,*,#7001,.T.);
#18717 = ORIENTED_EDGE('',*,*,#18718,.F.);
#18718 = EDGE_CURVE('',#2270,#7002,#18719,.T.);
#18719 = LINE('',#18720,#18721);
#18720 = CARTESIAN_POINT('',(-11.71615335105,5.687100918268,0.));
#18721 = VECTOR('',#18722,1.);
#18722 = DIRECTION('',(0.,0.,1.));
#18723 = ORIENTED_EDGE('',*,*,#2269,.F.);
#18724 = PLANE('',#18725);
#18725 = AXIS2_PLACEMENT_3D('',#18726,#18727,#18728);
#18726 = CARTESIAN_POINT('',(-11.53413675933,5.697639214646,0.));
#18727 = DIRECTION('',(5.780065307348E-02,-0.998328144702,0.));
#18728 = DIRECTION('',(-0.998328144702,-5.780065307348E-02,0.));
#18729 = ADVANCED_FACE('',(#18730),#18741,.F.);
#18730 = FACE_BOUND('',#18731,.F.);
#18731 = EDGE_LOOP('',(#18732,#18738,#18739,#18740));
#18732 = ORIENTED_EDGE('',*,*,#18733,.T.);
#18733 = EDGE_CURVE('',#2670,#7402,#18734,.T.);
#18734 = LINE('',#18735,#18736);
#18735 = CARTESIAN_POINT('',(-12.34331691721,-1.052989982741,0.));
#18736 = VECTOR('',#18737,1.);
#18737 = DIRECTION('',(0.,0.,1.));
#18738 = ORIENTED_EDGE('',*,*,#7409,.T.);
#18739 = ORIENTED_EDGE('',*,*,#18699,.F.);
#18740 = ORIENTED_EDGE('',*,*,#2677,.F.);
#18741 = PLANE('',#18742);
#18742 = AXIS2_PLACEMENT_3D('',#18743,#18744,#18745);
#18743 = CARTESIAN_POINT('',(-12.34331691721,-1.052989982741,0.));
#18744 = DIRECTION('',(0.318801728293,0.947821427294,-0.));
#18745 = DIRECTION('',(0.947821427294,-0.318801728293,0.));
#18746 = ADVANCED_FACE('',(#18747),#18758,.F.);
#18747 = FACE_BOUND('',#18748,.F.);
#18748 = EDGE_LOOP('',(#18749,#18750,#18751,#18757));
#18749 = ORIENTED_EDGE('',*,*,#18718,.T.);
#18750 = ORIENTED_EDGE('',*,*,#7009,.T.);
#18751 = ORIENTED_EDGE('',*,*,#18752,.F.);
#18752 = EDGE_CURVE('',#2278,#7010,#18753,.T.);
#18753 = LINE('',#18754,#18755);
#18754 = CARTESIAN_POINT('',(-11.90003041074,5.671248785629,0.));
#18755 = VECTOR('',#18756,1.);
#18756 = DIRECTION('',(0.,0.,1.));
#18757 = ORIENTED_EDGE('',*,*,#2277,.F.);
#18758 = PLANE('',#18759);
#18759 = AXIS2_PLACEMENT_3D('',#18760,#18761,#18762);
#18760 = CARTESIAN_POINT('',(-11.71615335105,5.687100918268,0.));
#18761 = DIRECTION('',(8.589190249035E-02,-0.996304462043,0.));
#18762 = DIRECTION('',(-0.996304462043,-8.589190249035E-02,0.));
#18763 = ADVANCED_FACE('',(#18764),#18775,.F.);
#18764 = FACE_BOUND('',#18765,.F.);
#18765 = EDGE_LOOP('',(#18766,#18772,#18773,#18774));
#18766 = ORIENTED_EDGE('',*,*,#18767,.T.);
#18767 = EDGE_CURVE('',#2662,#7394,#18768,.T.);
#18768 = LINE('',#18769,#18770);
#18769 = CARTESIAN_POINT('',(-12.50775894311,-0.991371139094,0.));
#18770 = VECTOR('',#18771,1.);
#18771 = DIRECTION('',(0.,0.,1.));
#18772 = ORIENTED_EDGE('',*,*,#7401,.T.);
#18773 = ORIENTED_EDGE('',*,*,#18733,.F.);
#18774 = ORIENTED_EDGE('',*,*,#2669,.F.);
#18775 = PLANE('',#18776);
#18776 = AXIS2_PLACEMENT_3D('',#18777,#18778,#18779);
#18777 = CARTESIAN_POINT('',(-12.50775894311,-0.991371139094,0.));
#18778 = DIRECTION('',(0.35088920457,0.936416983035,-0.));
#18779 = DIRECTION('',(0.936416983035,-0.35088920457,0.));
#18780 = ADVANCED_FACE('',(#18781),#18792,.F.);
#18781 = FACE_BOUND('',#18782,.F.);
#18782 = EDGE_LOOP('',(#18783,#18784,#18785,#18791));
#18783 = ORIENTED_EDGE('',*,*,#18752,.T.);
#18784 = ORIENTED_EDGE('',*,*,#7017,.T.);
#18785 = ORIENTED_EDGE('',*,*,#18786,.F.);
#18786 = EDGE_CURVE('',#2286,#7018,#18787,.T.);
#18787 = LINE('',#18788,#18789);
#18788 = CARTESIAN_POINT('',(-12.08563155937,5.650148167032,0.));
#18789 = VECTOR('',#18790,1.);
#18790 = DIRECTION('',(0.,0.,1.));
#18791 = ORIENTED_EDGE('',*,*,#2285,.F.);
#18792 = PLANE('',#18793);
#18793 = AXIS2_PLACEMENT_3D('',#18794,#18795,#18796);
#18794 = CARTESIAN_POINT('',(-11.90003041074,5.671248785629,0.));
#18795 = DIRECTION('',(0.112960314374,-0.993599500491,0.));
#18796 = DIRECTION('',(-0.993599500491,-0.112960314374,0.));
#18797 = ADVANCED_FACE('',(#18798),#18809,.F.);
#18798 = FACE_BOUND('',#18799,.F.);
#18799 = EDGE_LOOP('',(#18800,#18806,#18807,#18808));
#18800 = ORIENTED_EDGE('',*,*,#18801,.T.);
#18801 = EDGE_CURVE('',#2654,#7386,#18802,.T.);
#18802 = LINE('',#18803,#18804);
#18803 = CARTESIAN_POINT('',(-12.67220484577,-0.923646318345,0.));
#18804 = VECTOR('',#18805,1.);
#18805 = DIRECTION('',(0.,0.,1.));
#18806 = ORIENTED_EDGE('',*,*,#7393,.T.);
#18807 = ORIENTED_EDGE('',*,*,#18767,.F.);
#18808 = ORIENTED_EDGE('',*,*,#2661,.F.);
#18809 = PLANE('',#18810);
#18810 = AXIS2_PLACEMENT_3D('',#18811,#18812,#18813);
#18811 = CARTESIAN_POINT('',(-12.67220484577,-0.923646318345,0.));
#18812 = DIRECTION('',(0.380806545079,0.924654732981,-0.));
#18813 = DIRECTION('',(0.924654732981,-0.380806545079,0.));
#18814 = ADVANCED_FACE('',(#18815),#18826,.F.);
#18815 = FACE_BOUND('',#18816,.F.);
#18816 = EDGE_LOOP('',(#18817,#18818,#18819,#18825));
#18817 = ORIENTED_EDGE('',*,*,#18786,.T.);
#18818 = ORIENTED_EDGE('',*,*,#7025,.T.);
#18819 = ORIENTED_EDGE('',*,*,#18820,.F.);
#18820 = EDGE_CURVE('',#2294,#7026,#18821,.T.);
#18821 = LINE('',#18822,#18823);
#18822 = CARTESIAN_POINT('',(-12.2728277866,5.623850826635,0.));
#18823 = VECTOR('',#18824,1.);
#18824 = DIRECTION('',(0.,0.,1.));
#18825 = ORIENTED_EDGE('',*,*,#2293,.F.);
#18826 = PLANE('',#18827);
#18827 = AXIS2_PLACEMENT_3D('',#18828,#18829,#18830);
#18828 = CARTESIAN_POINT('',(-12.08563155937,5.650148167032,0.));
#18829 = DIRECTION('',(0.139114099083,-0.990276359122,0.));
#18830 = DIRECTION('',(-0.990276359122,-0.139114099083,0.));
#18831 = ADVANCED_FACE('',(#18832),#18843,.F.);
#18832 = FACE_BOUND('',#18833,.F.);
#18833 = EDGE_LOOP('',(#18834,#18840,#18841,#18842));
#18834 = ORIENTED_EDGE('',*,*,#18835,.T.);
#18835 = EDGE_CURVE('',#2646,#7378,#18836,.T.);
#18836 = LINE('',#18837,#18838);
#18837 = CARTESIAN_POINT('',(-12.83654500817,-0.850009209616,0.));
#18838 = VECTOR('',#18839,1.);
#18839 = DIRECTION('',(0.,0.,1.));
#18840 = ORIENTED_EDGE('',*,*,#7385,.T.);
#18841 = ORIENTED_EDGE('',*,*,#18801,.F.);
#18842 = ORIENTED_EDGE('',*,*,#2653,.F.);
#18843 = PLANE('',#18844);
#18844 = AXIS2_PLACEMENT_3D('',#18845,#18846,#18847);
#18845 = CARTESIAN_POINT('',(-12.83654500817,-0.850009209616,0.));
#18846 = DIRECTION('',(0.408905073191,0.912576923398,-0.));
#18847 = DIRECTION('',(0.912576923398,-0.408905073191,0.));
#18848 = ADVANCED_FACE('',(#18849),#18860,.F.);
#18849 = FACE_BOUND('',#18850,.F.);
#18850 = EDGE_LOOP('',(#18851,#18852,#18853,#18859));
#18851 = ORIENTED_EDGE('',*,*,#18820,.T.);
#18852 = ORIENTED_EDGE('',*,*,#7033,.T.);
#18853 = ORIENTED_EDGE('',*,*,#18854,.F.);
#18854 = EDGE_CURVE('',#2302,#7034,#18855,.T.);
#18855 = LINE('',#18856,#18857);
#18856 = CARTESIAN_POINT('',(-12.40774058662,5.319583962594,0.));
#18857 = VECTOR('',#18858,1.);
#18858 = DIRECTION('',(0.,0.,1.));
#18859 = ORIENTED_EDGE('',*,*,#2301,.F.);
#18860 = PLANE('',#18861);
#18861 = AXIS2_PLACEMENT_3D('',#18862,#18863,#18864);
#18862 = CARTESIAN_POINT('',(-12.2728277866,5.623850826635,0.));
#18863 = DIRECTION('',(0.914164586393,-0.405343199011,0.));
#18864 = DIRECTION('',(-0.405343199011,-0.914164586393,0.));
#18865 = ADVANCED_FACE('',(#18866),#18877,.F.);
#18866 = FACE_BOUND('',#18867,.F.);
#18867 = EDGE_LOOP('',(#18868,#18874,#18875,#18876));
#18868 = ORIENTED_EDGE('',*,*,#18869,.T.);
#18869 = EDGE_CURVE('',#2638,#7370,#18870,.T.);
#18870 = LINE('',#18871,#18872);
#18871 = CARTESIAN_POINT('',(-13.00067358041,-0.770618359215,0.));
#18872 = VECTOR('',#18873,1.);
#18873 = DIRECTION('',(0.,0.,1.));
#18874 = ORIENTED_EDGE('',*,*,#7377,.T.);
#18875 = ORIENTED_EDGE('',*,*,#18835,.F.);
#18876 = ORIENTED_EDGE('',*,*,#2645,.F.);
#18877 = PLANE('',#18878);
#18878 = AXIS2_PLACEMENT_3D('',#18879,#18880,#18881);
#18879 = CARTESIAN_POINT('',(-13.00067358041,-0.770618359215,0.));
#18880 = DIRECTION('',(0.435444481382,0.900215587309,-0.));
#18881 = DIRECTION('',(0.900215587309,-0.435444481382,0.));
#18882 = ADVANCED_FACE('',(#18883),#18894,.F.);
#18883 = FACE_BOUND('',#18884,.F.);
#18884 = EDGE_LOOP('',(#18885,#18886,#18887,#18893));
#18885 = ORIENTED_EDGE('',*,*,#18854,.T.);
#18886 = ORIENTED_EDGE('',*,*,#7041,.T.);
#18887 = ORIENTED_EDGE('',*,*,#18888,.F.);
#18888 = EDGE_CURVE('',#2310,#7042,#18889,.T.);
#18889 = LINE('',#18890,#18891);
#18890 = CARTESIAN_POINT('',(-12.53511140104,5.012083614962,0.));
#18891 = VECTOR('',#18892,1.);
#18892 = DIRECTION('',(0.,0.,1.));
#18893 = ORIENTED_EDGE('',*,*,#2309,.F.);
#18894 = PLANE('',#18895);
#18895 = AXIS2_PLACEMENT_3D('',#18896,#18897,#18898);
#18896 = CARTESIAN_POINT('',(-12.40774058662,5.319583962594,0.));
#18897 = DIRECTION('',(0.923879532511,-0.382683432365,0.));
#18898 = DIRECTION('',(-0.382683432365,-0.923879532511,0.));
#18899 = ADVANCED_FACE('',(#18900),#18911,.F.);
#18900 = FACE_BOUND('',#18901,.F.);
#18901 = EDGE_LOOP('',(#18902,#18908,#18909,#18910));
#18902 = ORIENTED_EDGE('',*,*,#18903,.T.);
#18903 = EDGE_CURVE('',#2630,#7362,#18904,.T.);
#18904 = LINE('',#18905,#18906);
#18905 = CARTESIAN_POINT('',(-13.16448748382,-0.68560619399,0.));
#18906 = VECTOR('',#18907,1.);
#18907 = DIRECTION('',(0.,0.,1.));
#18908 = ORIENTED_EDGE('',*,*,#7369,.T.);
#18909 = ORIENTED_EDGE('',*,*,#18869,.F.);
#18910 = ORIENTED_EDGE('',*,*,#2637,.F.);
#18911 = PLANE('',#18912);
#18912 = AXIS2_PLACEMENT_3D('',#18913,#18914,#18915);
#18913 = CARTESIAN_POINT('',(-13.16448748382,-0.68560619399,0.));
#18914 = DIRECTION('',(0.460622981935,0.887595892574,-0.));
#18915 = DIRECTION('',(0.887595892574,-0.460622981935,0.));
#18916 = ADVANCED_FACE('',(#18917),#18928,.F.);
#18917 = FACE_BOUND('',#18918,.F.);
#18918 = EDGE_LOOP('',(#18919,#18920,#18921,#18927));
#18919 = ORIENTED_EDGE('',*,*,#18888,.T.);
#18920 = ORIENTED_EDGE('',*,*,#7049,.T.);
#18921 = ORIENTED_EDGE('',*,*,#18922,.F.);
#18922 = EDGE_CURVE('',#2318,#7050,#18923,.T.);
#18923 = LINE('',#18924,#18925);
#18924 = CARTESIAN_POINT('',(-12.65486280814,4.70153669635,0.));
#18925 = VECTOR('',#18926,1.);
#18926 = DIRECTION('',(0.,0.,1.));
#18927 = ORIENTED_EDGE('',*,*,#2317,.F.);
#18928 = PLANE('',#18929);
#18929 = AXIS2_PLACEMENT_3D('',#18930,#18931,#18932);
#18930 = CARTESIAN_POINT('',(-12.53511140104,5.012083614962,0.));
#18931 = DIRECTION('',(0.933032902888,-0.359791053431,0.));
#18932 = DIRECTION('',(-0.359791053431,-0.933032902888,0.));
#18933 = ADVANCED_FACE('',(#18934),#18945,.F.);
#18934 = FACE_BOUND('',#18935,.F.);
#18935 = EDGE_LOOP('',(#18936,#18942,#18943,#18944));
#18936 = ORIENTED_EDGE('',*,*,#18937,.T.);
#18937 = EDGE_CURVE('',#2622,#7354,#18938,.T.);
#18938 = LINE('',#18939,#18940);
#18939 = CARTESIAN_POINT('',(-13.32788572911,-0.595085279735,0.));
#18940 = VECTOR('',#18941,1.);
#18941 = DIRECTION('',(0.,0.,1.));
#18942 = ORIENTED_EDGE('',*,*,#7361,.T.);
#18943 = ORIENTED_EDGE('',*,*,#18903,.F.);
#18944 = ORIENTED_EDGE('',*,*,#2629,.F.);
#18945 = PLANE('',#18946);
#18946 = AXIS2_PLACEMENT_3D('',#18947,#18948,#18949);
#18947 = CARTESIAN_POINT('',(-13.32788572911,-0.595085279735,0.));
#18948 = DIRECTION('',(0.48459578968,0.874738201192,-0.));
#18949 = DIRECTION('',(0.874738201192,-0.48459578968,0.));
#18950 = ADVANCED_FACE('',(#18951),#18962,.F.);
#18951 = FACE_BOUND('',#18952,.F.);
#18952 = EDGE_LOOP('',(#18953,#18954,#18955,#18961));
#18953 = ORIENTED_EDGE('',*,*,#18922,.T.);
#18954 = ORIENTED_EDGE('',*,*,#7057,.T.);
#18955 = ORIENTED_EDGE('',*,*,#18956,.F.);
#18956 = EDGE_CURVE('',#2326,#7058,#18957,.T.);
#18957 = LINE('',#18958,#18959);
#18958 = CARTESIAN_POINT('',(-12.54109011417,4.55057394694,0.));
#18959 = VECTOR('',#18960,1.);
#18960 = DIRECTION('',(0.,0.,1.));
#18961 = ORIENTED_EDGE('',*,*,#2325,.F.);
#18962 = PLANE('',#18963);
#18963 = AXIS2_PLACEMENT_3D('',#18964,#18965,#18966);
#18964 = CARTESIAN_POINT('',(-12.65486280814,4.70153669635,0.));
#18965 = DIRECTION('',(0.798599651604,0.601862605964,-0.));
#18966 = DIRECTION('',(0.601862605964,-0.798599651604,0.));
#18967 = ADVANCED_FACE('',(#18968),#18979,.F.);
#18968 = FACE_BOUND('',#18969,.F.);
#18969 = EDGE_LOOP('',(#18970,#18976,#18977,#18978));
#18970 = ORIENTED_EDGE('',*,*,#18971,.T.);
#18971 = EDGE_CURVE('',#2614,#7346,#18972,.T.);
#18972 = LINE('',#18973,#18974);
#18973 = CARTESIAN_POINT('',(-13.49076893553,-0.49915281042,0.));
#18974 = VECTOR('',#18975,1.);
#18975 = DIRECTION('',(0.,0.,1.));
#18976 = ORIENTED_EDGE('',*,*,#7353,.T.);
#18977 = ORIENTED_EDGE('',*,*,#18937,.F.);
#18978 = ORIENTED_EDGE('',*,*,#2621,.F.);
#18979 = PLANE('',#18980);
#18980 = AXIS2_PLACEMENT_3D('',#18981,#18982,#18983);
#18981 = CARTESIAN_POINT('',(-13.49076893553,-0.49915281042,0.));
#18982 = DIRECTION('',(0.507487024925,0.861659398796,-0.));
#18983 = DIRECTION('',(0.861659398796,-0.507487024925,0.));
#18984 = ADVANCED_FACE('',(#18985),#18996,.F.);
#18985 = FACE_BOUND('',#18986,.F.);
#18986 = EDGE_LOOP('',(#18987,#18988,#18989,#18995));
#18987 = ORIENTED_EDGE('',*,*,#18956,.T.);
#18988 = ORIENTED_EDGE('',*,*,#7065,.T.);
#18989 = ORIENTED_EDGE('',*,*,#18990,.F.);
#18990 = EDGE_CURVE('',#2334,#7066,#18991,.T.);
#18991 = LINE('',#18992,#18993);
#18992 = CARTESIAN_POINT('',(-12.42477067387,4.404413725648,0.));
#18993 = VECTOR('',#18994,1.);
#18994 = DIRECTION('',(0.,0.,1.));
#18995 = ORIENTED_EDGE('',*,*,#2333,.F.);
#18996 = PLANE('',#18997);
#18997 = AXIS2_PLACEMENT_3D('',#18998,#18999,#19000);
#18998 = CARTESIAN_POINT('',(-12.54109011417,4.55057394694,0.));
#18999 = DIRECTION('',(0.78245594888,0.622705940282,-0.));
#19000 = DIRECTION('',(0.622705940282,-0.78245594888,0.));
#19001 = ADVANCED_FACE('',(#19002),#19013,.F.);
#19002 = FACE_BOUND('',#19003,.F.);
#19003 = EDGE_LOOP('',(#19004,#19010,#19011,#19012));
#19004 = ORIENTED_EDGE('',*,*,#19005,.T.);
#19005 = EDGE_CURVE('',#2606,#7338,#19006,.T.);
#19006 = LINE('',#19007,#19008);
#19007 = CARTESIAN_POINT('',(-13.49897422225,-0.166417988932,0.));
#19008 = VECTOR('',#19009,1.);
#19009 = DIRECTION('',(0.,0.,1.));
#19010 = ORIENTED_EDGE('',*,*,#7345,.T.);
#19011 = ORIENTED_EDGE('',*,*,#18971,.F.);
#19012 = ORIENTED_EDGE('',*,*,#2613,.F.);
#19013 = PLANE('',#19014);
#19014 = AXIS2_PLACEMENT_3D('',#19015,#19016,#19017);
#19015 = CARTESIAN_POINT('',(-13.49897422225,-0.166417988932,0.));
#19016 = DIRECTION('',(0.999696077399,2.465264354143E-02,-0.));
#19017 = DIRECTION('',(2.465264354143E-02,-0.999696077399,0.));
#19018 = ADVANCED_FACE('',(#19019),#19030,.F.);
#19019 = FACE_BOUND('',#19020,.F.);
#19020 = EDGE_LOOP('',(#19021,#19022,#19023,#19029));
#19021 = ORIENTED_EDGE('',*,*,#18990,.T.);
#19022 = ORIENTED_EDGE('',*,*,#7073,.T.);
#19023 = ORIENTED_EDGE('',*,*,#19024,.F.);
#19024 = EDGE_CURVE('',#2342,#7074,#19025,.T.);
#19025 = LINE('',#19026,#19027);
#19026 = CARTESIAN_POINT('',(-12.30595910855,4.263183859355,0.));
#19027 = VECTOR('',#19028,1.);
#19028 = DIRECTION('',(0.,0.,1.));
#19029 = ORIENTED_EDGE('',*,*,#2341,.F.);
#19030 = PLANE('',#19031);
#19031 = AXIS2_PLACEMENT_3D('',#19032,#19033,#19034);
#19032 = CARTESIAN_POINT('',(-12.42477067387,4.404413725648,0.));
#19033 = DIRECTION('',(0.765228387937,0.643758894537,-0.));
#19034 = DIRECTION('',(0.643758894537,-0.765228387937,0.));
#19035 = ADVANCED_FACE('',(#19036),#19047,.F.);
#19036 = FACE_BOUND('',#19037,.F.);
#19037 = EDGE_LOOP('',(#19038,#19044,#19045,#19046));
#19038 = ORIENTED_EDGE('',*,*,#19039,.T.);
#19039 = EDGE_CURVE('',#2598,#7330,#19040,.T.);
#19040 = LINE('',#19041,#19042);
#19041 = CARTESIAN_POINT('',(-13.49897422225,0.166417988932,0.));
#19042 = VECTOR('',#19043,1.);
#19043 = DIRECTION('',(0.,0.,1.));
#19044 = ORIENTED_EDGE('',*,*,#7337,.T.);
#19045 = ORIENTED_EDGE('',*,*,#19005,.F.);
#19046 = ORIENTED_EDGE('',*,*,#2605,.F.);
#19047 = PLANE('',#19048);
#19048 = AXIS2_PLACEMENT_3D('',#19049,#19050,#19051);
#19049 = CARTESIAN_POINT('',(-13.49897422225,0.166417988932,0.));
#19050 = DIRECTION('',(1.,0.,-0.));
#19051 = DIRECTION('',(0.,-1.,0.));
#19052 = ADVANCED_FACE('',(#19053),#19064,.F.);
#19053 = FACE_BOUND('',#19054,.F.);
#19054 = EDGE_LOOP('',(#19055,#19056,#19057,#19063));
#19055 = ORIENTED_EDGE('',*,*,#19024,.T.);
#19056 = ORIENTED_EDGE('',*,*,#7081,.T.);
#19057 = ORIENTED_EDGE('',*,*,#19058,.F.);
#19058 = EDGE_CURVE('',#2350,#7082,#19059,.T.);
#19059 = LINE('',#19060,#19061);
#19060 = CARTESIAN_POINT('',(-12.18470564308,4.127026992226,0.));
#19061 = VECTOR('',#19062,1.);
#19062 = DIRECTION('',(0.,0.,1.));
#19063 = ORIENTED_EDGE('',*,*,#2349,.F.);
#19064 = PLANE('',#19065);
#19065 = AXIS2_PLACEMENT_3D('',#19066,#19067,#19068);
#19066 = CARTESIAN_POINT('',(-12.30595910855,4.263183859355,0.));
#19067 = DIRECTION('',(0.746795834713,0.665053367223,-0.));
#19068 = DIRECTION('',(0.665053367223,-0.746795834713,0.));
#19069 = ADVANCED_FACE('',(#19070),#19081,.F.);
#19070 = FACE_BOUND('',#19071,.F.);
#19071 = EDGE_LOOP('',(#19072,#19078,#19079,#19080));
#19072 = ORIENTED_EDGE('',*,*,#19073,.T.);
#19073 = EDGE_CURVE('',#2590,#7322,#19074,.T.);
#19074 = LINE('',#19075,#19076);
#19075 = CARTESIAN_POINT('',(-13.49076893553,0.49915281042,0.));
#19076 = VECTOR('',#19077,1.);
#19077 = DIRECTION('',(0.,0.,1.));
#19078 = ORIENTED_EDGE('',*,*,#7329,.T.);
#19079 = ORIENTED_EDGE('',*,*,#19039,.F.);
#19080 = ORIENTED_EDGE('',*,*,#2597,.F.);
#19081 = PLANE('',#19082);
#19082 = AXIS2_PLACEMENT_3D('',#19083,#19084,#19085);
#19083 = CARTESIAN_POINT('',(-13.49076893553,0.49915281042,0.));
#19084 = DIRECTION('',(0.999696077399,-2.465264354143E-02,0.));
#19085 = DIRECTION('',(-2.465264354143E-02,-0.999696077399,0.));
#19086 = ADVANCED_FACE('',(#19087),#19098,.F.);
#19087 = FACE_BOUND('',#19088,.F.);
#19088 = EDGE_LOOP('',(#19089,#19090,#19091,#19097));
#19089 = ORIENTED_EDGE('',*,*,#19058,.T.);
#19090 = ORIENTED_EDGE('',*,*,#7089,.T.);
#19091 = ORIENTED_EDGE('',*,*,#19092,.F.);
#19092 = EDGE_CURVE('',#2358,#7090,#19093,.T.);
#19093 = LINE('',#19094,#19095);
#19094 = CARTESIAN_POINT('',(-12.0610548322,3.996104917217,0.));
#19095 = VECTOR('',#19096,1.);
#19096 = DIRECTION('',(0.,0.,1.));
#19097 = ORIENTED_EDGE('',*,*,#2357,.F.);
#19098 = PLANE('',#19099);
#19099 = AXIS2_PLACEMENT_3D('',#19100,#19101,#19102);
#19100 = CARTESIAN_POINT('',(-12.18470564308,4.127026992226,0.));
#19101 = DIRECTION('',(0.727007097204,0.68662994445,-0.));
#19102 = DIRECTION('',(0.68662994445,-0.727007097204,0.));
#19103 = ADVANCED_FACE('',(#19104),#19115,.F.);
#19104 = FACE_BOUND('',#19105,.F.);
#19105 = EDGE_LOOP('',(#19106,#19112,#19113,#19114));
#19106 = ORIENTED_EDGE('',*,*,#19107,.T.);
#19107 = EDGE_CURVE('',#2582,#7314,#19108,.T.);
#19108 = LINE('',#19109,#19110);
#19109 = CARTESIAN_POINT('',(-13.32788572911,0.595085279735,0.));
#19110 = VECTOR('',#19111,1.);
#19111 = DIRECTION('',(0.,0.,1.));
#19112 = ORIENTED_EDGE('',*,*,#7321,.T.);
#19113 = ORIENTED_EDGE('',*,*,#19073,.F.);
#19114 = ORIENTED_EDGE('',*,*,#2589,.F.);
#19115 = PLANE('',#19116);
#19116 = AXIS2_PLACEMENT_3D('',#19117,#19118,#19119);
#19117 = CARTESIAN_POINT('',(-13.32788572911,0.595085279735,0.));
#19118 = DIRECTION('',(0.507487024925,-0.861659398796,0.));
#19119 = DIRECTION('',(-0.861659398796,-0.507487024925,0.));
#19120 = ADVANCED_FACE('',(#19121),#19132,.F.);
#19121 = FACE_BOUND('',#19122,.F.);
#19122 = EDGE_LOOP('',(#19123,#19124,#19125,#19131));
#19123 = ORIENTED_EDGE('',*,*,#19092,.T.);
#19124 = ORIENTED_EDGE('',*,*,#7097,.T.);
#19125 = ORIENTED_EDGE('',*,*,#19126,.F.);
#19126 = EDGE_CURVE('',#2366,#7098,#19127,.T.);
#19127 = LINE('',#19128,#19129);
#19128 = CARTESIAN_POINT('',(-11.93504379538,3.870604619015,0.));
#19129 = VECTOR('',#19130,1.);
#19130 = DIRECTION('',(0.,0.,1.));
#19131 = ORIENTED_EDGE('',*,*,#2365,.F.);
#19132 = PLANE('',#19133);
#19133 = AXIS2_PLACEMENT_3D('',#19134,#19135,#19136);
#19134 = CARTESIAN_POINT('',(-12.0610548322,3.996104917217,0.));
#19135 = DIRECTION('',(0.705669419815,0.708541226703,-0.));
#19136 = DIRECTION('',(0.708541226703,-0.705669419815,0.));
#19137 = ADVANCED_FACE('',(#19138),#19149,.F.);
#19138 = FACE_BOUND('',#19139,.F.);
#19139 = EDGE_LOOP('',(#19140,#19146,#19147,#19148));
#19140 = ORIENTED_EDGE('',*,*,#19141,.T.);
#19141 = EDGE_CURVE('',#2574,#7306,#19142,.T.);
#19142 = LINE('',#19143,#19144);
#19143 = CARTESIAN_POINT('',(-13.16448748382,0.68560619399,0.));
#19144 = VECTOR('',#19145,1.);
#19145 = DIRECTION('',(0.,0.,1.));
#19146 = ORIENTED_EDGE('',*,*,#7313,.T.);
#19147 = ORIENTED_EDGE('',*,*,#19107,.F.);
#19148 = ORIENTED_EDGE('',*,*,#2581,.F.);
#19149 = PLANE('',#19150);
#19150 = AXIS2_PLACEMENT_3D('',#19151,#19152,#19153);
#19151 = CARTESIAN_POINT('',(-13.16448748382,0.68560619399,0.));
#19152 = DIRECTION('',(0.48459578968,-0.874738201192,0.));
#19153 = DIRECTION('',(-0.874738201192,-0.48459578968,0.));
#19154 = ADVANCED_FACE('',(#19155),#19166,.F.);
#19155 = FACE_BOUND('',#19156,.F.);
#19156 = EDGE_LOOP('',(#19157,#19158,#19159,#19165));
#19157 = ORIENTED_EDGE('',*,*,#19126,.T.);
#19158 = ORIENTED_EDGE('',*,*,#7105,.T.);
#19159 = ORIENTED_EDGE('',*,*,#19160,.F.);
#19160 = EDGE_CURVE('',#2374,#7106,#19161,.T.);
#19161 = LINE('',#19162,#19163);
#19162 = CARTESIAN_POINT('',(-11.80669968395,3.750746991655,0.));
#19163 = VECTOR('',#19164,1.);
#19164 = DIRECTION('',(0.,0.,1.));
#19165 = ORIENTED_EDGE('',*,*,#2373,.F.);
#19166 = PLANE('',#19167);
#19167 = AXIS2_PLACEMENT_3D('',#19168,#19169,#19170);
#19168 = CARTESIAN_POINT('',(-11.93504379538,3.870604619015,0.));
#19169 = DIRECTION('',(0.682530619474,0.730856999337,-0.));
#19170 = DIRECTION('',(0.730856999337,-0.682530619474,0.));
#19171 = ADVANCED_FACE('',(#19172),#19183,.F.);
#19172 = FACE_BOUND('',#19173,.F.);
#19173 = EDGE_LOOP('',(#19174,#19180,#19181,#19182));
#19174 = ORIENTED_EDGE('',*,*,#19175,.T.);
#19175 = EDGE_CURVE('',#2566,#7298,#19176,.T.);
#19176 = LINE('',#19177,#19178);
#19177 = CARTESIAN_POINT('',(-13.00067358041,0.770618359216,0.));
#19178 = VECTOR('',#19179,1.);
#19179 = DIRECTION('',(0.,0.,1.));
#19180 = ORIENTED_EDGE('',*,*,#7305,.T.);
#19181 = ORIENTED_EDGE('',*,*,#19141,.F.);
#19182 = ORIENTED_EDGE('',*,*,#2573,.F.);
#19183 = PLANE('',#19184);
#19184 = AXIS2_PLACEMENT_3D('',#19185,#19186,#19187);
#19185 = CARTESIAN_POINT('',(-13.00067358041,0.770618359216,0.));
#19186 = DIRECTION('',(0.460622981935,-0.887595892574,0.));
#19187 = DIRECTION('',(-0.887595892574,-0.460622981935,0.));
#19188 = ADVANCED_FACE('',(#19189),#19200,.F.);
#19189 = FACE_BOUND('',#19190,.F.);
#19190 = EDGE_LOOP('',(#19191,#19192,#19193,#19199));
#19191 = ORIENTED_EDGE('',*,*,#19160,.T.);
#19192 = ORIENTED_EDGE('',*,*,#7113,.T.);
#19193 = ORIENTED_EDGE('',*,*,#19194,.F.);
#19194 = EDGE_CURVE('',#2382,#7114,#19195,.T.);
#19195 = LINE('',#19196,#19197);
#19196 = CARTESIAN_POINT('',(-11.6760358872,3.636799947691,0.));
#19197 = VECTOR('',#19198,1.);
#19198 = DIRECTION('',(0.,0.,1.));
#19199 = ORIENTED_EDGE('',*,*,#2381,.F.);
#19200 = PLANE('',#19201);
#19201 = AXIS2_PLACEMENT_3D('',#19202,#19203,#19204);
#19202 = CARTESIAN_POINT('',(-11.80669968395,3.750746991655,0.));
#19203 = DIRECTION('',(0.657249948765,0.753672677526,-0.));
#19204 = DIRECTION('',(0.753672677526,-0.657249948765,0.));
#19205 = ADVANCED_FACE('',(#19206),#19217,.F.);
#19206 = FACE_BOUND('',#19207,.F.);
#19207 = EDGE_LOOP('',(#19208,#19214,#19215,#19216));
#19208 = ORIENTED_EDGE('',*,*,#19209,.T.);
#19209 = EDGE_CURVE('',#2558,#7290,#19210,.T.);
#19210 = LINE('',#19211,#19212);
#19211 = CARTESIAN_POINT('',(-12.83654500817,0.850009209616,0.));
#19212 = VECTOR('',#19213,1.);
#19213 = DIRECTION('',(0.,0.,1.));
#19214 = ORIENTED_EDGE('',*,*,#7297,.T.);
#19215 = ORIENTED_EDGE('',*,*,#19175,.F.);
#19216 = ORIENTED_EDGE('',*,*,#2565,.F.);
#19217 = PLANE('',#19218);
#19218 = AXIS2_PLACEMENT_3D('',#19219,#19220,#19221);
#19219 = CARTESIAN_POINT('',(-12.83654500817,0.850009209616,0.));
#19220 = DIRECTION('',(0.435444481382,-0.900215587309,0.));
#19221 = DIRECTION('',(-0.900215587309,-0.435444481382,0.));
#19222 = ADVANCED_FACE('',(#19223),#19234,.F.);
#19223 = FACE_BOUND('',#19224,.F.);
#19224 = EDGE_LOOP('',(#19225,#19226,#19227,#19233));
#19225 = ORIENTED_EDGE('',*,*,#19194,.T.);
#19226 = ORIENTED_EDGE('',*,*,#7121,.T.);
#19227 = ORIENTED_EDGE('',*,*,#19228,.F.);
#19228 = EDGE_CURVE('',#2390,#7122,#19229,.T.);
#19229 = LINE('',#19230,#19231);
#19230 = CARTESIAN_POINT('',(-11.54304603495,3.529099202099,0.));
#19231 = VECTOR('',#19232,1.);
#19232 = DIRECTION('',(0.,0.,1.));
#19233 = ORIENTED_EDGE('',*,*,#2389,.F.);
#19234 = PLANE('',#19235);
#19235 = AXIS2_PLACEMENT_3D('',#19236,#19237,#19238);
#19236 = CARTESIAN_POINT('',(-11.6760358872,3.636799947691,0.));
#19237 = DIRECTION('',(0.629347518484,0.77712399331,-0.));
#19238 = DIRECTION('',(0.77712399331,-0.629347518484,0.));
#19239 = ADVANCED_FACE('',(#19240),#19251,.F.);
#19240 = FACE_BOUND('',#19241,.F.);
#19241 = EDGE_LOOP('',(#19242,#19248,#19249,#19250));
#19242 = ORIENTED_EDGE('',*,*,#19243,.T.);
#19243 = EDGE_CURVE('',#2550,#7282,#19244,.T.);
#19244 = LINE('',#19245,#19246);
#19245 = CARTESIAN_POINT('',(-12.67220484577,0.923646318345,0.));
#19246 = VECTOR('',#19247,1.);
#19247 = DIRECTION('',(0.,0.,1.));
#19248 = ORIENTED_EDGE('',*,*,#7289,.T.);
#19249 = ORIENTED_EDGE('',*,*,#19209,.F.);
#19250 = ORIENTED_EDGE('',*,*,#2557,.F.);
#19251 = PLANE('',#19252);
#19252 = AXIS2_PLACEMENT_3D('',#19253,#19254,#19255);
#19253 = CARTESIAN_POINT('',(-12.67220484577,0.923646318345,0.));
#19254 = DIRECTION('',(0.408905073191,-0.912576923398,0.));
#19255 = DIRECTION('',(-0.912576923398,-0.408905073191,0.));
#19256 = ADVANCED_FACE('',(#19257),#19268,.F.);
#19257 = FACE_BOUND('',#19258,.F.);
#19258 = EDGE_LOOP('',(#19259,#19260,#19261,#19267));
#19259 = ORIENTED_EDGE('',*,*,#19228,.T.);
#19260 = ORIENTED_EDGE('',*,*,#7129,.T.);
#19261 = ORIENTED_EDGE('',*,*,#19262,.F.);
#19262 = EDGE_CURVE('',#2398,#7130,#19263,.T.);
#19263 = LINE('',#19264,#19265);
#19264 = CARTESIAN_POINT('',(-11.40769382111,3.428083610407,0.));
#19265 = VECTOR('',#19266,1.);
#19266 = DIRECTION('',(0.,0.,1.));
#19267 = ORIENTED_EDGE('',*,*,#2397,.F.);
#19268 = PLANE('',#19269);
#19269 = AXIS2_PLACEMENT_3D('',#19270,#19271,#19272);
#19270 = CARTESIAN_POINT('',(-11.54304603495,3.529099202099,0.));
#19271 = DIRECTION('',(0.598109044208,0.801414731108,-0.));
#19272 = DIRECTION('',(0.801414731108,-0.598109044208,0.));
#19273 = ADVANCED_FACE('',(#19274),#19285,.F.);
#19274 = FACE_BOUND('',#19275,.F.);
#19275 = EDGE_LOOP('',(#19276,#19282,#19283,#19284));
#19276 = ORIENTED_EDGE('',*,*,#19277,.T.);
#19277 = EDGE_CURVE('',#2542,#7274,#19278,.T.);
#19278 = LINE('',#19279,#19280);
#19279 = CARTESIAN_POINT('',(-12.50775894311,0.991371139094,0.));
#19280 = VECTOR('',#19281,1.);
#19281 = DIRECTION('',(0.,0.,1.));
#19282 = ORIENTED_EDGE('',*,*,#7281,.T.);
#19283 = ORIENTED_EDGE('',*,*,#19243,.F.);
#19284 = ORIENTED_EDGE('',*,*,#2549,.F.);
#19285 = PLANE('',#19286);
#19286 = AXIS2_PLACEMENT_3D('',#19287,#19288,#19289);
#19287 = CARTESIAN_POINT('',(-12.50775894311,0.991371139094,0.));
#19288 = DIRECTION('',(0.380806545079,-0.924654732981,0.));
#19289 = DIRECTION('',(-0.924654732981,-0.380806545079,0.));
#19290 = ADVANCED_FACE('',(#19291),#19302,.F.);
#19291 = FACE_BOUND('',#19292,.F.);
#19292 = EDGE_LOOP('',(#19293,#19294,#19295,#19301));
#19293 = ORIENTED_EDGE('',*,*,#19262,.T.);
#19294 = ORIENTED_EDGE('',*,*,#7137,.T.);
#19295 = ORIENTED_EDGE('',*,*,#19296,.F.);
#19296 = EDGE_CURVE('',#2406,#7138,#19297,.T.);
#19297 = LINE('',#19298,#19299);
#19298 = CARTESIAN_POINT('',(-11.26989395877,3.334361392412,0.));
#19299 = VECTOR('',#19300,1.);
#19300 = DIRECTION('',(0.,0.,1.));
#19301 = ORIENTED_EDGE('',*,*,#2405,.F.);
#19302 = PLANE('',#19303);
#19303 = AXIS2_PLACEMENT_3D('',#19304,#19305,#19306);
#19304 = CARTESIAN_POINT('',(-11.40769382111,3.428083610407,0.));
#19305 = DIRECTION('',(0.56238515569,0.826875405765,-0.));
#19306 = DIRECTION('',(0.826875405765,-0.56238515569,0.));
#19307 = ADVANCED_FACE('',(#19308),#19319,.F.);
#19308 = FACE_BOUND('',#19309,.F.);
#19309 = EDGE_LOOP('',(#19310,#19316,#19317,#19318));
#19310 = ORIENTED_EDGE('',*,*,#19311,.T.);
#19311 = EDGE_CURVE('',#2534,#7266,#19312,.T.);
#19312 = LINE('',#19313,#19314);
#19313 = CARTESIAN_POINT('',(-12.34331691721,1.052989982741,0.));
#19314 = VECTOR('',#19315,1.);
#19315 = DIRECTION('',(0.,0.,1.));
#19316 = ORIENTED_EDGE('',*,*,#7273,.T.);
#19317 = ORIENTED_EDGE('',*,*,#19277,.F.);
#19318 = ORIENTED_EDGE('',*,*,#2541,.F.);
#19319 = PLANE('',#19320);
#19320 = AXIS2_PLACEMENT_3D('',#19321,#19322,#19323);
#19321 = CARTESIAN_POINT('',(-12.34331691721,1.052989982741,0.));
#19322 = DIRECTION('',(0.35088920457,-0.936416983035,0.));
#19323 = DIRECTION('',(-0.936416983035,-0.35088920457,0.));
#19324 = ADVANCED_FACE('',(#19325),#19336,.F.);
#19325 = FACE_BOUND('',#19326,.F.);
#19326 = EDGE_LOOP('',(#19327,#19328,#19329,#19335));
#19327 = ORIENTED_EDGE('',*,*,#19296,.T.);
#19328 = ORIENTED_EDGE('',*,*,#7145,.T.);
#19329 = ORIENTED_EDGE('',*,*,#19330,.F.);
#19330 = EDGE_CURVE('',#2414,#7146,#19331,.T.);
#19331 = LINE('',#19332,#19333);
#19332 = CARTESIAN_POINT('',(-11.12947088908,3.248853831045,0.));
#19333 = VECTOR('',#19334,1.);
#19334 = DIRECTION('',(0.,0.,1.));
#19335 = ORIENTED_EDGE('',*,*,#2413,.F.);
#19336 = PLANE('',#19337);
#19337 = AXIS2_PLACEMENT_3D('',#19338,#19339,#19340);
#19338 = CARTESIAN_POINT('',(-11.26989395877,3.334361392412,0.));
#19339 = DIRECTION('',(0.520091839346,0.854110343367,-0.));
#19340 = DIRECTION('',(0.854110343367,-0.520091839346,0.));
#19341 = ADVANCED_FACE('',(#19342),#19353,.F.);
#19342 = FACE_BOUND('',#19343,.F.);
#19343 = EDGE_LOOP('',(#19344,#19350,#19351,#19352));
#19344 = ORIENTED_EDGE('',*,*,#19345,.T.);
#19345 = EDGE_CURVE('',#2526,#7258,#19346,.T.);
#19346 = LINE('',#19347,#19348);
#19347 = CARTESIAN_POINT('',(-12.17899366386,1.108260454223,0.));
#19348 = VECTOR('',#19349,1.);
#19349 = DIRECTION('',(0.,0.,1.));
#19350 = ORIENTED_EDGE('',*,*,#7265,.T.);
#19351 = ORIENTED_EDGE('',*,*,#19311,.F.);
#19352 = ORIENTED_EDGE('',*,*,#2533,.F.);
#19353 = PLANE('',#19354);
#19354 = AXIS2_PLACEMENT_3D('',#19355,#19356,#19357);
#19355 = CARTESIAN_POINT('',(-12.17899366386,1.108260454223,0.));
#19356 = DIRECTION('',(0.318801728293,-0.947821427294,0.));
#19357 = DIRECTION('',(-0.947821427294,-0.318801728293,0.));
#19358 = ADVANCED_FACE('',(#19359),#19370,.F.);
#19359 = FACE_BOUND('',#19360,.F.);
#19360 = EDGE_LOOP('',(#19361,#19362,#19363,#19369));
#19361 = ORIENTED_EDGE('',*,*,#19330,.T.);
#19362 = ORIENTED_EDGE('',*,*,#7153,.T.);
#19363 = ORIENTED_EDGE('',*,*,#19364,.F.);
#19364 = EDGE_CURVE('',#2422,#7154,#19365,.T.);
#19365 = LINE('',#19366,#19367);
#19366 = CARTESIAN_POINT('',(-10.9860431222,3.173197964398,0.));
#19367 = VECTOR('',#19368,1.);
#19368 = DIRECTION('',(0.,0.,1.));
#19369 = ORIENTED_EDGE('',*,*,#2421,.F.);
#19370 = PLANE('',#19371);
#19371 = AXIS2_PLACEMENT_3D('',#19372,#19373,#19374);
#19372 = CARTESIAN_POINT('',(-11.12947088908,3.248853831045,0.));
#19373 = DIRECTION('',(0.46655544347,0.884491954835,-0.));
#19374 = DIRECTION('',(0.884491954835,-0.46655544347,0.));
#19375 = ADVANCED_FACE('',(#19376),#19387,.F.);
#19376 = FACE_BOUND('',#19377,.F.);
#19377 = EDGE_LOOP('',(#19378,#19384,#19385,#19386));
#19378 = ORIENTED_EDGE('',*,*,#19379,.T.);
#19379 = EDGE_CURVE('',#2518,#7250,#19380,.T.);
#19380 = LINE('',#19381,#19382);
#19381 = CARTESIAN_POINT('',(-12.01491177034,1.156869955583,0.));
#19382 = VECTOR('',#19383,1.);
#19383 = DIRECTION('',(0.,0.,1.));
#19384 = ORIENTED_EDGE('',*,*,#7257,.T.);
#19385 = ORIENTED_EDGE('',*,*,#19345,.F.);
#19386 = ORIENTED_EDGE('',*,*,#2525,.F.);
#19387 = PLANE('',#19388);
#19388 = AXIS2_PLACEMENT_3D('',#19389,#19390,#19391);
#19389 = CARTESIAN_POINT('',(-12.01491177034,1.156869955583,0.));
#19390 = DIRECTION('',(0.284048814031,-0.958809820167,0.));
#19391 = DIRECTION('',(-0.958809820167,-0.284048814031,0.));
#19392 = ADVANCED_FACE('',(#19393),#19404,.F.);
#19393 = FACE_BOUND('',#19394,.F.);
#19394 = EDGE_LOOP('',(#19395,#19396,#19397,#19403));
#19395 = ORIENTED_EDGE('',*,*,#19364,.T.);
#19396 = ORIENTED_EDGE('',*,*,#7161,.T.);
#19397 = ORIENTED_EDGE('',*,*,#19398,.F.);
#19398 = EDGE_CURVE('',#2430,#7162,#19399,.T.);
#19399 = LINE('',#19400,#19401);
#19400 = CARTESIAN_POINT('',(-10.83833306477,3.112150071431,0.));
#19401 = VECTOR('',#19402,1.);
#19402 = DIRECTION('',(0.,0.,1.));
#19403 = ORIENTED_EDGE('',*,*,#2429,.F.);
#19404 = PLANE('',#19405);
#19405 = AXIS2_PLACEMENT_3D('',#19406,#19407,#19408);
#19406 = CARTESIAN_POINT('',(-10.9860431222,3.173197964398,0.));
#19407 = DIRECTION('',(0.38195906537,0.924179242562,-0.));
#19408 = DIRECTION('',(0.924179242562,-0.38195906537,0.));
#19409 = ADVANCED_FACE('',(#19410),#19421,.F.);
#19410 = FACE_BOUND('',#19411,.F.);
#19411 = EDGE_LOOP('',(#19412,#19418,#19419,#19420));
#19412 = ORIENTED_EDGE('',*,*,#19413,.T.);
#19413 = EDGE_CURVE('',#2510,#7242,#19414,.T.);
#19414 = LINE('',#19415,#19416);
#19415 = CARTESIAN_POINT('',(-11.85120563694,1.19839914344,0.));
#19416 = VECTOR('',#19417,1.);
#19417 = DIRECTION('',(0.,0.,1.));
#19418 = ORIENTED_EDGE('',*,*,#7249,.T.);
#19419 = ORIENTED_EDGE('',*,*,#19379,.F.);
#19420 = ORIENTED_EDGE('',*,*,#2517,.F.);
#19421 = PLANE('',#19422);
#19422 = AXIS2_PLACEMENT_3D('',#19423,#19424,#19425);
#19423 = CARTESIAN_POINT('',(-11.85120563694,1.19839914344,0.));
#19424 = DIRECTION('',(0.245892564105,-0.96929708909,0.));
#19425 = DIRECTION('',(-0.96929708909,-0.245892564105,0.));
#19426 = ADVANCED_FACE('',(#19427),#19438,.F.);
#19427 = FACE_BOUND('',#19428,.F.);
#19428 = EDGE_LOOP('',(#19429,#19430,#19431,#19437));
#19429 = ORIENTED_EDGE('',*,*,#19398,.T.);
#19430 = ORIENTED_EDGE('',*,*,#7169,.T.);
#19431 = ORIENTED_EDGE('',*,*,#19432,.F.);
#19432 = EDGE_CURVE('',#2438,#7170,#19433,.T.);
#19433 = LINE('',#19434,#19435);
#19434 = CARTESIAN_POINT('',(-9.731749091528,2.794402372519,0.));
#19435 = VECTOR('',#19436,1.);
#19436 = DIRECTION('',(0.,0.,1.));
#19437 = ORIENTED_EDGE('',*,*,#2437,.F.);
#19438 = PLANE('',#19439);
#19439 = AXIS2_PLACEMENT_3D('',#19440,#19441,#19442);
#19440 = CARTESIAN_POINT('',(-10.83833306477,3.112150071431,0.));
#19441 = DIRECTION('',(0.27599035778,0.961160404102,-0.));
#19442 = DIRECTION('',(0.961160404102,-0.27599035778,0.));
#19443 = ADVANCED_FACE('',(#19444),#19455,.F.);
#19444 = FACE_BOUND('',#19445,.F.);
#19445 = EDGE_LOOP('',(#19446,#19452,#19453,#19454));
#19446 = ORIENTED_EDGE('',*,*,#19447,.T.);
#19447 = EDGE_CURVE('',#2502,#7234,#19448,.T.);
#19448 = LINE('',#19449,#19450);
#19449 = CARTESIAN_POINT('',(-11.68802922447,1.232253458089,0.));
#19450 = VECTOR('',#19451,1.);
#19451 = DIRECTION('',(0.,0.,1.));
#19452 = ORIENTED_EDGE('',*,*,#7241,.T.);
#19453 = ORIENTED_EDGE('',*,*,#19413,.F.);
#19454 = ORIENTED_EDGE('',*,*,#2509,.F.);
#19455 = PLANE('',#19456);
#19456 = AXIS2_PLACEMENT_3D('',#19457,#19458,#19459);
#19457 = CARTESIAN_POINT('',(-11.68802922447,1.232253458089,0.));
#19458 = DIRECTION('',(0.203144616314,-0.979148745014,0.));
#19459 = DIRECTION('',(-0.979148745014,-0.203144616314,0.));
#19460 = ADVANCED_FACE('',(#19461),#19472,.F.);
#19461 = FACE_BOUND('',#19462,.F.);
#19462 = EDGE_LOOP('',(#19463,#19464,#19465,#19471));
#19463 = ORIENTED_EDGE('',*,*,#19432,.T.);
#19464 = ORIENTED_EDGE('',*,*,#7177,.T.);
#19465 = ORIENTED_EDGE('',*,*,#19466,.F.);
#19466 = EDGE_CURVE('',#2446,#7178,#19467,.T.);
#19467 = LINE('',#19468,#19469);
#19468 = CARTESIAN_POINT('',(-9.839627240243,2.386914488009,0.));
#19469 = VECTOR('',#19470,1.);
#19470 = DIRECTION('',(0.,0.,1.));
#19471 = ORIENTED_EDGE('',*,*,#2445,.F.);
#19472 = PLANE('',#19473);
#19473 = AXIS2_PLACEMENT_3D('',#19474,#19475,#19476);
#19474 = CARTESIAN_POINT('',(-9.731749091528,2.794402372519,0.));
#19475 = DIRECTION('',(0.966697182428,-0.255922952246,0.));
#19476 = DIRECTION('',(-0.255922952246,-0.966697182428,0.));
#19477 = ADVANCED_FACE('',(#19478),#19489,.F.);
#19478 = FACE_BOUND('',#19479,.F.);
#19479 = EDGE_LOOP('',(#19480,#19486,#19487,#19488));
#19480 = ORIENTED_EDGE('',*,*,#19481,.T.);
#19481 = EDGE_CURVE('',#2494,#7226,#19482,.T.);
#19482 = LINE('',#19483,#19484);
#19483 = CARTESIAN_POINT('',(-11.52557289742,1.25751456162,0.));
#19484 = VECTOR('',#19485,1.);
#19485 = DIRECTION('',(0.,0.,1.));
#19486 = ORIENTED_EDGE('',*,*,#7233,.T.);
#19487 = ORIENTED_EDGE('',*,*,#19447,.F.);
#19488 = ORIENTED_EDGE('',*,*,#2501,.F.);
#19489 = PLANE('',#19490);
#19490 = AXIS2_PLACEMENT_3D('',#19491,#19492,#19493);
#19491 = CARTESIAN_POINT('',(-11.52557289742,1.25751456162,0.));
#19492 = DIRECTION('',(0.15364832758,-0.988125594969,0.));
#19493 = DIRECTION('',(-0.988125594969,-0.15364832758,0.));
#19494 = ADVANCED_FACE('',(#19495),#19506,.F.);
#19495 = FACE_BOUND('',#19496,.F.);
#19496 = EDGE_LOOP('',(#19497,#19498,#19499,#19505));
#19497 = ORIENTED_EDGE('',*,*,#19466,.T.);
#19498 = ORIENTED_EDGE('',*,*,#7185,.T.);
#19499 = ORIENTED_EDGE('',*,*,#19500,.F.);
#19500 = EDGE_CURVE('',#2454,#7186,#19501,.T.);
#19501 = LINE('',#19502,#19503);
#19502 = CARTESIAN_POINT('',(-9.930450964083,1.975289510413,0.));
#19503 = VECTOR('',#19504,1.);
#19504 = DIRECTION('',(0.,0.,1.));
#19505 = ORIENTED_EDGE('',*,*,#2453,.F.);
#19506 = PLANE('',#19507);
#19507 = AXIS2_PLACEMENT_3D('',#19508,#19509,#19510);
#19508 = CARTESIAN_POINT('',(-9.839627240243,2.386914488009,0.));
#19509 = DIRECTION('',(0.976511747182,-0.215464167822,0.));
#19510 = DIRECTION('',(-0.215464167822,-0.976511747182,0.));
#19511 = ADVANCED_FACE('',(#19512),#19523,.F.);
#19512 = FACE_BOUND('',#19513,.F.);
#19513 = EDGE_LOOP('',(#19514,#19520,#19521,#19522));
#19514 = ORIENTED_EDGE('',*,*,#19515,.T.);
#19515 = EDGE_CURVE('',#2486,#7218,#19516,.T.);
#19516 = LINE('',#19517,#19518);
#19517 = CARTESIAN_POINT('',(-11.36411067247,1.272524038201,0.));
#19518 = VECTOR('',#19519,1.);
#19519 = DIRECTION('',(0.,0.,1.));
#19520 = ORIENTED_EDGE('',*,*,#7225,.T.);
#19521 = ORIENTED_EDGE('',*,*,#19481,.F.);
#19522 = ORIENTED_EDGE('',*,*,#2493,.F.);
#19523 = PLANE('',#19524);
#19524 = AXIS2_PLACEMENT_3D('',#19525,#19526,#19527);
#19525 = CARTESIAN_POINT('',(-11.36411067247,1.272524038201,0.));
#19526 = DIRECTION('',(9.256060782806E-02,-0.995707052239,0.));
#19527 = DIRECTION('',(-0.995707052239,-9.256060782806E-02,0.));
#19528 = ADVANCED_FACE('',(#19529),#19540,.F.);
#19529 = FACE_BOUND('',#19530,.F.);
#19530 = EDGE_LOOP('',(#19531,#19532,#19533,#19539));
#19531 = ORIENTED_EDGE('',*,*,#19500,.T.);
#19532 = ORIENTED_EDGE('',*,*,#7193,.T.);
#19533 = ORIENTED_EDGE('',*,*,#19534,.F.);
#19534 = EDGE_CURVE('',#2462,#7194,#19535,.T.);
#19535 = LINE('',#19536,#19537);
#19536 = CARTESIAN_POINT('',(-10.00406284383,1.560240884163,0.));
#19537 = VECTOR('',#19538,1.);
#19538 = DIRECTION('',(0.,0.,1.));
#19539 = ORIENTED_EDGE('',*,*,#2461,.F.);
#19540 = PLANE('',#19541);
#19541 = AXIS2_PLACEMENT_3D('',#19542,#19543,#19544);
#19542 = CARTESIAN_POINT('',(-9.930450964083,1.975289510413,0.));
#19543 = DIRECTION('',(0.984633783772,-0.174631932516,0.));
#19544 = DIRECTION('',(-0.174631932516,-0.984633783772,0.));
#19545 = ADVANCED_FACE('',(#19546),#19557,.F.);
#19546 = FACE_BOUND('',#19547,.F.);
#19547 = EDGE_LOOP('',(#19548,#19554,#19555,#19556));
#19548 = ORIENTED_EDGE('',*,*,#19549,.T.);
#19549 = EDGE_CURVE('',#2478,#7210,#19550,.T.);
#19550 = LINE('',#19551,#19552);
#19551 = CARTESIAN_POINT('',(-11.20428235645,1.272398745244,0.));
#19552 = VECTOR('',#19553,1.);
#19553 = DIRECTION('',(0.,0.,1.));
#19554 = ORIENTED_EDGE('',*,*,#7217,.T.);
#19555 = ORIENTED_EDGE('',*,*,#19515,.F.);
#19556 = ORIENTED_EDGE('',*,*,#2485,.F.);
#19557 = PLANE('',#19558);
#19558 = AXIS2_PLACEMENT_3D('',#19559,#19560,#19561);
#19559 = CARTESIAN_POINT('',(-11.20428235645,1.272398745244,0.));
#19560 = DIRECTION('',(-7.839219114672E-04,-0.999999692733,0.));
#19561 = DIRECTION('',(-0.999999692733,7.839219114672E-04,0.));
#19562 = ADVANCED_FACE('',(#19563),#19574,.F.);
#19563 = FACE_BOUND('',#19564,.F.);
#19564 = EDGE_LOOP('',(#19565,#19566,#19567,#19573));
#19565 = ORIENTED_EDGE('',*,*,#19534,.T.);
#19566 = ORIENTED_EDGE('',*,*,#7201,.T.);
#19567 = ORIENTED_EDGE('',*,*,#19568,.F.);
#19568 = EDGE_CURVE('',#2470,#7202,#19569,.T.);
#19569 = LINE('',#19570,#19571);
#19570 = CARTESIAN_POINT('',(-10.06033529252,1.14248798769,0.));
#19571 = VECTOR('',#19572,1.);
#19572 = DIRECTION('',(0.,0.,1.));
#19573 = ORIENTED_EDGE('',*,*,#2469,.F.);
#19574 = PLANE('',#19575);
#19575 = AXIS2_PLACEMENT_3D('',#19576,#19577,#19578);
#19576 = CARTESIAN_POINT('',(-10.00406284383,1.560240884163,0.));
#19577 = DIRECTION('',(0.991049214768,-0.133497018349,0.));
#19578 = DIRECTION('',(-0.133497018349,-0.991049214768,0.));
#19579 = ADVANCED_FACE('',(#19580),#19586,.F.);
#19580 = FACE_BOUND('',#19581,.F.);
#19581 = EDGE_LOOP('',(#19582,#19583,#19584,#19585));
#19582 = ORIENTED_EDGE('',*,*,#19568,.T.);
#19583 = ORIENTED_EDGE('',*,*,#7209,.T.);
#19584 = ORIENTED_EDGE('',*,*,#19549,.F.);
#19585 = ORIENTED_EDGE('',*,*,#2477,.F.);
#19586 = PLANE('',#19587);
#19587 = AXIS2_PLACEMENT_3D('',#19588,#19589,#19590);
#19588 = CARTESIAN_POINT('',(-10.06033529252,1.14248798769,0.));
#19589 = DIRECTION('',(-0.112838319772,-0.993613362224,0.));
#19590 = DIRECTION('',(-0.993613362224,0.112838319772,0.));
#19591 = ADVANCED_FACE('',(#19592),#19603,.F.);
#19592 = FACE_BOUND('',#19593,.F.);
#19593 = EDGE_LOOP('',(#19594,#19595,#19601,#19602));
#19594 = ORIENTED_EDGE('',*,*,#9570,.F.);
#19595 = ORIENTED_EDGE('',*,*,#19596,.F.);
#19596 = EDGE_CURVE('',#4839,#9571,#19597,.T.);
#19597 = LINE('',#19598,#19599);
#19598 = CARTESIAN_POINT('',(3.006,-7.362576556474E-16,0.));
#19599 = VECTOR('',#19600,1.);
#19600 = DIRECTION('',(0.,0.,1.));
#19601 = ORIENTED_EDGE('',*,*,#4838,.T.);
#19602 = ORIENTED_EDGE('',*,*,#19596,.T.);
#19603 = CYLINDRICAL_SURFACE('',#19604,3.006);
#19604 = AXIS2_PLACEMENT_3D('',#19605,#19606,#19607);
#19605 = CARTESIAN_POINT('',(0.,0.,0.));
#19606 = DIRECTION('',(0.,0.,1.));
#19607 = DIRECTION('',(1.,0.,-0.));
#19608 = ( GEOMETRIC_REPRESENTATION_CONTEXT(3) 
GLOBAL_UNCERTAINTY_ASSIGNED_CONTEXT((#19612)) 
GLOBAL_UNIT_ASSIGNED_CONTEXT((#19609,#19610,#19611)) 
REPRESENTATION_CONTEXT('Context #1',
  '3D Context with UNIT and UNCERTAINTY') );
#19609 = ( LENGTH_UNIT() NAMED_UNIT(*) SI_UNIT(.MILLI.,.METRE.) );
#19610 = ( NAMED_UNIT(*) PLANE_ANGLE_UNIT() SI_UNIT($,.RADIAN.) );
#19611 = ( NAMED_UNIT(*) SI_UNIT($,.STERADIAN.) SOLID_ANGLE_UNIT() );
#19612 = UNCERTAINTY_MEASURE_WITH_UNIT(LENGTH_MEASURE(1.E-07),#19609,
  'distance_accuracy_value','confusion accuracy');
#19613 = PRODUCT_RELATED_PRODUCT_CATEGORY('part',$,(#7));
ENDSEC;
END-ISO-10303-21;
